Actual,Predicted_Prob
1.0,0.9208977570490123
0.0,0.8162084944026003
1.0,0.508676312872658
0.0,0.030380226109693556
1.0,0.7780674630705207
0.0,0.8871768170331011
1.0,0.549827740147595
1.0,0.8695922087164472
1.0,0.5220522832048018
0.0,0.4549060001392047
1.0,0.7116756387243071
1.0,0.6840732103804804
1.0,0.8526957328922935
1.0,0.1714902896196192
1.0,0.9065947643404749
1.0,0.6333314368292207
0.0,0.4468341360269542
0.0,0.07728814291371626
1.0,0.6249471070486214
1.0,0.8472856427370217
0.0,0.5447038185065209
1.0,0.8934669150646004
0.0,0.6960539974368002
0.0,0.6207436490141953
0.0,0.7787788784191656
1.0,0.5569182098697169
0.0,0.5739759897020442
0.0,0.6012854551139912
1.0,0.6651057650691357
1.0,0.3848519025884779
0.0,0.4002025360846641
1.0,0.41336168780497057
1.0,0.6944558844875091
1.0,0.7941025965361902
1.0,0.5135731157336938
1.0,0.9305000253793383
0.0,0.0933015813748684
0.0,0.054633262881263606
1.0,0.9069000581360787
0.0,0.5490413454090256
1.0,0.6396651914014186
1.0,0.8167219363946812
0.0,0.6496525491023659
0.0,0.8418748905640643
1.0,0.7417323156886212
1.0,0.8758695534712403
0.0,0.3061797253852822
1.0,0.6253753035398965
1.0,0.7179587963650543
0.0,0.9071808311884983
1.0,0.5588651789712262
1.0,0.8043487920893635
1.0,0.7679666042668367
1.0,0.6359277005545724
1.0,0.7651810180906966
1.0,0.4255578427253821
0.0,0.035086778555344186
1.0,0.6312366957279305
0.0,0.681537938660072
1.0,0.8868118141401264
1.0,0.42835296170225656
0.0,0.0781556766832965
0.0,0.06291732599083937
1.0,0.6489463950261044
0.0,0.5105140368913911
1.0,0.5415765047812823
0.0,0.1141374450961142
0.0,0.7205620467643767
1.0,0.816505021768237
1.0,0.8528278098823191
0.0,0.058699008875856704
1.0,0.6548070418225498
1.0,0.7152036838812389
0.0,0.10795914095159309
1.0,0.6199775253426024
0.0,0.8109664388945546
1.0,0.5171686592581526
1.0,0.798263126172435
1.0,0.744239072845093
1.0,0.8321473772317785
1.0,0.8066172809059672
0.0,0.8298806775777314
1.0,0.9255639820278163
0.0,0.03013964278076495
1.0,0.584546373678188
0.0,0.6357670717124899
1.0,0.8653897246522536
0.0,0.15805171406997626
0.0,0.06069745903086968
1.0,0.3435149758923461
0.0,0.501213644519051
1.0,0.8992560598323738
0.0,0.22864173469306368
0.0,0.05667717885270303
0.0,0.32687565307931
0.0,0.05474285720159435
1.0,0.06299382649463205
1.0,0.5659506232700875
0.0,0.058208725236286576
0.0,0.03416648634172583
1.0,0.8589365467844025
0.0,0.48041583065140747
1.0,0.5454943966693876
0.0,0.12904741506986775
1.0,0.7749476458224884
1.0,0.8678172411733598
1.0,0.18173783363400509
1.0,0.9021739488151952
0.0,0.8452160979012073
1.0,0.2897197592909245
1.0,0.7964809495859846
0.0,0.153310335243349
0.0,0.5563704812449456
1.0,0.7307479146339328
1.0,0.6145280516235289
1.0,0.7953621865452826
0.0,0.10369683695474857
1.0,0.4182490538906112
1.0,0.721385491603547
0.0,0.05854281589404391
0.0,0.4757070336402981
1.0,0.8561526359087132
0.0,0.1010280512342503
1.0,0.3842319025885224
1.0,0.901505758650605
0.0,0.462144491907307
1.0,0.8152461642716192
0.0,0.11846958038515713
1.0,0.7269174810653002
0.0,0.6816658352744032
0.0,0.5675370261525211
0.0,0.23356480309537103
0.0,0.17162974747905893
0.0,0.11822989330479493
0.0,0.08193388367989614
0.0,0.08363042848163961
1.0,0.7245134257520902
0.0,0.41658935535021496
1.0,0.6660819766288317
0.0,0.26114481932001066
1.0,0.8534716917258179
1.0,0.7175328713670047
1.0,0.8515522328303955
1.0,0.1387187348818973
0.0,0.08298533366513483
1.0,0.9230962360230843
1.0,0.61275853421367
1.0,0.777799469828341
1.0,0.7839113806406557
1.0,0.5972850245768492
0.0,0.15519490432581248
0.0,0.4316272237944664
0.0,0.16818052781282786
0.0,0.6354654541911399
1.0,0.6460751311828907
0.0,0.3534555421141626
0.0,0.0386171189743542
1.0,0.5596061455297848
1.0,0.7631274766762883
1.0,0.48297637995650305
1.0,0.8845694996465175
0.0,0.0810027364803599
1.0,0.14626424591743112
1.0,0.8972121133533693
1.0,0.8828871225371537
1.0,0.7269231549853953
0.0,0.4476858624515603
1.0,0.8217339600471242
1.0,0.7208919255743591
0.0,0.3431306390947395
1.0,0.7820848703977028
1.0,0.19192964326497763
0.0,0.14308853828584342
1.0,0.5892085704897544
0.0,0.4340292292771218
1.0,0.6353665047389192
1.0,0.7570018404946459
0.0,0.03210025473899026
0.0,0.1178845546409162
0.0,0.08796449446682517
1.0,0.47545262824780943
0.0,0.678609000598339
1.0,0.30602372438995185
1.0,0.6271142454904556
1.0,0.6200374529617221
1.0,0.7209565030771603
0.0,0.05644627048032138
1.0,0.5630988558589691
0.0,0.5566588023450589
0.0,0.4900334110613686
0.0,0.0770926567133991
0.0,0.5458518747955292
0.0,0.1748212929273844
1.0,0.7688654581733068
1.0,0.8737961166294482
1.0,0.9238598934903915
1.0,0.62512148293672
1.0,0.7712646492017
1.0,0.9100980449476067
1.0,0.5829566834638588
1.0,0.7941720627077686
0.0,0.019370295313970543
1.0,0.5258717307412752
1.0,0.7731833608832075
1.0,0.7694501717851597
1.0,0.13987918722080053
1.0,0.24095808151235537
1.0,0.8070269054028568
1.0,0.6087004077090691
0.0,0.30683115810224754
1.0,0.613325730713122
1.0,0.8428126716117422
0.0,0.0534522776220934
1.0,0.8070963064905183
0.0,0.4389741571580078
1.0,0.7627183847288663
0.0,0.12466201179309797
0.0,0.23526211051169915
1.0,0.7303413480573339
0.0,0.17535924361183036
1.0,0.32412908703129045
1.0,0.8648250770812529
0.0,0.0663654207064108
0.0,0.1754645285646825
1.0,0.7253530731580659
0.0,0.5039014224725302
0.0,0.14168979899471565
1.0,0.8454734389740325
0.0,0.14451637370738554
1.0,0.4537688420009496
0.0,0.5659506232700875
0.0,0.19501451587415497
1.0,0.5703089954192981
0.0,0.5647410367969964
1.0,0.34219733801198116
0.0,0.16434608270904982
1.0,0.844664401758864
1.0,0.8665599027832973
1.0,0.8802352231796549
1.0,0.2725562405607633
1.0,0.3816261018191694
0.0,0.371830073869711
0.0,0.023872974979511578
0.0,0.13977837746099409
1.0,0.7079754759351051
1.0,0.6121424967729432
1.0,0.7612240166982219
1.0,0.879550410453248
1.0,0.6017090058344802
1.0,0.7391451548096504
1.0,0.7729238461213244
0.0,0.041269717964859794
1.0,0.8532543315340088
1.0,0.8045631316507377
1.0,0.24416250958903907
1.0,0.7162244657937316
0.0,0.705444619960253
1.0,0.9145496035850594
1.0,0.623225913167115
1.0,0.7175546189170862
0.0,0.575538869470183
0.0,0.7634191162317945
1.0,0.1961551295924908
1.0,0.8518157516794829
1.0,0.400878230759035
1.0,0.8297249430442608
1.0,0.7964326311378129
1.0,0.6034077147894127
1.0,0.793893645051082
1.0,0.426045953389184
1.0,0.49593223125056607
1.0,0.7151592847238388
0.0,0.7173018669392143
1.0,0.3055065517864469
0.0,0.02615386745469677
1.0,0.721545240659253
0.0,0.10439427089231404
1.0,0.4507286758468253
0.0,0.18634158289456998
0.0,0.32284820104479284
1.0,0.7767128876324358
1.0,0.7966495989104293
1.0,0.24788236140051914
1.0,0.8874764143533086
1.0,0.2529029417368584
0.0,0.11258367105103884
1.0,0.7635738037854811
0.0,0.4572547058777013
1.0,0.9148277561975292
0.0,0.09480143251603916
0.0,0.7490469683310227
1.0,0.43019470317919667
1.0,0.8610477842374082
0.0,0.8618680019931637
1.0,0.14984527977009846
0.0,0.13710739729095806
1.0,0.6300005903404211
0.0,0.1668335355337659
1.0,0.8997284377808744
1.0,0.8610261074536738
1.0,0.5737212782000509
0.0,0.06836946467448034
1.0,0.7704102335026708
1.0,0.7456595504665394
0.0,0.5202885897508459
0.0,0.12095200060252728
0.0,0.0531289428970085
0.0,0.6403814310612004
1.0,0.6799636910789806
0.0,0.030586891406698753
1.0,0.7746202121117234
0.0,0.7986417616005137
1.0,0.7991812650176773
0.0,0.8404240270632668
1.0,0.863981111656536
0.0,0.17249363938972048
1.0,0.7767267808668958
0.0,0.0460476505472296
1.0,0.8611795208312394
0.0,0.5312725442661099
0.0,0.3102211224187268
0.0,0.13667135893708338
0.0,0.16169791273212675
1.0,0.7964973990974517
0.0,0.7763693751396584
0.0,0.08799924215838183
1.0,0.9053370057463294
1.0,0.2598505922529848
1.0,0.7098376090096783
1.0,0.8992058793093959
0.0,0.5718466622310433
0.0,0.28769840424483956
0.0,0.2326907788220112
1.0,0.731989112858155
0.0,0.6345685800744707
0.0,0.5097920326346775
0.0,0.11221399167891861
0.0,0.09189065996099892
1.0,0.4816200775650165
0.0,0.043499271438426
1.0,0.5779048443557859
1.0,0.7709930614220396
1.0,0.7599506511100693
1.0,0.7911885305758171
1.0,0.806605799182978
1.0,0.6636060192136616
1.0,0.8234290186261632
0.0,0.6862802566453005
1.0,0.648987708079889
1.0,0.41629720356402616
1.0,0.7148999688918048
1.0,0.8610453193718947
1.0,0.7747288763520203
0.0,0.031182841432656122
0.0,0.08030669323335675
1.0,0.8942814799091252
1.0,0.618346454126923
1.0,0.9232132645051387
1.0,0.6536877164366873
0.0,0.8322417308655408
1.0,0.056247536219152884
1.0,0.8198307809604929
0.0,0.10465484871650906
0.0,0.629049215266759
1.0,0.8528278098823191
1.0,0.4817187333669959
1.0,0.5141241933674733
1.0,0.9047541369364298
0.0,0.29252234625642326
1.0,0.687088404158763
0.0,0.8848986965298575
1.0,0.5851726439586744
0.0,0.10719116053623025
1.0,0.6717443287414321
1.0,0.5722020512500359
1.0,0.6042099079318617
0.0,0.02771841585643304
1.0,0.6749908479925082
1.0,0.8972193187952276
0.0,0.22927112171513178
1.0,0.30812158264795025
1.0,0.8911183459368164
1.0,0.866452033629834
1.0,0.7409564293042946
0.0,0.08718930560133985
0.0,0.062412180267861404
1.0,0.8750170955220009
0.0,0.5049551838298412
1.0,0.5811575103088704
0.0,0.07447431284772978
1.0,0.7342783374264922
1.0,0.6342371935257052
1.0,0.6776790344971909
0.0,0.7143813480152844
1.0,0.7818102102691205
0.0,0.2385302621965188
0.0,0.05609632761646722
0.0,0.42055587028352237
1.0,0.8710738282495745
0.0,0.05466055239039033
0.0,0.21182898659759372
1.0,0.7254593962414527
0.0,0.143766035100388
0.0,0.059975115079159154
0.0,0.4075177578284073
0.0,0.04647182023464498
0.0,0.3432477676270626
0.0,0.08041052019648799
1.0,0.7966885639770137
0.0,0.6308358375804435
1.0,0.6628592857845234
1.0,0.801391590799207
1.0,0.5109004405556384
0.0,0.1284647942151159
0.0,0.18213589381063713
1.0,0.8052245760418537
0.0,0.8096204467942562
0.0,0.2317704532863083
1.0,0.81271565616915
0.0,0.10682230792744157
0.0,0.35463186070000796
0.0,0.14829900017692524
1.0,0.899874007641972
0.0,0.2029297095531763
0.0,0.02329957534832771
1.0,0.679818536051388
1.0,0.7351491611900353
0.0,0.5757805570590574
0.0,0.35462880684200593
0.0,0.16295183156407603
1.0,0.3990266552876718
1.0,0.8790691520899452
1.0,0.525137304954591
1.0,0.7017973121430017
1.0,0.10785630405240984
0.0,0.15298376194072172
0.0,0.1177637576795415
0.0,0.6598851393455648
0.0,0.4709139473546323
1.0,0.8902166993607169
0.0,0.2564908764584193
0.0,0.6220746355285635
1.0,0.8345569657344392
0.0,0.037325883251828944
1.0,0.3884237643148354
0.0,0.7551219318466821
0.0,0.5449667349537944
0.0,0.6992217505257529
0.0,0.5642687404829811
1.0,0.6782390230448837
0.0,0.0628533772823115
1.0,0.6988470397762904
1.0,0.7747967888888924
1.0,0.8634958920570973
0.0,0.821597778248873
0.0,0.3911581502991309
0.0,0.032382629663801975
1.0,0.7206943051722443
0.0,0.6980439429168317
1.0,0.8424056972000165
1.0,0.33654225516324016
1.0,0.8010148646940171
0.0,0.18880675137661782
1.0,0.8833906128065524
1.0,0.7498451099672573
0.0,0.3535390222947537
1.0,0.7522348936913175
1.0,0.2868703609768959
0.0,0.5550622408562942
1.0,0.9116082444780811
0.0,0.6170070527149787
0.0,0.10883569209100181
0.0,0.34489522258994054
0.0,0.05386147259446313
0.0,0.1394570512861318
1.0,0.6485384362511302
1.0,0.6497369880366447
0.0,0.4328496910784621
0.0,0.5270507023163087
0.0,0.14967865913326045
1.0,0.6791128093664455
1.0,0.8365026575288205
1.0,0.8443318781615312
1.0,0.5567552293401187
1.0,0.8933680300863179
1.0,0.8400275538528709
0.0,0.0645486205330459
1.0,0.6504040827317975
0.0,0.6831733068424066
1.0,0.20715825118497747
1.0,0.6396520399479805
0.0,0.19365558143428066
0.0,0.5769725404536542
1.0,0.40011852470726017
0.0,0.5794729488553702
0.0,0.8299357749557261
0.0,0.2652297681128588
1.0,0.5259335757901268
0.0,0.1564971587126479
0.0,0.4654152970037134
1.0,0.3122579957961688
1.0,0.43915356160525454
0.0,0.22886186570486175
0.0,0.14333111762198394
1.0,0.721690598844672
1.0,0.5330022821896706
0.0,0.23875048318209885
1.0,0.8315430077675938
1.0,0.4803733700978824
1.0,0.8177956942446988
1.0,0.7598326003904691
0.0,0.1421130261698876
1.0,0.31934608503279577
0.0,0.6235014726013282
1.0,0.7373542210768123
0.0,0.13738898391095253
0.0,0.18744351527518954
1.0,0.706588626219023
1.0,0.865686320837761
1.0,0.5182444572744325
1.0,0.9246111540156055
0.0,0.6373469990326548
1.0,0.8266735748669536
0.0,0.7070239295128724
1.0,0.8700551727096002
1.0,0.6451283141851177
1.0,0.6433657562188304
1.0,0.7946656542040462
0.0,0.06374455221781047
1.0,0.9113601590146765
0.0,0.07991613957358598
0.0,0.10161505800865253
1.0,0.35838251218588835
1.0,0.5878182618706245
1.0,0.760810939745911
0.0,0.11149195582265639
1.0,0.9210711447777933
0.0,0.4589230000949996
1.0,0.8319706232763413
1.0,0.7449263262050895
0.0,0.28454413871455975
1.0,0.40323957728811566
0.0,0.24409444775286185
0.0,0.2740140258014563
1.0,0.8270344214889731
1.0,0.5924581794476654
1.0,0.8631727093001934
1.0,0.3032451174371193
0.0,0.49765735866318167
1.0,0.8197202584834193
0.0,0.019488697690811567
0.0,0.504577710270146
1.0,0.20187608292202078
1.0,0.6483936690858227
1.0,0.34105586776283153
1.0,0.630442833812385
1.0,0.8154598259622673
1.0,0.6756749906544767
0.0,0.16618244513179675
0.0,0.14079280300159763
0.0,0.36081288780424103
1.0,0.5198395230561416
1.0,0.7768718583054739
1.0,0.9171050863322454
0.0,0.21092207993165757
0.0,0.8044470486460059
0.0,0.13391404253273598
0.0,0.03303216943109083
1.0,0.720228849007926
0.0,0.4161538108517034
1.0,0.761174288579355
1.0,0.7111578019444561
0.0,0.3129245678170702
1.0,0.5690042337509211
0.0,0.49909968539353033
0.0,0.0782826660251057
1.0,0.9107794975776856
1.0,0.919886719435687
1.0,0.8445734327222337
0.0,0.6443850798536234
0.0,0.6044129687688952
1.0,0.5964888080856877
1.0,0.910135187042972
0.0,0.15542794263617177
0.0,0.09418725804846627
0.0,0.03496631153851106
1.0,0.8878088414843657
0.0,0.10783351674056177
1.0,0.6605466631628564
1.0,0.7030594269738621
1.0,0.8880042444161979
1.0,0.5087276838252539
1.0,0.669530389753027
1.0,0.4741488867346221
0.0,0.33317194195202754
0.0,0.49703896480216775
1.0,0.7675942333569697
1.0,0.12199866021729792
0.0,0.7613610551985537
0.0,0.38671968441503785
0.0,0.2750639720979178
0.0,0.6344473768795822
1.0,0.25605851535761665
0.0,0.02771841585643304
0.0,0.4407109798830928
1.0,0.7334341056575541
0.0,0.09400032415566607
1.0,0.20459980290251617
0.0,0.030380226109693556
1.0,0.869299460470137
1.0,0.3476535344257182
1.0,0.5360872410151629
1.0,0.8715783113373431
0.0,0.40868903525364547
1.0,0.6323380239293542
1.0,0.6176132223747823
1.0,0.7541029418637293
1.0,0.8598187006494721
0.0,0.3152412521754841
1.0,0.7142617019771467
1.0,0.7917762423834446
0.0,0.1946348604052348
1.0,0.8574008061133512
0.0,0.47629966370441684
1.0,0.20327583237306002
1.0,0.5769808425501055
0.0,0.08062891991354246
0.0,0.016802785092595644
1.0,0.6368149302179879
1.0,0.26994673184519463
1.0,0.6908465389992423
1.0,0.36961887320278164
1.0,0.7790057351333302
1.0,0.17317507625232875
1.0,0.6623526165223808
0.0,0.7210449720396988
1.0,0.20281795632484662
0.0,0.6696168080369732
0.0,0.8350177522511529
0.0,0.7433466387709382
0.0,0.41127320053053784
1.0,0.8715170157767103
1.0,0.855158776095785
1.0,0.5047389606186485
0.0,0.38686368423486417
0.0,0.07125638198251213
1.0,0.4832466752649752
1.0,0.7556029608257039
0.0,0.6344043930843649
0.0,0.23483348338261006
0.0,0.056127692757135736
0.0,0.6810141639708622
0.0,0.5418145460371774
0.0,0.06532499249956905
0.0,0.2137469916178083
1.0,0.8870495944888082
0.0,0.20445206619365602
1.0,0.7616225938637616
1.0,0.9001421573446304
1.0,0.6741734721544885
0.0,0.11975733638862739
0.0,0.09466551976614229
1.0,0.7205288292371561
0.0,0.06393343080306371
1.0,0.879973023293603
1.0,0.5785866445025553
0.0,0.08270474471167415
1.0,0.22934097947816526
0.0,0.1109750358964499
0.0,0.15608808124267684
0.0,0.03195157401888635
0.0,0.8151628990662704
0.0,0.6001033189523421
1.0,0.3824590503640901
1.0,0.44925900033496496
0.0,0.553942742446092
1.0,0.6070787444097094
0.0,0.508404427924905
0.0,0.17661555147627836
0.0,0.491967655950136
1.0,0.7045394702477208
0.0,0.07512868679853316
0.0,0.049762120840415945
0.0,0.39738466317832977
0.0,0.1622123419282637
1.0,0.6571097534468175
1.0,0.8397356461317343
1.0,0.8903338857791446
1.0,0.7691155469518917
1.0,0.6964214386914311
1.0,0.6010910227871059
1.0,0.4949683100895961
0.0,0.599447622368664
1.0,0.4514793482389922
0.0,0.07386532998910142
0.0,0.31229504644517525
0.0,0.6560016333274096
1.0,0.7171141082187203
0.0,0.359057557604833
0.0,0.028507103297429434
0.0,0.35477712065911887
1.0,0.8724372841283052
1.0,0.682039069848375
1.0,0.8101874807131816
1.0,0.48990562889096884
0.0,0.25860632485902746
0.0,0.2819401084322879
0.0,0.11650495631235781
1.0,0.8385100384724559
1.0,0.8413790495558277
1.0,0.6335690197652362
0.0,0.16062253902830664
0.0,0.09126546077786478
1.0,0.549380758921906
1.0,0.7527106418727567
1.0,0.5979739347233806
1.0,0.9196431290333573
0.0,0.19244275824219909
0.0,0.6831564087992955
0.0,0.09638713332023803
0.0,0.058877526921360494
1.0,0.5233316237933439
0.0,0.02033932403811961
0.0,0.07415862136834993
0.0,0.22783917918123625
0.0,0.3151814774017941
1.0,0.3785023624283087
1.0,0.6308521923960122
1.0,0.9164051965546501
0.0,0.42707352343324384
0.0,0.6121946152711746
0.0,0.05016004522321039
1.0,0.8488212411344714
1.0,0.7937789553260319
0.0,0.4742121720731265
1.0,0.7150036347497979
1.0,0.7818900394018636
1.0,0.16994338706589968
1.0,0.5571349954312819
0.0,0.8072881543383938
1.0,0.6513277318970442
1.0,0.09669492059240466
1.0,0.9095978214895458
0.0,0.034986356688321285
1.0,0.3250155898224418
1.0,0.6450480403386412
1.0,0.8818515471761953
1.0,0.5452783629000392
1.0,0.5643935635117403
1.0,0.11888089493092388
1.0,0.09311645133197867
0.0,0.8451041712194007
1.0,0.6873160146636628
0.0,0.25709080922749605
0.0,0.14419110173044258
1.0,0.5746501951135818
1.0,0.8274251958034377
1.0,0.43637125932952053
0.0,0.15874030894458643
1.0,0.5773936460554341
0.0,0.43528902827366844
1.0,0.663004769405546
1.0,0.5372568153371232
1.0,0.2835994190049472
1.0,0.4829186409382596
1.0,0.8852773394495143
1.0,0.19379310165671587
0.0,0.34151171604651576
0.0,0.6247095292133489
0.0,0.2330382236316942
1.0,0.4720602974774974
1.0,0.8230994408478769
0.0,0.4894974515408714
0.0,0.053554599917792683
1.0,0.855310670860399
0.0,0.24120172203486884
1.0,0.7661867159735162
1.0,0.5881621732170954
0.0,0.6762783016926556
1.0,0.7316281900015695
0.0,0.5175687569325231
0.0,0.592876658377452
1.0,0.8456848264957901
0.0,0.48622329165855993
0.0,0.7057409300508994
1.0,0.8586123612419667
0.0,0.3023727177958102
0.0,0.026535109376413506
0.0,0.5205369166342633
1.0,0.9260566993125167
0.0,0.12699058462059015
0.0,0.5046830489297968
1.0,0.2134459368259826
1.0,0.5408887192235693
1.0,0.842576704584238
1.0,0.7654376313933592
0.0,0.4102805874221841
1.0,0.8992491711945544
1.0,0.44437373249222323
1.0,0.5126072484133781
0.0,0.6010114129055752
0.0,0.5673092047181074
0.0,0.44238591952266954
0.0,0.10160682432287983
1.0,0.8501015781489859
0.0,0.20598916544685422
1.0,0.6838307519253909
1.0,0.6387040589124849
0.0,0.10730568303932711
1.0,0.8377502074968202
0.0,0.03952791688758501
0.0,0.13739370916428476
0.0,0.8560275690039526
1.0,0.8473617521970129
0.0,0.2508453908117948
1.0,0.8620112998014468
1.0,0.735583496946904
1.0,0.04659620262726539
0.0,0.5297104375854745
0.0,0.42368807231845557
0.0,0.030380226109693556
1.0,0.7447036233063229
0.0,0.5720818109283319
1.0,0.649100667867098
1.0,0.6774276026734994
0.0,0.328939041719297
0.0,0.14870014144094174
1.0,0.8424715771234547
1.0,0.14270883022093309
1.0,0.790320080746009
0.0,0.5553203732413874
1.0,0.8693391459169479
1.0,0.5292576874942245
1.0,0.7629646690584139
1.0,0.7812491764476504
0.0,0.16423447688645113
0.0,0.3668914575985589
1.0,0.8070851013716008
1.0,0.5313286618615873
1.0,0.878585781395311
0.0,0.7490895587284483
1.0,0.937279561788407
1.0,0.9280895986851743
0.0,0.24994724500733806
1.0,0.435396830778035
1.0,0.5739881151196599
1.0,0.7427157814520317
1.0,0.5621048076430185
0.0,0.4948877634209154
1.0,0.8404574918458552
1.0,0.606129477219027
0.0,0.14887025263570816
1.0,0.6269681543815062
1.0,0.7626422141599368
0.0,0.5162082796679367
0.0,0.7065378075767761
1.0,0.8342846309124011
1.0,0.8776422978017119
1.0,0.3059660863759229
0.0,0.4440009918332702
1.0,0.844781153939205
1.0,0.7670495353677412
1.0,0.23292804555071261
0.0,0.1679383875330413
0.0,0.23687639472140767
0.0,0.0905658216579286
1.0,0.47683916076251753
1.0,0.32778119466016115
1.0,0.8398202361253969
0.0,0.8914896238956803
0.0,0.7592170428256843
0.0,0.6604410841937846
1.0,0.7196969985328104
0.0,0.06311229254602593
1.0,0.8309860625925078
0.0,0.8200999056138346
0.0,0.43700783041564484
0.0,0.05160311345098824
0.0,0.24563235458665178
0.0,0.13357714677381863
0.0,0.07555087420309926
0.0,0.0921005299745193
0.0,0.17193649508113437
0.0,0.042442995226461604
0.0,0.026376566354182417
0.0,0.09506459578292183
0.0,0.2581745803769223
1.0,0.9002646779051056
0.0,0.05186229769333743
1.0,0.8010792681622567
0.0,0.7074785035870217
1.0,0.6661470580513911
1.0,0.5241075640799526
1.0,0.8983795694100042
0.0,0.07958338519521269
0.0,0.8284964464120047
0.0,0.20508421148927497
1.0,0.6057621093583323
1.0,0.5413777172253303
0.0,0.1563054491282527
0.0,0.795792967668273
0.0,0.6857096042187747
0.0,0.11877198200873974
0.0,0.07042821063238738
1.0,0.6282373289708482
0.0,0.35536092988835416
0.0,0.27683823417265974
0.0,0.6896368665991001
0.0,0.2811739685694491
0.0,0.6484816134969978
1.0,0.7057716932989886
0.0,0.6329362820690397
1.0,0.5076045615770871
0.0,0.4305411404661516
0.0,0.13848658572623337
1.0,0.8926190907880318
0.0,0.17051006727474785
1.0,0.7593454994546981
0.0,0.3443756830467275
1.0,0.8510924666004508
1.0,0.6843793960549255
1.0,0.7628813354387343
0.0,0.08772608099595382
1.0,0.7171657083979056
0.0,0.03513628419639071
1.0,0.8019175090632434
0.0,0.022728816472690972
0.0,0.6098556836256861
1.0,0.6876830035129982
1.0,0.8785864757962647
1.0,0.7625579592281663
1.0,0.647399448533006
0.0,0.19916827143312754
0.0,0.1494655249504738
1.0,0.9265988537074337
0.0,0.2247549403642141
0.0,0.10775554210896954
1.0,0.8763001255150312
0.0,0.5506789203072828
0.0,0.17578865699738633
1.0,0.6636483332175376
0.0,0.2967594398969332
1.0,0.8842503359744278
0.0,0.06522987416197758
1.0,0.8149479259832274
0.0,0.548875677547627
1.0,0.5199562898971086
1.0,0.7699538979227248
0.0,0.26176031280678025
1.0,0.5305249418653613
1.0,0.8054576232360043
1.0,0.4027506955439526
0.0,0.16402066716695013
0.0,0.651658765825093
1.0,0.5172105152691769
1.0,0.8109710240120432
1.0,0.8842674742101333
0.0,0.6419144127457478
0.0,0.11451763503905682
1.0,0.4081554675655422
0.0,0.1471172336429101
0.0,0.6671859336844644
0.0,0.2762332920163329
1.0,0.6798872968647136
1.0,0.6969123769441741
1.0,0.7661717206675415
0.0,0.05895571150193112
1.0,0.7809195192724147
0.0,0.7824483307868073
1.0,0.4497468593573204
0.0,0.543606499187106
0.0,0.3571073298694352
1.0,0.5502403446966304
0.0,0.7474729608665766
1.0,0.5267646690795846
1.0,0.8630060918389987
1.0,0.8389249217657474
1.0,0.42808265729426886
0.0,0.8731708454415671
0.0,0.5296709534656543
1.0,0.296009964953101
1.0,0.1669022453814441
1.0,0.8601502866885183
1.0,0.8503690075513567
0.0,0.586934472466587
1.0,0.4828656618409763
0.0,0.023432685246267515
1.0,0.40313168034792823
1.0,0.7282450642006792
1.0,0.6683972370956521
1.0,0.6383256752540847
0.0,0.6397105075528997
0.0,0.5718932989322781
0.0,0.4272603630429751
1.0,0.8384669711782076
0.0,0.26621675850494786
0.0,0.36789576772316607
1.0,0.7925989075250645
1.0,0.646507713856308
0.0,0.19888950421381119
1.0,0.8919126560857924
1.0,0.7561587669828749
0.0,0.7430969956369041
0.0,0.032382629663801975
1.0,0.8359311773579243
0.0,0.7786638781407099
1.0,0.2704317207928959
0.0,0.5201261802408499
1.0,0.7697023467161292
0.0,0.561167875461892
0.0,0.16151694617657367
0.0,0.2724623834666968
1.0,0.5928014520240537
1.0,0.774771614984007
1.0,0.6634351657963912
0.0,0.07640444554020763
1.0,0.37393353476421703
1.0,0.7470193978309824
1.0,0.680755715659945
0.0,0.0599829215796913
1.0,0.8086442171696957
1.0,0.6207266656582218
1.0,0.8955712268031408
0.0,0.5779048443557859
1.0,0.8355446092418569
1.0,0.8080284980996474
1.0,0.6168293415870162
1.0,0.6796402516279412
1.0,0.6860909371319319
0.0,0.10602547814469289
1.0,0.6598446279228565
0.0,0.37886151474001806
1.0,0.8251876811150536
0.0,0.9084996227416411
0.0,0.1066704863605296
0.0,0.2532819950130971
1.0,0.2503170784538723
1.0,0.7848716262832616
0.0,0.17612412407309894
0.0,0.15411407492730572
0.0,0.30162956989595596
1.0,0.8015621130407308
1.0,0.7438460461405914
1.0,0.8149551812193305
0.0,0.5110899448212818
1.0,0.7422811024536395
1.0,0.8019723935176029
0.0,0.6270679931203765
0.0,0.02327007708165096
1.0,0.15413953005396008
0.0,0.8746662974304648
1.0,0.7768574811410369
1.0,0.819107149168728
0.0,0.15354482083133575
0.0,0.5751736778514894
1.0,0.31337851643790315
1.0,0.8453807348329567
0.0,0.8013570960137752
0.0,0.27836896595221006
1.0,0.5555109452461354
1.0,0.5412907093377256
1.0,0.07257926913900101
1.0,0.536904810215519
1.0,0.7790551059351388
1.0,0.6750794887309092
1.0,0.862185032125273
1.0,0.9168797042386791
0.0,0.09421312454433561
0.0,0.05904524066772248
1.0,0.5671989392240644
1.0,0.3219123079708989
1.0,0.8343740862247696
0.0,0.08148114620292982
1.0,0.8752609735346499
0.0,0.44013323461556986
0.0,0.4389683482961308
1.0,0.7724754637617667
1.0,0.7709314360593643
0.0,0.07065613495829969
0.0,0.16030615359020703
0.0,0.5756271978279524
1.0,0.6828466561028921
0.0,0.08500924441666911
0.0,0.6147526956559367
0.0,0.25040805877639755
1.0,0.26406039962188516
0.0,0.40785179364492086
0.0,0.47820372823559076
0.0,0.05115448942901832
0.0,0.4070245733610396
0.0,0.021506160477160644
0.0,0.05888790069063579
0.0,0.3584392406823395
1.0,0.6127118025043341
1.0,0.8811822278937553
0.0,0.7062031627541667
1.0,0.900764300035212
0.0,0.5633797952508158
0.0,0.8601756051442293
1.0,0.6616651157775781
1.0,0.7155549048575971
0.0,0.23557763838632695
1.0,0.6374638685908115
1.0,0.6045781201875915
0.0,0.7505442555544113
0.0,0.1567319467917807
0.0,0.6748492380542551
0.0,0.05645648234166959
0.0,0.43317354494749266
1.0,0.5728788652900637
0.0,0.09623387689682406
0.0,0.7291894441422504
1.0,0.6546136844891491
0.0,0.7387994287166285
0.0,0.08630697808935757
1.0,0.7926471643326973
1.0,0.8707709241985624
0.0,0.211323740820121
0.0,0.43212457996437204
0.0,0.3699326060950326
0.0,0.4187106751305579
1.0,0.8762456300493164
1.0,0.8805561970807737
0.0,0.12436754633374571
1.0,0.6946171889012797
1.0,0.7053933537697912
0.0,0.547079594805625
1.0,0.8923887872586762
1.0,0.8751156972027245
1.0,0.18969102925092607
1.0,0.6887020484034178
0.0,0.17182296809748412
1.0,0.9202901529124279
1.0,0.580808329389114
0.0,0.564041992184627
1.0,0.6767026668243041
0.0,0.0842709919137217
0.0,0.10192794702768458
0.0,0.5295118668891887
1.0,0.5991031690505675
1.0,0.6132637388743045
0.0,0.5542403239149621
0.0,0.14829900017692524
0.0,0.12265988268376657
1.0,0.14292905097508682
1.0,0.7085417574445027
0.0,0.0989296839485921
1.0,0.7617052158140846
0.0,0.6193702790840894
0.0,0.1917837999878367
0.0,0.26249085834656055
1.0,0.28993812519901746
0.0,0.06909150097894523
0.0,0.49324903386686536
0.0,0.04466428528088212
0.0,0.0617187749818347
0.0,0.6084246761621647
0.0,0.11520142214727423
1.0,0.8737436393208805
0.0,0.10843875317752172
1.0,0.5236551480957652
0.0,0.11667156095999948
0.0,0.13796869186261762
1.0,0.7907421927507251
0.0,0.30349503413953466
1.0,0.5664860878120929
0.0,0.04081051591890862
0.0,0.09891009916717769
0.0,0.13621681329294438
0.0,0.7250694505980545
1.0,0.819166631925918
0.0,0.07314083341978311
0.0,0.1848531197444355
1.0,0.35937919417109027
1.0,0.8120867940078337
0.0,0.5251460536239974
0.0,0.07349208872864314
1.0,0.359397034408459
0.0,0.024951878582343934
0.0,0.22128080999407554
1.0,0.7674926643628721
1.0,0.8233018402681322
0.0,0.10512176432420156
1.0,0.05854281589404391
1.0,0.8643419241710218
0.0,0.1920515530241665
1.0,0.5138386887543216
1.0,0.8140934493702173
0.0,0.17802970194158904
0.0,0.12358966102626112
1.0,0.4588445435637059
1.0,0.20870788101091234
0.0,0.8133084152140276
1.0,0.47954526960624017
0.0,0.026169940151554653
0.0,0.5674938778581478
0.0,0.3299726740482261
0.0,0.0599981154235657
0.0,0.14032109323617353
1.0,0.7351346582819002
0.0,0.09812276836196779
1.0,0.5781707929377404
1.0,0.5375241264690258
1.0,0.5412284878411231
0.0,0.05609632761646722
0.0,0.06547083938179957
0.0,0.13626303404223722
0.0,0.0779949907494165
1.0,0.2701906561990547
0.0,0.6882309584956879
0.0,0.11280381219690558
0.0,0.6501063989545663
1.0,0.7113241435842466
0.0,0.07358908320931191
1.0,0.7803487789735507
0.0,0.802353771764421
1.0,0.6716985228306813
1.0,0.8606021518916832
1.0,0.8670844971041156
1.0,0.14252105058421258
0.0,0.26927511789256625
1.0,0.8657944298325945
0.0,0.47194794698416215
1.0,0.20977622492291761
1.0,0.6137147194919196
0.0,0.35242054162944547
0.0,0.03734925236556619
0.0,0.6638412708185054
0.0,0.07440568805571035
1.0,0.5346632730661144
0.0,0.2536327927213027
0.0,0.2170328312969738
1.0,0.39541475323158015
1.0,0.4219120190373721
1.0,0.729592076254575
1.0,0.5554960471192414
1.0,0.8728979469047513
1.0,0.9055163888467803
1.0,0.7403097226405706
1.0,0.89004430825069
0.0,0.784729711007751
0.0,0.03779596273083644
0.0,0.10480393195692907
0.0,0.06338062258532894
0.0,0.7986075635715958
1.0,0.7358757682144178
0.0,0.037704796050141286
1.0,0.7870595232249166
0.0,0.5756154975772515
1.0,0.6616131605286372
0.0,0.30317319383021984
0.0,0.13447250062460459
0.0,0.43471956983515153
0.0,0.8650852151401383
1.0,0.8823385739760542
1.0,0.41852220166011056
1.0,0.5736513697073757
1.0,0.6839443440659935
1.0,0.8539496088406711
1.0,0.6192044304314085
1.0,0.7848788625693441
0.0,0.07297968376041168
1.0,0.8121913170194917
1.0,0.7039461570637311
1.0,0.6019220337073227
1.0,0.6122994547245677
0.0,0.09663162034723422
0.0,0.1064586716455664
1.0,0.9014284981922978
0.0,0.05274630901856132
1.0,0.5175263315144413
0.0,0.3115252416220486
1.0,0.1728572281489929
1.0,0.5898755847440855
1.0,0.7531673801266543
0.0,0.05011628244544704
0.0,0.4963889920445863
1.0,0.7900500056664106
1.0,0.5638868139790293
1.0,0.9071851302861901
0.0,0.6021798107587101
0.0,0.30162956989595596
0.0,0.4028496477827288
0.0,0.09757083432996101
0.0,0.6654370095403026
0.0,0.0715611862341451
0.0,0.3680519246226378
0.0,0.7802471355488022
1.0,0.48861289404464253
1.0,0.40562881897319203
1.0,0.6537472408267594
0.0,0.1557784271737017
0.0,0.028902809891434712
1.0,0.917322468368974
1.0,0.7810010976041889
0.0,0.07439011929992793
1.0,0.8158310777913107
0.0,0.199988730081229
1.0,0.8547057136663543
0.0,0.7469057383317786
1.0,0.650319687906021
0.0,0.10703527085604135
1.0,0.7819256156857156
0.0,0.31175778495253287
0.0,0.48266262986046915
1.0,0.6639305633890775
1.0,0.9056173235139858
1.0,0.8032078444816396
0.0,0.12385959450451386
0.0,0.16227600978677975
0.0,0.02805772072882331
0.0,0.2209739722985387
0.0,0.030380226109693556
1.0,0.5054717439062695
1.0,0.7187241503345413
1.0,0.2474648112917851
1.0,0.6030802412403338
1.0,0.6871255387042164
1.0,0.8866847113387702
0.0,0.5790559580019856
1.0,0.24074739559571157
1.0,0.45188750545954237
0.0,0.24283980775237957
1.0,0.41290875952055967
0.0,0.4154592671496244
1.0,0.9326362283979122
0.0,0.045040467414865726
1.0,0.6484265420210011
1.0,0.4295589267121866
0.0,0.3858349801339027
0.0,0.4547883608689801
0.0,0.0663335131002041
1.0,0.8555540135940238
0.0,0.5781179678723893
1.0,0.8155939838844961
1.0,0.3070971651005053
0.0,0.8242823622402619
1.0,0.9323376109269917
0.0,0.45521334396711616
0.0,0.08937582935604077
0.0,0.06472451017544456
1.0,0.744384968621871
1.0,0.9038982374853128
0.0,0.022728816472690972
0.0,0.28974378777079385
1.0,0.8477921674870366
1.0,0.8093787405384368
1.0,0.6979538869443204
1.0,0.6001401788149026
0.0,0.06888013747961684
0.0,0.49281525064150594
0.0,0.367616532069273
1.0,0.8292329382877499
0.0,0.2469074844785376
0.0,0.05725828406654731
1.0,0.770796662492711
0.0,0.8146045170756759
1.0,0.7777031089897147
0.0,0.30432014017747916
0.0,0.2841863189539266
0.0,0.1882701393781788
0.0,0.8915236866433656
0.0,0.1154213080783783
0.0,0.9353708181319709
0.0,0.47920103422936955
1.0,0.8667112142128592
0.0,0.030380226109693556
1.0,0.8115538326662012
1.0,0.8889283813932631
0.0,0.09170755536129174
0.0,0.11310344904035015
0.0,0.06867316472015388
1.0,0.681378575729558
1.0,0.7718942439682958
1.0,0.6737484376078469
0.0,0.8389185706968865
0.0,0.5447241139013418
0.0,0.07143573797233871
0.0,0.3357832694973196
0.0,0.19773817748053438
1.0,0.5773076291629093
0.0,0.2728012977007999
1.0,0.6314012697336983
1.0,0.8171016120517657
1.0,0.9325949562087432
1.0,0.8325951989933821
0.0,0.6381271215935649
1.0,0.924762511134675
1.0,0.5803859834811365
1.0,0.37640499286285095
1.0,0.6988908758741273
1.0,0.2591518674576073
1.0,0.5360773988060056
0.0,0.3506193805545196
1.0,0.3181085128779834
1.0,0.898577051748148
0.0,0.16461406944027202
1.0,0.6969828486063553
1.0,0.4793721335249847
0.0,0.5677849649796736
1.0,0.8024986115172831
0.0,0.021929677434081633
1.0,0.22597740424770696
1.0,0.8174851472256364
1.0,0.7611218335637702
0.0,0.4384655087717
0.0,0.6795042853936325
1.0,0.3991535876315114
1.0,0.8132923497946483
1.0,0.7591472115478741
1.0,0.4557034955123964
0.0,0.023581877230735057
1.0,0.604302375422074
0.0,0.1796263627635434
0.0,0.04819181006445285
0.0,0.06276605676279769
1.0,0.8517715943090024
1.0,0.1429857703195382
0.0,0.3509103236960071
1.0,0.4482939704058677
0.0,0.6777928736172137
1.0,0.6692888491110583
1.0,0.7981998149666477
0.0,0.12309115575186888
1.0,0.8727198881154657
1.0,0.5167632425784366
1.0,0.6977973617954432
1.0,0.7075057725623927
1.0,0.8178787808339075
0.0,0.11978789689560765
1.0,0.7462360989972101
0.0,0.38274911166327996
1.0,0.7785197733441894
0.0,0.1289576228041457
0.0,0.28245428792003846
1.0,0.773372579254565
1.0,0.11433628478003462
0.0,0.30444479083826137
1.0,0.9343563599276276
0.0,0.5613074144949195
1.0,0.5586529882167105
0.0,0.4899154930205386
0.0,0.886291568127091
0.0,0.8066522546182305
1.0,0.5113885447925071
1.0,0.32261635720163223
0.0,0.05673818569829829
0.0,0.019020115699755015
0.0,0.3526105033534615
0.0,0.04004088581637213
0.0,0.3056498696584333
0.0,0.29280776687145754
0.0,0.09760233303025656
1.0,0.8891173470298969
1.0,0.4750862042987699
0.0,0.1874506720283935
0.0,0.9135402555506427
0.0,0.06994226649306216
1.0,0.910493005986144
0.0,0.3808598428372561
0.0,0.19335936896492711
0.0,0.037932893488102984
1.0,0.8685950642522026
1.0,0.8522918343432941
1.0,0.7122714916396184
1.0,0.7032170620159195
0.0,0.0801612293247496
1.0,0.6935638578843379
1.0,0.36495452952810076
0.0,0.7165828458453001
0.0,0.7840679768692417
1.0,0.24524720486550647
1.0,0.7431038037017789
1.0,0.6957536453779275
0.0,0.23518624572060268
1.0,0.8670389449119981
1.0,0.8558362622193914
1.0,0.7983586570263148
1.0,0.37502910151193886
0.0,0.1865277050552968
1.0,0.804118470007579
1.0,0.34793861045506114
0.0,0.5896848681661467
0.0,0.1418296045781148
1.0,0.909819688557684
1.0,0.8474382534733047
0.0,0.033131296677484136
1.0,0.7633435315757343
1.0,0.8167422692327787
1.0,0.8910577440238764
0.0,0.4777901184061945
1.0,0.7538077074682642
0.0,0.21998970370971904
1.0,0.8733279137873976
1.0,0.7103864920805817
1.0,0.7816889093840048
1.0,0.6890672503547156
1.0,0.8449860512302715
0.0,0.29062427261442825
1.0,0.2786685875218253
0.0,0.5478678863923626
1.0,0.8194341347455505
1.0,0.5965255894432537
1.0,0.5844125366967754
1.0,0.23665613255623233
1.0,0.19186275550517976
1.0,0.8917213950705822
1.0,0.7751783520419281
1.0,0.8374297704109538
1.0,0.8682457947819904
1.0,0.792150012318067
0.0,0.6177098524270728
1.0,0.9127952037510126
0.0,0.22379612087157277
1.0,0.23268987989915638
1.0,0.8487325997612186
0.0,0.4643804233546033
1.0,0.3839685858953394
1.0,0.8259706618507602
0.0,0.07237721063321542
1.0,0.8891325308134626
0.0,0.16500847678862846
0.0,0.054668851175384496
1.0,0.9139344904572709
0.0,0.04316555308120781
1.0,0.7179964297395238
0.0,0.5092729404364428
0.0,0.046836505445353525
0.0,0.5198132226994225
1.0,0.4939564330471804
1.0,0.8456499414944973
1.0,0.8111221707980905
0.0,0.8126772209330685
0.0,0.70356485658658
1.0,0.8589588289823425
0.0,0.44514097643232536
1.0,0.46160892474209625
1.0,0.46476486358638797
1.0,0.5626051640248632
1.0,0.8070033557206012
1.0,0.7767515682604683
0.0,0.12530405233090866
0.0,0.47679431398664934
0.0,0.03889010797378318
1.0,0.5595753755308119
1.0,0.8970229202322076
1.0,0.7070484231976795
0.0,0.42345256872362924
1.0,0.851325118108816
0.0,0.11573967720478819
1.0,0.7002664967894876
0.0,0.07273038116923188
0.0,0.7577442833119643
0.0,0.1328392137786855
1.0,0.38229621510595757
0.0,0.4208194492353499
1.0,0.8292807509721971
0.0,0.051523375776288044
0.0,0.3499669011518772
0.0,0.09624323371473155
0.0,0.08446374824376233
0.0,0.4170424729005715
1.0,0.8905460741168467
0.0,0.02983313191031599
0.0,0.03769979863907143
1.0,0.7571114154139162
0.0,0.5484858438546536
1.0,0.8570410914539262
0.0,0.1374268667120305
0.0,0.13699612572700134
0.0,0.6516799633043212
0.0,0.6996403693146755
0.0,0.07042315217859785
0.0,0.299081065769163
1.0,0.7039264798020014
0.0,0.27344780041141126
0.0,0.036094530749645345
1.0,0.7900892267318239
0.0,0.04882862150351984
0.0,0.2993563495644502
1.0,0.5211411006760095
1.0,0.8468045672709194
0.0,0.15225522843642578
0.0,0.44577384728206515
1.0,0.8718286310883343
0.0,0.5837534172348454
0.0,0.6873238169602303
0.0,0.12644137799512778
1.0,0.15957920338163126
1.0,0.7779847425789951
1.0,0.8345441250935357
1.0,0.8626781576581581
1.0,0.7370740954945494
1.0,0.8838441650096504
1.0,0.650603026537133
1.0,0.6487715522278744
0.0,0.7255764207200044
1.0,0.583899017976906
1.0,0.4923012928070047
0.0,0.5814336194250354
0.0,0.7717126240473361
1.0,0.7019919149317088
0.0,0.11450955307848387
1.0,0.7112696309164116
1.0,0.7116706021355038
0.0,0.3186514923847222
1.0,0.736842934189535
0.0,0.10849175540696
1.0,0.7146088745448146
0.0,0.1809200801284044
1.0,0.886772805376523
0.0,0.3565655087740944
1.0,0.7441215401111684
0.0,0.04040787915374897
1.0,0.7932251610261122
0.0,0.0413093063555367
1.0,0.8519445639855528
0.0,0.019530921841016513
1.0,0.7932670588578513
0.0,0.5191226963495806
1.0,0.8541537381526877
1.0,0.8233567486038569
1.0,0.757711313643801
0.0,0.8319198022227378
1.0,0.8723823495182771
0.0,0.09778714490928647
0.0,0.820362088920367
1.0,0.6379487718712349
1.0,0.5999870227049909
0.0,0.05781938428331558
0.0,0.0983900419129842
1.0,0.7851870357914263
1.0,0.7273158146180009
1.0,0.7605385557969825
1.0,0.8519404710579145
1.0,0.8037745724732756
1.0,0.3622495748833325
0.0,0.6923614640843414
1.0,0.8167581347680843
1.0,0.7593148747847329
1.0,0.7912153715123487
1.0,0.654103113163209
1.0,0.7309071020296634
0.0,0.5357355636439384
0.0,0.3339156426020875
0.0,0.23439689138551262
0.0,0.03274339124920121
1.0,0.46249704879800835
0.0,0.21108804569998427
1.0,0.1804409781670688
0.0,0.159067687093227
0.0,0.36170991316440826
0.0,0.5808451083879547
1.0,0.5763909244017072
1.0,0.26288331749472976
1.0,0.8285614861513761
0.0,0.5564758752942219
1.0,0.5876943690816281
0.0,0.08889147486949976
1.0,0.7682279943428086
1.0,0.8082658785676887
0.0,0.057822696379228926
1.0,0.9167888230307235
0.0,0.5358055313891814
0.0,0.07555087420309926
0.0,0.7333817832570461
1.0,0.6830217480980225
0.0,0.7262403735509193
1.0,0.09555441886727642
0.0,0.891289042690718
1.0,0.7541271619994778
1.0,0.823657779425409
1.0,0.5346318206727643
1.0,0.36676525235981383
1.0,0.8679663514387284
0.0,0.11297208714543731
0.0,0.5872572170234612
0.0,0.27076696809131756
0.0,0.07485314174250218
1.0,0.7891588621748031
1.0,0.7678291824006263
1.0,0.7027243305728601
1.0,0.8238917203481942
1.0,0.8656270766191055
0.0,0.18501789805760868
0.0,0.38848999698968883
1.0,0.6379420420732337
1.0,0.7806075270394764
0.0,0.4626503956164676
0.0,0.10345099678191001
0.0,0.3501533209081032
0.0,0.34564592803009775
0.0,0.3728885930828007
1.0,0.3219194638752333
1.0,0.4473201710425527
0.0,0.16722677101822947
0.0,0.6164020178278135
1.0,0.6291045465244279
0.0,0.2546593464477432
0.0,0.4345456272453707
0.0,0.3610109933387782
0.0,0.03733228445838616
0.0,0.17393590314475602
1.0,0.873376674710502
0.0,0.6401314944944773
1.0,0.12850327088996802
1.0,0.8289313973141312
0.0,0.034714754811722905
1.0,0.8607611420801926
1.0,0.40432920767899977
0.0,0.4355993926969033
1.0,0.6697511289387494
0.0,0.18518486994688169
1.0,0.587559790931008
0.0,0.39160698263994415
1.0,0.8028546990964676
1.0,0.913682744995356
1.0,0.8249555202208637
0.0,0.7229202614708461
0.0,0.08035979939639461
0.0,0.37617916809864127
1.0,0.6289494614897704
1.0,0.8375001755988105
0.0,0.19506154701582376
0.0,0.3560339146681386
0.0,0.7083153065934876
1.0,0.23633226053837605
0.0,0.7378837531007643
0.0,0.45773067603619827
0.0,0.09689168907018939
0.0,0.05147926678328368
1.0,0.8681362200943823
0.0,0.0932248941147189
1.0,0.23258148274248316
0.0,0.42399699163256155
0.0,0.05868833523076279
1.0,0.8158592232280979
1.0,0.8603233322112275
0.0,0.22673981667849716
1.0,0.9112473523964786
0.0,0.05667717885270303
1.0,0.41118494108060316
0.0,0.03766761639700645
1.0,0.8564043704543207
0.0,0.16608017122887875
0.0,0.7520188227352322
0.0,0.298767977839561
1.0,0.8787497008168487
0.0,0.4367004422782199
0.0,0.46710843669002183
1.0,0.7755955197892596
1.0,0.1461271530781969
1.0,0.7944836386234395
1.0,0.7581015443571869
1.0,0.8767146590076851
0.0,0.07860797548484345
0.0,0.20407022948402345
1.0,0.2945508121590964
0.0,0.02771841585643304
1.0,0.6448101935372016
0.0,0.11315700208083124
0.0,0.36498046419458213
1.0,0.691295628917415
0.0,0.2802474439309692
0.0,0.07518615790946734
0.0,0.7669265743607719
0.0,0.04329581368928346
0.0,0.07728814291371626
1.0,0.8017754906091337
1.0,0.8937296852847382
0.0,0.869227946277406
0.0,0.14424493916563344
0.0,0.14702233921810456
0.0,0.17913508303996514
0.0,0.5874383879696282
0.0,0.8470221726852956
0.0,0.2083890727222674
0.0,0.07871815994130621
0.0,0.08894406436782566
1.0,0.6481517341554833
0.0,0.3818899053542893
0.0,0.6977627840708521
0.0,0.023648172875845534
0.0,0.15028951214423036
0.0,0.2640260359854681
0.0,0.10844020237635325
1.0,0.516208700279043
1.0,0.7823974961276248
1.0,0.753161738611953
1.0,0.6796369992552841
0.0,0.2518490798403111
0.0,0.11687806265277063
0.0,0.5196700643541416
1.0,0.8881644882612907
1.0,0.8066511964190125
1.0,0.41393515112177187
0.0,0.1872010399653726
1.0,0.7832360734861422
1.0,0.9146286120093127
0.0,0.19830974305724847
1.0,0.7956024874538745
1.0,0.5297867231816429
1.0,0.8687363147865823
0.0,0.024906087216697154
1.0,0.5629731377408357
0.0,0.7387430423503777
1.0,0.5415488786593088
0.0,0.6386555993584759
1.0,0.729833826649027
1.0,0.6571244419327033
0.0,0.025745521209376163
1.0,0.509442470920538
0.0,0.05884881132010578
1.0,0.9150928554242787
1.0,0.09803483686133413
1.0,0.6516325593318585
0.0,0.8848242353126612
1.0,0.3789415947676553
1.0,0.8125405959206291
1.0,0.6695731696541299
1.0,0.9121193985890598
0.0,0.08682971722613606
1.0,0.5890680026744135
1.0,0.13619937129261822
1.0,0.5674125312467418
1.0,0.7859928482827763
0.0,0.07790527479043566
1.0,0.5680248461403287
0.0,0.11252293332676092
1.0,0.8780493818050374
0.0,0.04742449000529543
1.0,0.5990137141640477
1.0,0.27367832127314573
1.0,0.6852372414682206
1.0,0.7171231828953107
0.0,0.6896230750303257
0.0,0.07603918194636496
1.0,0.8663908516257328
0.0,0.12306788493959234
1.0,0.42503609222436095
1.0,0.8019099937427644
1.0,0.23685009419920006
1.0,0.8696405112518857
1.0,0.6296691901884883
0.0,0.15553390557490868
1.0,0.8948415946497679
0.0,0.05679325516010544
1.0,0.8767358467699821
1.0,0.8540510515434107
1.0,0.7471646934053527
0.0,0.6440834288663753
1.0,0.42258856662970634
1.0,0.29725816746959893
0.0,0.2241883934077576
0.0,0.049737242801489355
0.0,0.3257985680921649
1.0,0.5993881209966073
0.0,0.14150797461623182
0.0,0.05863726537236385
1.0,0.14802536934570723
0.0,0.5105026289170393
1.0,0.4382964177958347
0.0,0.14996731246634618
0.0,0.3911206382792295
0.0,0.050216648971123386
1.0,0.40629436172074135
1.0,0.4345129775782019
1.0,0.4219114000375368
1.0,0.8134060963323629
0.0,0.6525836097150872
0.0,0.8556597831775505
0.0,0.2550958747156103
0.0,0.5989722430536316
0.0,0.19408170945470263
0.0,0.7236335124170419
1.0,0.5262161576998847
1.0,0.7100506507633463
0.0,0.03669592232426187
0.0,0.11939191674937849
1.0,0.746606825807742
0.0,0.8006760575014358
0.0,0.23653038620348033
0.0,0.1557784271737017
1.0,0.7943420020163116
1.0,0.7635139633741853
0.0,0.0785938609405955
1.0,0.835286706851355
1.0,0.5141662753143464
0.0,0.3785023624283087
1.0,0.35209522447884906
0.0,0.06934715180479512
0.0,0.061759515946092636
1.0,0.6754288445876168
0.0,0.5260666905638691
1.0,0.8098837734212677
1.0,0.7642289089348743
1.0,0.6624180666631956
0.0,0.26461601866692747
1.0,0.3137580730872774
0.0,0.6877217278488348
1.0,0.9016344456554933
0.0,0.11380699573102629
1.0,0.905644139963848
1.0,0.7276309199246525
1.0,0.9024940609506185
0.0,0.08773350764956074
0.0,0.07432208403297723
1.0,0.7911758697101041
0.0,0.047857336790256534
0.0,0.037313085317364394
0.0,0.5384243021377569
0.0,0.6500637094042891
1.0,0.8395668478855153
0.0,0.0947998290285766
1.0,0.7221227915613695
1.0,0.6013533091646456
1.0,0.3260293819361362
1.0,0.8999787028789868
1.0,0.7994255024156406
0.0,0.17705692746585014
0.0,0.11942319755604344
0.0,0.0703079805802257
0.0,0.35402645840345026
1.0,0.38568704927290803
1.0,0.6994475406790315
1.0,0.8766389422982239
1.0,0.8905244920756058
1.0,0.7004924317983746
1.0,0.8727809693232286
1.0,0.5674300972475793
1.0,0.47336393305770147
0.0,0.8188141602589573
0.0,0.8825755888601537
0.0,0.7366369336064451
0.0,0.4032027236757227
1.0,0.15289134874981777
1.0,0.847661579381068
0.0,0.22549454754147882
1.0,0.8078529356101062
1.0,0.8643723458354394
1.0,0.7238089639214966
0.0,0.4842657825049288
0.0,0.44398015187516515
0.0,0.5565902778329059
0.0,0.5279413199954209
0.0,0.8142311401136131
1.0,0.814694699010173
0.0,0.029407186350307472
0.0,0.0347454488023572
1.0,0.9028034959028639
0.0,0.34741969280022345
0.0,0.4398202589013771
1.0,0.7834724656918558
0.0,0.30749320466341923
0.0,0.05934554806358476
1.0,0.5241025056809933
1.0,0.7750199721354096
1.0,0.6805941467957902
0.0,0.18279043684923782
0.0,0.26710049863470464
1.0,0.7407212410773729
0.0,0.34520692011473525
1.0,0.6985828897315872
1.0,0.16793724745248276
1.0,0.6133780920343167
0.0,0.7124641235775545
1.0,0.33751905228672935
1.0,0.2685106573109245
0.0,0.3048797896998982
0.0,0.07464996697521617
1.0,0.6055394101223865
1.0,0.43482525707543584
0.0,0.4235978731151052
0.0,0.6691973036784328
0.0,0.06409258716962599
1.0,0.8932375609944553
0.0,0.2719945124360131
0.0,0.5185035535593331
0.0,0.5440902812037779
1.0,0.918359516849841
1.0,0.863750426383687
1.0,0.680915758801595
1.0,0.49049950261601705
0.0,0.8295046576210192
1.0,0.7026228940423057
0.0,0.1786916456636263
0.0,0.0873938658807141
1.0,0.726640469707054
1.0,0.7865360993301775
1.0,0.7505097437013621
0.0,0.530569990222669
0.0,0.0762211819632733
0.0,0.07003223531806768
1.0,0.663576826165268
1.0,0.06888013747961684
1.0,0.6558622949915606
0.0,0.059010290980300376
1.0,0.835026901771335
0.0,0.2920710990866964
1.0,0.41126765938804477
1.0,0.49223258292163347
1.0,0.7758461291186104
0.0,0.38208719963440946
1.0,0.9152752166586022
0.0,0.02921592962328987
1.0,0.7450928509981981
1.0,0.7550921467768288
0.0,0.6199584077229334
1.0,0.8823851560562883
0.0,0.7528573711493127
1.0,0.5743701507585044
1.0,0.868986643457847
1.0,0.8231476112697692
1.0,0.43450101086922843
1.0,0.9345234922302459
0.0,0.12729164548312916
0.0,0.6324872426302655
1.0,0.8501691697068173
0.0,0.1851864067557788
1.0,0.8364391255128117
1.0,0.8657996368155874
1.0,0.7148631276654357
1.0,0.7735511797120561
0.0,0.23183319197533106
0.0,0.47371557534803244
1.0,0.7162070013341404
0.0,0.05941247531008049
0.0,0.28771416309522363
1.0,0.6993892427497858
1.0,0.5389635852762785
0.0,0.49200533921130285
1.0,0.3759521094194645
0.0,0.09513166929394681
0.0,0.35489597147621216
1.0,0.826722905124256
1.0,0.5395433368836098
1.0,0.9310424973680395
1.0,0.675514225808538
1.0,0.8523730876000999
0.0,0.5594115273334662
1.0,0.7037360925661108
1.0,0.4712389482423097
1.0,0.7151186524844659
0.0,0.6915381428721749
0.0,0.3752251170821088
0.0,0.27791912834565574
1.0,0.9070871445439541
0.0,0.8696868357727411
1.0,0.6576660194804369
1.0,0.7464340801146828
0.0,0.09273542095341811
0.0,0.7631086396633526
0.0,0.2156162111789078
1.0,0.7120263697574692
0.0,0.07549908968731478
0.0,0.18110375560780712
0.0,0.1123830350199035
1.0,0.8112268721358243
1.0,0.5145909172982311
0.0,0.304767984973325
1.0,0.683025178625038
0.0,0.6399715047749386
0.0,0.024676713116132714
0.0,0.18846374525620188
1.0,0.7043324656339188
0.0,0.3703092959321361
0.0,0.31437842334435373
0.0,0.5663053592557075
1.0,0.800246318606943
0.0,0.08144611815613073
1.0,0.6623162500745728
1.0,0.30916379275620515
0.0,0.02047942993021768
0.0,0.24615611374385996
1.0,0.48990707234289965
1.0,0.5736263850244789
1.0,0.868260798387578
0.0,0.14693025800774231
0.0,0.30355286766652056
0.0,0.25451761734031003
0.0,0.027014242228162528
1.0,0.4880576210486342
0.0,0.019105939246265177
1.0,0.7752046138664899
0.0,0.06288562398890507
1.0,0.5852777846700024
0.0,0.10536189485745494
0.0,0.7143555829074585
0.0,0.21889319560028442
1.0,0.8568180648952399
1.0,0.7262691712014654
1.0,0.6638332761656976
1.0,0.7225435697817091
0.0,0.697981003930966
1.0,0.5162608269294949
0.0,0.7472484516471175
1.0,0.7844242019928789
1.0,0.8562197271570341
1.0,0.8540066678723416
0.0,0.46561028944849636
0.0,0.7216125566409934
1.0,0.8522955754061162
1.0,0.6074056415062956
0.0,0.04024319374951451
1.0,0.8445013993808114
1.0,0.29762518777611585
1.0,0.43068937346571445
1.0,0.5168509064538535
1.0,0.6280968415523732
0.0,0.6767403255278023
0.0,0.13943517880108627
0.0,0.10594458424507602
1.0,0.857812074189137
1.0,0.8116384476217909
0.0,0.6569875520701465
0.0,0.10129113198758609
1.0,0.5593232333938462
1.0,0.8158289645677845
1.0,0.06671145694666185
0.0,0.8168330120596042
1.0,0.5015009467079751
0.0,0.05000045108286167
1.0,0.6249978950700014
0.0,0.6240773620182466
0.0,0.6914616018591069
0.0,0.3104690854635171
1.0,0.8572441021439935
0.0,0.46247217603249097
1.0,0.5563978744872408
1.0,0.6849693764840201
0.0,0.09555212833859898
0.0,0.5556203366840539
1.0,0.8613790058156089
1.0,0.7738006038677161
0.0,0.07444165399463414
0.0,0.3760352185172202
0.0,0.2132793802561945
0.0,0.308375334402214
0.0,0.1858258094260146
0.0,0.2805332499933357
1.0,0.7992105633275289
1.0,0.600440946187155
1.0,0.5538873361112222
1.0,0.8166300147717763
1.0,0.8009306736101535
0.0,0.026215277316809345
1.0,0.837256719795404
0.0,0.20844164654859898
0.0,0.13460015329418382
0.0,0.10821774703745407
0.0,0.06888013747961684
0.0,0.5811594006816816
1.0,0.6454220945710589
0.0,0.6007175770767909
1.0,0.6573593212065765
0.0,0.07696925042845972
0.0,0.06888013747961684
1.0,0.7663933054376341
0.0,0.564041992184627
1.0,0.7359714560218266
0.0,0.1360203649222326
1.0,0.6764363830129261
1.0,0.9179418382236528
0.0,0.14155307995419567
1.0,0.5086565284131553
1.0,0.8355329978622007
1.0,0.3398751016726501
0.0,0.7624435962681458
1.0,0.8230371539466217
0.0,0.17123898545528754
1.0,0.5996809520733197
1.0,0.08613306398789511
1.0,0.8777875923677162
1.0,0.6380996720249855
1.0,0.8714246318993755
0.0,0.31822310073807897
0.0,0.4463148544164564
1.0,0.8670338962126833
1.0,0.7479156757231868
0.0,0.08598771632950435
0.0,0.20538735312839815
0.0,0.4764241083045509
0.0,0.029443002642894914
0.0,0.46413586671682144
1.0,0.22495068076733865
0.0,0.19788469334551145
0.0,0.06730868713688387
1.0,0.7651540638694844
1.0,0.4527858927357038
1.0,0.742123125643391
0.0,0.03338694183791698
0.0,0.6961153646880919
0.0,0.067149680991157
0.0,0.6702723008406466
1.0,0.7678629711583438
1.0,0.7994631928780941
0.0,0.2832266607237241
1.0,0.7421167373983233
0.0,0.6589299892416531
0.0,0.03023926325303149
1.0,0.7427399369530949
0.0,0.060689850763248954
1.0,0.855639077666769
1.0,0.8857081686646664
1.0,0.8409555398172218
1.0,0.6896287404932537
0.0,0.15587301406932239
1.0,0.547079594805625
0.0,0.08423379813595712
1.0,0.43900182537924876
0.0,0.7347543861538215
0.0,0.08758995705133327
1.0,0.2981500288598017
1.0,0.7351019114470517
1.0,0.7564651428142384
0.0,0.5000256263269023
1.0,0.8228452617906397
1.0,0.6980944203410621
1.0,0.2980599090428151
0.0,0.7029402045898752
0.0,0.1898863231483881
0.0,0.4794020100756646
1.0,0.9022122932896561
1.0,0.4276117231670465
1.0,0.6805864760720485
1.0,0.8918195671529783
0.0,0.5938403346204699
0.0,0.35589439952649204
1.0,0.8282800555222781
1.0,0.7893499882884379
1.0,0.2426400567488624
0.0,0.42237590310993683
0.0,0.15697275252583895
1.0,0.8777402702944684
1.0,0.31992223752964244
0.0,0.06174281237686839
1.0,0.7519142597218318
0.0,0.1772815075269774
0.0,0.09439217041740125
1.0,0.6066084986420028
0.0,0.10723091907743913
0.0,0.3420526781931545
0.0,0.807292532693403
1.0,0.7248160242292518
0.0,0.05258217588887017
0.0,0.6836171562201536
0.0,0.1581825106502414
1.0,0.11532387622837675
1.0,0.7947859135266366
1.0,0.92478460915893
1.0,0.8465769099601799
0.0,0.3429230137843247
1.0,0.8980193595784043
0.0,0.7052136323587026
0.0,0.08859535271960604
1.0,0.5539552853252897
1.0,0.5869686463067908
0.0,0.3320757144627245
0.0,0.7313335214753977
1.0,0.7025173765637952
1.0,0.5746223480522623
0.0,0.8521160950070107
0.0,0.5037918138274449
0.0,0.07724168528567303
0.0,0.7414134176735382
0.0,0.6015163706285039
0.0,0.037479235145678226
0.0,0.6704681393242973
0.0,0.635304693229569
0.0,0.05772893460921419
1.0,0.8870915520688988
0.0,0.4623946712227122
1.0,0.7289177349948545
0.0,0.36684856792733644
0.0,0.5579751465721874
0.0,0.2643578489650626
1.0,0.7927042592944198
1.0,0.6853341423447475
1.0,0.34327608977523716
1.0,0.7622228996495182
1.0,0.59308498806131
0.0,0.12953231106704916
1.0,0.6770977651910255
0.0,0.15959768327250895
1.0,0.39012326244290907
1.0,0.39295458882636203
0.0,0.04821263228576996
0.0,0.04759666567996952
0.0,0.8322858683416637
0.0,0.031112774848586818
0.0,0.357908247879598
1.0,0.6320044359693745
0.0,0.6225875107815524
1.0,0.6186274660717024
0.0,0.7029291881241834
1.0,0.7610209478844714
0.0,0.8659113654347982
0.0,0.21027118770206982
1.0,0.9151143352790013
1.0,0.7601280899827021
1.0,0.8779276129143548
1.0,0.7571713735290903
0.0,0.09929147876966318
0.0,0.5187551230912733
1.0,0.3235417834494445
1.0,0.569412494206038
1.0,0.48539949907486496
0.0,0.7278267435187132
0.0,0.6248122415641723
0.0,0.08524914367150922
0.0,0.5991031690505675
1.0,0.7582934551726447
0.0,0.10396125342816719
1.0,0.52527644156663
1.0,0.793838130174864
0.0,0.7295933599834189
1.0,0.7820314923055626
1.0,0.34577653793936053
1.0,0.5729816456063074
1.0,0.9248505487249286
0.0,0.6758864555474229
1.0,0.8103499122195065
1.0,0.9206409110935737
0.0,0.3292309139887462
0.0,0.7113684242791534
1.0,0.5616144602901469
0.0,0.041978117422308926
0.0,0.2866997953051475
0.0,0.5909005897190505
0.0,0.08788066508023637
0.0,0.4099823177227177
0.0,0.34349115404933567
0.0,0.07487037522898325
0.0,0.12974789656343383
1.0,0.6329453776839176
0.0,0.2469538581400831
1.0,0.5235179335345412
0.0,0.8497691411814506
1.0,0.7836550994843845
1.0,0.704883584735206
1.0,0.7360452663687385
1.0,0.2517236439258952
0.0,0.594201554209322
0.0,0.0885690701237529
1.0,0.7686445417103865
1.0,0.7942260979728264
0.0,0.04146670808650716
1.0,0.8297893307246293
0.0,0.045453408417827634
1.0,0.5649463766865368
0.0,0.03710692630560723
0.0,0.1339175637154049
0.0,0.05672605884662507
0.0,0.7202876932322897
0.0,0.19408170945470263
1.0,0.7244736194507498
1.0,0.2155147304659409
0.0,0.5909114916000827
0.0,0.4757515574563376
0.0,0.07983050572762208
1.0,0.6885643033135147
0.0,0.1532622882503892
0.0,0.10143446792325084
1.0,0.24808718618693787
1.0,0.737260967711333
0.0,0.19656347118408035
0.0,0.6035323782035077
0.0,0.1258043701524138
0.0,0.7562651420698211
0.0,0.1723195065826871
1.0,0.6700104980893546
1.0,0.5365146715094252
1.0,0.6610812479409334
1.0,0.8442321269517248
1.0,0.6459748113909609
1.0,0.8491829948760745
1.0,0.6442850125123664
0.0,0.5844303290661754
0.0,0.049994614030853535
1.0,0.453949756338288
1.0,0.9036321945326654
1.0,0.8050423509629823
0.0,0.7806482071706551
0.0,0.25052448093958246
1.0,0.4003736135663037
0.0,0.7440921865346358
0.0,0.12196884617423874
1.0,0.6446917415439851
1.0,0.7221757786836083
1.0,0.8256455926647231
1.0,0.6872695417479208
0.0,0.8192864431710051
0.0,0.13416584313111793
1.0,0.849763572284268
0.0,0.49492283279816424
0.0,0.3333002331349733
1.0,0.611844460353241
1.0,0.6736424360264285
0.0,0.3475046607746746
0.0,0.32089961866126143
1.0,0.6879070978385365
0.0,0.19659220874802127
1.0,0.10260650426565336
1.0,0.7448593099296142
1.0,0.417399203124835
1.0,0.7657940958751758
0.0,0.18973415868160262
0.0,0.5383129225603345
0.0,0.6616638845852635
1.0,0.9132249696535691
0.0,0.1078450221418159
0.0,0.07168596731745672
1.0,0.8098414770147548
0.0,0.38267066763487556
0.0,0.21919076457321549
1.0,0.6532932265498024
1.0,0.8712486553390213
0.0,0.4059039616737811
0.0,0.05430372986575726
0.0,0.8212702309585128
0.0,0.07036584792129078
0.0,0.13072184756983804
0.0,0.2783099471437922
0.0,0.27333865429010423
1.0,0.8305793989135062
1.0,0.8127523112564038
1.0,0.7096741050277562
0.0,0.10743358302028581
1.0,0.551914089612296
0.0,0.7218666087986696
1.0,0.711104653148382
0.0,0.041182687569884587
0.0,0.4129799119939299
1.0,0.41948122488202133
0.0,0.05431197757786346
0.0,0.0646598975328434
0.0,0.30133569384032977
0.0,0.2648078629168091
1.0,0.669506567667002
0.0,0.03253707135186046
1.0,0.8992894783630695
1.0,0.7002144545125083
0.0,0.8782108055502349
1.0,0.7615628963146863
1.0,0.8811979844405027
1.0,0.7788735385193924
0.0,0.5160538702120554
0.0,0.6221409114313792
0.0,0.613046871493836
0.0,0.7941196259657476
0.0,0.2013123227791967
1.0,0.8665804231661345
0.0,0.4079259247477885
1.0,0.4459176082421373
1.0,0.5618252520525083
1.0,0.6578648875756004
0.0,0.7314655638418616
0.0,0.06799415054105075
1.0,0.7542381276514132
1.0,0.4731605084093501
0.0,0.576554028710943
0.0,0.8417230135136077
0.0,0.5300103942243098
1.0,0.7184491594870922
0.0,0.076790594103226
1.0,0.4409785147408397
1.0,0.5214259953834003
0.0,0.40723656656864343
0.0,0.45137919250459957
0.0,0.2498675145604112
0.0,0.06713284593619998
1.0,0.8614218302829932
0.0,0.16634408257372868
0.0,0.6667988693013316
0.0,0.6899708594602657
0.0,0.2857424471748488
1.0,0.5297853825893837
0.0,0.20699937313656114
0.0,0.15930409771311535
0.0,0.16303003211084274
1.0,0.8566834376368302
0.0,0.0570889110304765
1.0,0.8039400168186724
0.0,0.790423141310019
0.0,0.656927234182739
0.0,0.06106769219162114
0.0,0.5426190088947549
1.0,0.6564926899231034
0.0,0.38107153419449413
0.0,0.20267765754325137
0.0,0.06700706277856143
1.0,0.8656695450339802
0.0,0.06422330998262922
0.0,0.4875096596910788
0.0,0.029591537878951683
0.0,0.819306124182751
0.0,0.06982783467096475
0.0,0.559909768385942
0.0,0.06491848907369857
0.0,0.586879993410548
1.0,0.8131628974319128
0.0,0.8223427721000426
0.0,0.25713365113663633
1.0,0.8023381999196229
0.0,0.6897029680708824
1.0,0.841221588385348
1.0,0.8837800031364325
0.0,0.037889417277944266
1.0,0.8160717072576321
0.0,0.22956243847040447
1.0,0.5490844707073952
1.0,0.643334780548885
0.0,0.44591651760072165
0.0,0.23742082142716447
0.0,0.13138855607541955
0.0,0.5196053043311389
1.0,0.7910690496415982
1.0,0.6196913083953564
1.0,0.6756291963206655
1.0,0.7038607922107848
1.0,0.751098461529034
1.0,0.5718019847357891
0.0,0.06498225765630418
0.0,0.5311384587262916
1.0,0.6554490321902078
1.0,0.5590203976331442
1.0,0.6177538761179825
1.0,0.6461861374042722
1.0,0.2824765645113906
1.0,0.21555478786007948
0.0,0.03073317100090768
1.0,0.8252835189658081
0.0,0.08543886867445305
1.0,0.6936425251254652
1.0,0.8006329088833871
1.0,0.899833360062816
1.0,0.6118339575345471
1.0,0.5861613074927065
0.0,0.5649368524584211
0.0,0.04321984619000376
1.0,0.7639288053316661
0.0,0.07055424452819349
0.0,0.13990563429504962
0.0,0.09601516759909554
0.0,0.1271720926345875
0.0,0.1040717799145881
1.0,0.5022004200398558
1.0,0.8023099248427924
1.0,0.8670017406768175
0.0,0.025897659620812908
1.0,0.444041062957685
1.0,0.7176844731340022
1.0,0.45995564186506754
1.0,0.5921908280573379
0.0,0.10743358302028581
1.0,0.9207088422062282
0.0,0.2873712936776455
1.0,0.8052817118623812
1.0,0.7683014149107942
1.0,0.6387569448940441
0.0,0.3821801911710827
0.0,0.10027525916807471
1.0,0.8319934318270484
1.0,0.20552716246484043
1.0,0.8014975238454596
1.0,0.7162368287507981
0.0,0.6937467417026738
0.0,0.039244619854439305
0.0,0.3976638255768746
1.0,0.2823917060585811
1.0,0.3106001390633081
1.0,0.8452842698326203
0.0,0.03754594949482479
1.0,0.8524879987669202
0.0,0.13709925184900898
1.0,0.8188746559286215
0.0,0.3188415682291521
0.0,0.0850838062963032
0.0,0.5043077158292124
0.0,0.27573236447606947
1.0,0.7988548188030489
0.0,0.04835619243933297
1.0,0.48724611407022705
0.0,0.027943267562148533
0.0,0.8036023863367994
0.0,0.04546172978744185
1.0,0.04206111806651135
1.0,0.9222349329402069
1.0,0.7863668851713872
0.0,0.39627186562148187
1.0,0.7802207106854171
1.0,0.6094423692121919
0.0,0.8013029242815073
0.0,0.21243837430083162
1.0,0.23903082779531074
1.0,0.7163883014760574
0.0,0.08313768731022653
0.0,0.16060272107751364
1.0,0.5819305544661734
1.0,0.6092068819253088
1.0,0.4290357229465144
1.0,0.7725754369714994
1.0,0.5474028868114137
0.0,0.14984527977009846
0.0,0.179149222953676
0.0,0.11675575238264499
1.0,0.6426262123761544
1.0,0.3668057400273275
0.0,0.25905519208638916
1.0,0.8107149669868557
0.0,0.03045251475625859
1.0,0.41054839121823605
1.0,0.4491105796563204
1.0,0.6344832670542022
0.0,0.5122146095596354
1.0,0.8636781308706499
0.0,0.06608394547947676
1.0,0.6361612818782455
1.0,0.3556068748327675
0.0,0.05856894635021132
0.0,0.5116837439071206
1.0,0.7641038119436894
1.0,0.8124646691981033
1.0,0.5624045717487098
1.0,0.7032657204000391
1.0,0.7152173813896487
0.0,0.7981352488778553
1.0,0.6133850926811144
0.0,0.05177697274064702
0.0,0.7142384057031752
1.0,0.8612790560574349
1.0,0.7367889478965832
1.0,0.4748332557155815
1.0,0.8695634775215756
1.0,0.780162082880777
1.0,0.8283188185145899
0.0,0.029522980446091508
1.0,0.28825506984978094
0.0,0.3491088491565532
1.0,0.7280339888055971
0.0,0.6858736599581479
0.0,0.2020860566057817
0.0,0.027788641349880683
1.0,0.8359399192545652
1.0,0.5192901542823243
0.0,0.8364482128931613
1.0,0.7513994479649888
0.0,0.7798572570380033
0.0,0.28557643157855783
0.0,0.31281426104153437
0.0,0.035636458870918236
1.0,0.6886043949160979
0.0,0.10041188987131669
0.0,0.0344964561379435
1.0,0.8703873340555364
1.0,0.15039307959420478
1.0,0.8378640043015669
1.0,0.9243931374094224
1.0,0.6833875185572745
1.0,0.788723141425282
0.0,0.5935739891676217
0.0,0.7047717049828166
0.0,0.5368809901262752
0.0,0.10043486835162714
0.0,0.29478831728951005
1.0,0.5943915813973704
1.0,0.8355088193649749
0.0,0.08820989476627969
1.0,0.5829234541564183
1.0,0.45675383534877256
1.0,0.741598246564661
1.0,0.7642106423402705
1.0,0.2664424706596108
1.0,0.5725939667340676
0.0,0.8415538135770532
0.0,0.4369287233446843
0.0,0.7119572423810204
1.0,0.9099709562135144
1.0,0.4393482102451293
0.0,0.5734942075440561
0.0,0.7377591037441292
1.0,0.8458463139786127
1.0,0.48951842398570533
0.0,0.06266864375062535
1.0,0.7492727519951607
1.0,0.6436669381679073
1.0,0.41653321984713476
1.0,0.5855421293884151
1.0,0.8632607805334745
0.0,0.24292739257940255
0.0,0.22507067067281597
0.0,0.3835988164573758
1.0,0.7754670375178138
1.0,0.6614506072236805
1.0,0.42314566745772797
1.0,0.3649806644761323
1.0,0.7656536274821568
1.0,0.6549612094205762
0.0,0.07675479808076084
0.0,0.5934825465633149
1.0,0.38850771373588033
1.0,0.19285816988585483
0.0,0.6730913601503239
1.0,0.1782628816576846
0.0,0.12658632263102987
0.0,0.7291949566037462
0.0,0.23440841073459884
1.0,0.6168293415870162
1.0,0.5956831161463931
1.0,0.7753016341534804
0.0,0.7577774532259788
0.0,0.8647323234067195
0.0,0.5524983590473397
1.0,0.8282638818284528
0.0,0.30340735264083324
0.0,0.05392454012035206
1.0,0.6620417477927765
0.0,0.8631647732921803
0.0,0.8062222255853394
1.0,0.8550156999906112
0.0,0.401246093171644
1.0,0.2475309210327475
0.0,0.15386674795430033
0.0,0.5784156636253452
1.0,0.748256264306392
1.0,0.8279736386141352
0.0,0.3904887462922022
1.0,0.17631087306782028
1.0,0.7930428800010603
1.0,0.4927203187135674
1.0,0.458853471300627
0.0,0.43729842050994544
0.0,0.18991584428582875
0.0,0.45248665006172084
0.0,0.14859229471760033
1.0,0.8953079254081289
1.0,0.8348606266236929
0.0,0.07958338519521269
1.0,0.9133694143388946
0.0,0.43643596159502496
1.0,0.881240992787903
1.0,0.6623933455357721
1.0,0.4228665144869013
0.0,0.2556332123611226
0.0,0.0344345072296317
1.0,0.6411374322299884
1.0,0.6585898535458311
0.0,0.3484736134210156
0.0,0.0253455780469785
1.0,0.7416502258275797
1.0,0.7906336169689497
0.0,0.8503636978219593
1.0,0.7076631886711138
1.0,0.7115569445953527
1.0,0.655092091495953
1.0,0.5325491332989987
0.0,0.1865908037924006
1.0,0.7228006523704634
1.0,0.8595449821365818
1.0,0.4619436656340194
1.0,0.7769255598897944
1.0,0.7035311342413744
1.0,0.1778718891816124
1.0,0.9242840696304807
0.0,0.20811138524488865
0.0,0.2256451729036079
0.0,0.030772173572200925
1.0,0.7037419505455709
0.0,0.027145796352567732
0.0,0.22174006258011245
0.0,0.07034081387012606
1.0,0.8528556529586698
1.0,0.48415108145914804
1.0,0.8378659969535983
0.0,0.18601171176119935
0.0,0.34519843545685625
1.0,0.7475372527254482
0.0,0.12313942969857225
1.0,0.892722508725653
0.0,0.038420294071451526
0.0,0.12801475224180026
1.0,0.8721053822902797
1.0,0.6041053186291908
1.0,0.9031617808428701
0.0,0.3551006583322765
0.0,0.6025331104124866
1.0,0.4997733205461333
0.0,0.30670472701459334
0.0,0.5169609443796312
0.0,0.1422610274151252
0.0,0.0490729163707274
1.0,0.32338288312457447
1.0,0.3042440527935086
0.0,0.03146531146939177
0.0,0.023025627443739788
0.0,0.16184896843227253
0.0,0.07745127303435723
0.0,0.2697266512145937
0.0,0.35632851666534887
0.0,0.02805772072882331
0.0,0.06181264893225866
1.0,0.7860912153202669
1.0,0.8495997914749767
1.0,0.9186131635871978
0.0,0.5442944100125457
1.0,0.8093124935670069
1.0,0.6134960609347876
1.0,0.6345029862560615
1.0,0.5999798600024301
0.0,0.3824155850079131
1.0,0.35829881832262367
1.0,0.7581410746509548
0.0,0.05823617137668321
0.0,0.3432477676270626
1.0,0.8207674760937652
1.0,0.45467510505372555
1.0,0.8585037714468507
0.0,0.041482516406433544
0.0,0.135001436519833
0.0,0.4829540608489521
0.0,0.057911330325028855
1.0,0.2532125087534249
1.0,0.6593565243188193
0.0,0.8222795606087983
0.0,0.09092157347666417
0.0,0.6767386072771285
1.0,0.7247116246024684
0.0,0.2649221849127868
1.0,0.5991204637349036
1.0,0.8077304910763828
0.0,0.23298944338357366
1.0,0.5176139146837135
0.0,0.14177367403311764
1.0,0.3245534057764997
1.0,0.21773572983072312
0.0,0.19939161038457823
1.0,0.7391294640378092
0.0,0.6033282632211115
0.0,0.11638654303070066
0.0,0.26420162027368027
1.0,0.43590336378741784
0.0,0.22908297933692093
1.0,0.7379785693228145
0.0,0.08859535271960604
1.0,0.7379404717477385
1.0,0.8250875938263417
0.0,0.05581208943909346
0.0,0.5011074248152225
1.0,0.6869113018754178
1.0,0.8180297920036843
0.0,0.25107208194832864
0.0,0.02139175501260452
1.0,0.7047177748786907
1.0,0.8244393361307795
1.0,0.4711454672569154
1.0,0.7256837818484658
0.0,0.5087331260233169
1.0,0.46589537190368613
1.0,0.8020118676426053
1.0,0.783133382102634
0.0,0.29502802222196123
0.0,0.4349369547023025
1.0,0.8274585747643415
1.0,0.8020829230896264
1.0,0.3473403531779682
0.0,0.09015191367421037
1.0,0.7901853940004518
1.0,0.5399354422568948
0.0,0.19018498851103297
1.0,0.38281601272555393
0.0,0.2529029417368584
0.0,0.18313765638008506
1.0,0.8048559457360439
1.0,0.36312101074075426
0.0,0.02054619938369797
0.0,0.19247454045211448
0.0,0.3870100272799239
1.0,0.5400785119751551
1.0,0.8729733275889177
1.0,0.6533629852363326
1.0,0.6801475038075349
1.0,0.8181642639164649
0.0,0.7600362885745523
1.0,0.7011044360352119
0.0,0.06128364426322538
0.0,0.23801666016456238
0.0,0.21336573635005296
1.0,0.7196164495242555
1.0,0.7291754460850022
0.0,0.7284974792285231
1.0,0.7763867565391781
0.0,0.4175369656943963
1.0,0.20000620422036006
0.0,0.11637155772815604
0.0,0.07134796861460575
1.0,0.815499667773908
1.0,0.6987280390155488
0.0,0.04354083637113846
1.0,0.644755056081008
1.0,0.49831376061362
1.0,0.8575010595560392
0.0,0.41943336533262665
0.0,0.15695767386677265
1.0,0.8467575564099672
0.0,0.773149805624893
1.0,0.732281835034715
1.0,0.8828443124714216
1.0,0.8636285640440572
1.0,0.6579959903639196
0.0,0.023810984448220076
0.0,0.027872671777218867
1.0,0.6416658649091421
0.0,0.02805772072882331
0.0,0.03576365983662443
1.0,0.5446845900806803
0.0,0.07466811875552923
1.0,0.8867163187075193
0.0,0.8377062384636161
1.0,0.8166209326450465
1.0,0.13136468773039775
1.0,0.27181850260064455
1.0,0.13040145967548827
1.0,0.506056615353205
0.0,0.5832586358447263
1.0,0.3164329262794929
1.0,0.6013809303022037
0.0,0.42934677470127414
0.0,0.07975836993450203
1.0,0.6667529382024153
1.0,0.8634252528962624
1.0,0.7390137166049917
0.0,0.8336517166442111
0.0,0.578684759634532
1.0,0.8113023207574837
1.0,0.8100810865385725
1.0,0.6544710622117101
0.0,0.03649905420076015
0.0,0.07287035151266508
1.0,0.8023288503025765
0.0,0.6719190185622806
1.0,0.6017543849976074
1.0,0.7535843408452919
0.0,0.05448838615405083
1.0,0.4104613897091259
0.0,0.12254944931139287
0.0,0.05928108962584716
1.0,0.7723141844596207
1.0,0.4122300637245551
0.0,0.28054482422082777
0.0,0.0482181284875936
1.0,0.25634835376960907
0.0,0.20604142527567917
1.0,0.8207550287176875
1.0,0.6795465196556207
0.0,0.32065751111862345
0.0,0.040813460854133135
0.0,0.05877593402867118
0.0,0.581778306602644
1.0,0.4637189780694312
1.0,0.7656908818095658
0.0,0.43500794100903767
0.0,0.48288911105146504
0.0,0.3281051636150346
1.0,0.8625493980057609
0.0,0.7425958649882745
1.0,0.7065885531809761
0.0,0.30865133006543083
0.0,0.7898282925133744
1.0,0.9097183955477228
1.0,0.7512406589781034
1.0,0.6448633222494822
1.0,0.7650031319429844
1.0,0.7000980372544329
0.0,0.47243942337005596
0.0,0.6524576426945096
1.0,0.7035185103311598
0.0,0.10112976467689234
0.0,0.058807724800009724
0.0,0.44187901973846894
1.0,0.9060033691222155
0.0,0.2975596487129952
0.0,0.0564433501942337
0.0,0.3943953924492419
0.0,0.2653828554487565
0.0,0.08548165491484551
1.0,0.566004554810304
1.0,0.8090116294710947
1.0,0.805679081647798
1.0,0.5132800757337226
1.0,0.328046639441233
0.0,0.8169181873308439
0.0,0.288130150325929
0.0,0.29963512657856595
1.0,0.7452503506140662
0.0,0.8449724923371789
0.0,0.5908699761209201
1.0,0.8211421692817156
0.0,0.6112196203760482
1.0,0.18066220078809708
0.0,0.03906484488339708
0.0,0.35077067294767894
1.0,0.6530090950353016
0.0,0.835357023226744
0.0,0.08775632994210092
0.0,0.11056746916622669
1.0,0.7344189682649988
1.0,0.5934182006729063
1.0,0.5750815253575658
1.0,0.6865268211750561
1.0,0.7250694505980545
1.0,0.8727331297500303
0.0,0.15617925699651478
0.0,0.046277658548519035
0.0,0.6387131842224155
1.0,0.8766119951347469
0.0,0.8731501108094342
1.0,0.7510605705913301
0.0,0.19613762554992778
0.0,0.16148276715202733
0.0,0.45373323680391003
0.0,0.06961799655397348
1.0,0.8045336527602498
1.0,0.719851149631755
0.0,0.25228064881896267
1.0,0.10603608835647287
0.0,0.6977957976636097
0.0,0.42055269012362245
1.0,0.7544751331255592
1.0,0.5875252832716541
0.0,0.6982535948503183
0.0,0.25753883642975367
1.0,0.800124736739209
0.0,0.0668590923409655
1.0,0.5665800690694532
1.0,0.5058716352252527
0.0,0.023668889527081356
1.0,0.8713537225025484
0.0,0.39478263801132796
0.0,0.09513166929394681
1.0,0.791995015526633
1.0,0.6411987083727964
0.0,0.22057440401102432
0.0,0.8076414572524667
1.0,0.5492133155550207
0.0,0.108115771254535
1.0,0.4024821387166338
0.0,0.4321134836232214
0.0,0.16934569734012128
0.0,0.6946479713674483
1.0,0.2593442979421993
1.0,0.6803743427404706
0.0,0.14642427338966216
0.0,0.635392336502499
1.0,0.4195708784980401
1.0,0.7390611683502646
0.0,0.7474255643031198
1.0,0.5590905626577601
1.0,0.6518310904958207
1.0,0.6091729458598462
1.0,0.867155367910605
1.0,0.8235762548541836
1.0,0.8393441949612187
0.0,0.4040207406187432
0.0,0.10467296288205144
1.0,0.6463292802086709
0.0,0.7156383588520953
0.0,0.7036097523945694
1.0,0.22782791134662564
1.0,0.6513640374818375
1.0,0.19382351872831233
0.0,0.5821513023521635
0.0,0.07893669349174129
1.0,0.6385749029467768
1.0,0.1085973592229034
0.0,0.6542904467176929
0.0,0.6368737308813247
1.0,0.3132191369856827
0.0,0.10587112176739918
1.0,0.30940763959466866
1.0,0.6776687073539412
1.0,0.7703132344892916
1.0,0.799421204198545
0.0,0.29965596763783847
0.0,0.1958251604817326
0.0,0.4365525877386153
1.0,0.45381851370257237
0.0,0.09743148017028706
0.0,0.47014641318085953
0.0,0.07531993929710246
1.0,0.36372059439282517
1.0,0.5455766879374803
0.0,0.10695983933490626
0.0,0.11181229714711494
0.0,0.1979972833019078
0.0,0.6024201919170448
0.0,0.8636001988684692
1.0,0.8572619462760432
1.0,0.9222876055941712
0.0,0.0913246273361776
1.0,0.6768751607963842
1.0,0.7749468115595082
0.0,0.20115205414663137
0.0,0.13314028156730165
1.0,0.8033478029047839
1.0,0.4258576226810789
1.0,0.5099643626263713
1.0,0.8592406539396164
0.0,0.6992003914454444
0.0,0.473354922288207
0.0,0.38017388253506984
1.0,0.4971174626553055
1.0,0.1356805421250273
0.0,0.2147757794361852
1.0,0.827220273274411
1.0,0.679316700294417
1.0,0.13966556978007047
1.0,0.7840312856783995
1.0,0.8495953722580201
0.0,0.7192749837410277
1.0,0.7082198346983506
1.0,0.7767867274194984
0.0,0.029752367687455896
0.0,0.5619331993152483
1.0,0.5329018081180799
1.0,0.7444968956195362
1.0,0.6294037532799194
0.0,0.025897659620812908
1.0,0.8573051943407107
1.0,0.5196296655541217
0.0,0.491622404062813
0.0,0.6629662642517761
1.0,0.85294054107176
0.0,0.032210809480956455
0.0,0.7447648795926138
0.0,0.5067523496025631
1.0,0.8239442902758829
0.0,0.036094530749645345
0.0,0.344701982015379
1.0,0.5753442110549988
0.0,0.28838076805811397
0.0,0.08840866706852339
0.0,0.4661810214324663
1.0,0.7112379475805146
0.0,0.07109256351528517
1.0,0.5463374539279048
1.0,0.16533713574840095
1.0,0.8678010691538975
1.0,0.9038726890555662
1.0,0.7421671696765234
1.0,0.3334148541568725
1.0,0.49931522917782106
1.0,0.8450563331195373
0.0,0.3039535341043525
1.0,0.5545422266209129
0.0,0.23599124932567145
0.0,0.5012336958086621
1.0,0.4975864280294457
1.0,0.8220983371608568
0.0,0.17838758072800948
0.0,0.6902741167425896
0.0,0.29639688061534036
1.0,0.8896885827851487
0.0,0.10448866442582674
1.0,0.440394472529413
0.0,0.05950680045616452
1.0,0.5242147093169472
1.0,0.4495660825350647
0.0,0.12490385814850048
0.0,0.1599947587003941
0.0,0.36546173627490774
1.0,0.2439540978759649
0.0,0.5879018952567235
1.0,0.6926116880865008
1.0,0.8937026393708414
1.0,0.895193385104459
0.0,0.39466346590974166
0.0,0.8360726756597284
0.0,0.8412751680242005
1.0,0.4573277172921653
0.0,0.06659266181162848
1.0,0.7526219389469427
1.0,0.724436403480476
0.0,0.07882541724808927
1.0,0.7920425681884761
0.0,0.6000693303537713
0.0,0.7837813474092508
1.0,0.4724593260273005
1.0,0.8009671602708868
1.0,0.8296988600225792
1.0,0.7054584909024935
1.0,0.727089491130637
0.0,0.6742803965068429
1.0,0.8732547763032801
1.0,0.8997816905078035
1.0,0.9092726605893876
1.0,0.8037976451055325
1.0,0.7568095252271833
0.0,0.6941189368854725
1.0,0.8427049556988062
1.0,0.833191994315235
0.0,0.8814091032412147
1.0,0.8119386261412076
0.0,0.5595546777965655
0.0,0.6633878251898498
0.0,0.07417426715079137
1.0,0.6997905607757892
0.0,0.03667638799682781
1.0,0.8764327096041398
1.0,0.7967853541874154
1.0,0.6286820443956479
1.0,0.3321431866049084
0.0,0.1263063777416642
1.0,0.7044746749274675
0.0,0.13887938979408962
1.0,0.6230400586494576
1.0,0.8725059576385042
0.0,0.1745120550855707
0.0,0.18948884681863407
0.0,0.13204406368483626
1.0,0.8325196708823671
0.0,0.26696372439622124
1.0,0.6301570885640776
1.0,0.7250052004965037
1.0,0.24794702130449672
0.0,0.04322686031577869
1.0,0.8023564187086797
0.0,0.15971983251480293
0.0,0.19266400130369607
0.0,0.8131843382123224
0.0,0.3749350405254977
0.0,0.5416358161160004
1.0,0.6081765424858667
0.0,0.3657461599965208
1.0,0.8528869587599783
0.0,0.7634441412818717
0.0,0.10969320865294024
1.0,0.3306750319888042
0.0,0.6778826373580844
0.0,0.19076096412418642
1.0,0.8414336565800548
0.0,0.06352874581953073
1.0,0.922494871229763
0.0,0.13744699591026935
1.0,0.39508213806482634
1.0,0.8994024844624867
0.0,0.23995435251986977
1.0,0.8084729544661051
1.0,0.24200157412575432
0.0,0.018370399111716527
0.0,0.4430825435518986
0.0,0.5696851831736043
1.0,0.7190838317119604
1.0,0.887307310897769
0.0,0.4977180516577526
1.0,0.6467257950537244
1.0,0.8232694937177752
1.0,0.2353260664881654
1.0,0.8420917234083116
1.0,0.6832630406670825
0.0,0.6003647865528102
0.0,0.5751480090612403
1.0,0.5614168370002081
1.0,0.6203464734006442
1.0,0.5666267274579456
0.0,0.2091838664783001
0.0,0.6657557468356368
0.0,0.05839462517019318
1.0,0.7589186210218131
0.0,0.8892438724741234
0.0,0.6046637438426493
0.0,0.11235092866537068
1.0,0.5990313827472141
1.0,0.8361125081409462
0.0,0.46223274658342145
0.0,0.35643220065924575
0.0,0.19888950421381119
1.0,0.9107494538804296
1.0,0.49017506541877925
1.0,0.35037108721183297
0.0,0.5913729582281073
0.0,0.3651351954154238
0.0,0.29709048852733383
0.0,0.17893409506623528
0.0,0.9081767955160858
0.0,0.19989257341388075
1.0,0.44615747538092443
0.0,0.48092437473064753
0.0,0.12168293189497248
1.0,0.7138549431963502
0.0,0.02921975799628809
0.0,0.8774229725672935
0.0,0.05916861908318619
0.0,0.8360119762888643
1.0,0.46561040980534624
1.0,0.5937557534292742
1.0,0.5495904243574843
1.0,0.6999882833955324
1.0,0.7305545416807124
0.0,0.032600239102101525
0.0,0.5437048025511289
1.0,0.32468317137530495
1.0,0.4776696859460973
0.0,0.7291129294833999
1.0,0.6951621440561969
0.0,0.5314676302656625
0.0,0.6125104728062977
0.0,0.14313872197150726
0.0,0.1065109643557042
0.0,0.12644963838841203
1.0,0.8414707112314457
0.0,0.7180058174559898
1.0,0.27853683571219817
0.0,0.09574973322587539
0.0,0.0255521237806839
0.0,0.49626743464251416
0.0,0.0880182771704419
0.0,0.49136321753437645
0.0,0.6691183782752732
0.0,0.012762223812407275
1.0,0.695519510523004
1.0,0.7075951877201204
1.0,0.8212365245215026
0.0,0.16879743783142656
1.0,0.8261101009070669
1.0,0.623680110552512
0.0,0.3044371783465051
0.0,0.14391015888247696
1.0,0.7244147367817547
0.0,0.4946937501282827
0.0,0.536753970101686
1.0,0.5690260560805789
0.0,0.050984132890887934
1.0,0.8283059100218014
1.0,0.38006851026861704
0.0,0.10632641126753858
1.0,0.5330402730969285
1.0,0.9141312895459719
0.0,0.25637552800993846
0.0,0.16652882586063758
0.0,0.1626195347769868
0.0,0.23294160812432985
1.0,0.7644163819867159
0.0,0.6903719396389216
1.0,0.28552530551726857
1.0,0.4898174130552436
0.0,0.2061359209089493
0.0,0.08255667353068066
0.0,0.6983984530266641
1.0,0.7312240597134457
0.0,0.05494161980739984
1.0,0.8484223700494826
1.0,0.1727086398946539
1.0,0.6226234214740863
1.0,0.6549197037193276
1.0,0.6535018130619749
1.0,0.8467122062260435
0.0,0.28267877540270364
0.0,0.3799627594010704
0.0,0.037544816256221615
0.0,0.3115408785318843
0.0,0.06496995003824536
0.0,0.29221578124813513
1.0,0.8425078181327863
0.0,0.10051100571155876
1.0,0.8075568527181065
1.0,0.6976153436954072
0.0,0.8572953786890953
1.0,0.8433964464711934
1.0,0.8539741695205878
1.0,0.636655662980836
0.0,0.5126876229125276
0.0,0.03537182713437823
1.0,0.745782861890828
1.0,0.7513249638659348
0.0,0.22127189224872212
0.0,0.5759632457183916
1.0,0.677249367118499
0.0,0.5828914268886574
1.0,0.8516977206633413
0.0,0.10255441559685445
1.0,0.7533081931775584
0.0,0.15339912684636411
1.0,0.888456890211053
1.0,0.4623441765716436
0.0,0.587452969889523
1.0,0.09231234121209712
1.0,0.5367607967570706
0.0,0.47673938521449855
0.0,0.37756586832703815
0.0,0.4229130485381649
0.0,0.08936969995530106
1.0,0.7650123742531575
0.0,0.3351948624910109
0.0,0.8273050438687664
0.0,0.11694368190519416
0.0,0.43518835146432283
1.0,0.5151387334293778
1.0,0.6843088371999931
1.0,0.4151109721517662
0.0,0.4267852435329973
0.0,0.020760805869150956
0.0,0.09241193079209857
0.0,0.05673425714791367
1.0,0.9120475579532523
0.0,0.3951284717763993
0.0,0.05247103760674976
0.0,0.7403005779767035
0.0,0.029396437996399908
0.0,0.1802333158783225
0.0,0.4403560862712143
1.0,0.8603239944788527
0.0,0.30728718951392514
0.0,0.03832002380816609
0.0,0.36599159362769235
1.0,0.8981146576785488
0.0,0.48507785441192924
1.0,0.8596430477451654
1.0,0.7623528743176455
1.0,0.8410533030203601
1.0,0.1879984188552004
0.0,0.042990765158314286
1.0,0.8074337863499366
0.0,0.2980745664781037
0.0,0.11894207744730251
0.0,0.08659708621925544
0.0,0.13552634982675565
1.0,0.633735630224704
0.0,0.7820390698087365
1.0,0.11914614633728725
0.0,0.3419226974267762
0.0,0.03689515960609868
1.0,0.3687271053816768
1.0,0.5013744507425387
0.0,0.834098360330415
0.0,0.2960874957879571
0.0,0.05332428325041466
0.0,0.0458597046021384
0.0,0.23959049765857554
1.0,0.5466481600778382
1.0,0.7317500135486845
0.0,0.15842570203459358
1.0,0.4598866305323059
1.0,0.702267976302908
1.0,0.7969521672722973
0.0,0.07862345304681856
1.0,0.7847143789297232
0.0,0.7957802453330848
0.0,0.23999419423481907
0.0,0.7312885186712752
1.0,0.5814682740020346
0.0,0.8418346452037417
0.0,0.39476923467270914
0.0,0.22613490797117128
1.0,0.6468476877272377
1.0,0.7751783520419281
1.0,0.6754356592092127
0.0,0.16751774911625672
1.0,0.37000491582199463
0.0,0.18882844637120616
1.0,0.15724900635118594
1.0,0.716683284935467
0.0,0.8629954506950692
0.0,0.05069817047045267
1.0,0.8488653361264381
0.0,0.49268672262832913
1.0,0.860671075705803
1.0,0.7855864975553531
0.0,0.036737562020865644
1.0,0.4627092323793158
1.0,0.8875729062317713
1.0,0.6785280527729013
0.0,0.3840560420175248
0.0,0.23111522781670152
0.0,0.20048206807741353
0.0,0.8778660484459674
0.0,0.9261803901227369
1.0,0.29404559247761025
0.0,0.05222196409548365
0.0,0.0626013718220781
0.0,0.4696320898766113
0.0,0.47064797911321893
1.0,0.8939426563231525
0.0,0.3999630044893929
1.0,0.8330381607203804
1.0,0.8799488012144367
1.0,0.5174913045154853
0.0,0.3647971383887695
0.0,0.040455179278339665
0.0,0.1530275079788441
1.0,0.6581971732338467
1.0,0.44928346837268135
1.0,0.9279961697478117
0.0,0.15669437877069387
1.0,0.8122117249789923
1.0,0.3759011568382921
1.0,0.6326173164282992
1.0,0.12152567335850946
0.0,0.5191251963303234
1.0,0.5517087173577779
0.0,0.1588089652528629
1.0,0.3614836852477134
0.0,0.38104753870391234
0.0,0.5518566903712556
1.0,0.7644060623951876
1.0,0.8551075822145533
0.0,0.03263581783702072
1.0,0.24319048780650904
0.0,0.052964034952117885
1.0,0.8346748737099167
1.0,0.5945281666703449
1.0,0.9035616599600838
1.0,0.7405501245873293
0.0,0.08292025898164422
0.0,0.19208945352237752
1.0,0.8779862053411294
0.0,0.7012473673546646
1.0,0.8045344650069651
0.0,0.2735539195844714
1.0,0.7735511797120561
1.0,0.46517763726504635
0.0,0.1693047324857248
1.0,0.5133480269201848
0.0,0.12327645465088814
0.0,0.7631729069234189
0.0,0.12141352967441905
1.0,0.8768526764232268
0.0,0.19295979293811155
0.0,0.8281644607952748
1.0,0.7475111995735108
0.0,0.037241735449238
1.0,0.8875222218111883
1.0,0.7340817905268996
1.0,0.258321011444797
1.0,0.2879559818663709
1.0,0.7919885171261549
1.0,0.6301949723273097
0.0,0.28714264234846276
1.0,0.7573944711202747
1.0,0.8067058234301538
1.0,0.8111125601372671
0.0,0.52282061590435
1.0,0.7856241006128114
1.0,0.3120292740385092
0.0,0.09773695153912465
1.0,0.7208786705493542
1.0,0.2842151525803543
0.0,0.19616122177305784
1.0,0.7054376625537218
0.0,0.316372722330441
1.0,0.8274920789052216
0.0,0.16081176261581426
0.0,0.3519656827463974
0.0,0.09066408803230705
0.0,0.5838794904578075
1.0,0.18676250215418846
0.0,0.08714345839514084
1.0,0.12403980635040118
0.0,0.061248039265107294
1.0,0.8673479288905763
1.0,0.9012125067143304
1.0,0.8466816439239425
1.0,0.875235761233761
0.0,0.25634411898000975
0.0,0.4846826094800039
0.0,0.12392505567873847
0.0,0.5866840771899309
1.0,0.907917046033391
1.0,0.8788668443140284
1.0,0.9071613380940609
0.0,0.06693552737602433
1.0,0.6306823242843499
0.0,0.6896361913036066
1.0,0.399670180699836
0.0,0.2798081944832499
0.0,0.451924713862559
0.0,0.5297872399446273
1.0,0.7427907283990921
1.0,0.3697750752624617
0.0,0.06840997529349925
0.0,0.5641791244592603
1.0,0.7565291881466201
0.0,0.25972222945401624
0.0,0.03003011315579301
1.0,0.5420593997487219
0.0,0.6082757747705576
1.0,0.7319933267590006
0.0,0.6022190761130453
1.0,0.5478572089840023
0.0,0.3516047435740743
0.0,0.1360203649222326
1.0,0.3283170527958605
1.0,0.4563681718766732
1.0,0.6523303578344122
0.0,0.42478116733474197
0.0,0.5654922212942891
1.0,0.17270492832446543
1.0,0.41913102051906714
1.0,0.19540522007382435
0.0,0.4230446665846743
0.0,0.7681248027280876
1.0,0.7225066343348461
0.0,0.6661650794616338
0.0,0.20331904592403194
0.0,0.7564394472965511
0.0,0.44362175146512733
0.0,0.797393866966119
1.0,0.7270953122593043
0.0,0.7632178963585707
0.0,0.1199675308156311
1.0,0.6360535365768747
1.0,0.8706235010947176
0.0,0.21394890547788065
1.0,0.7742577720703213
1.0,0.6863246317009064
0.0,0.42055835300982597
1.0,0.4578632110969507
0.0,0.02771841585643304
0.0,0.024817444855930206
0.0,0.22134077478273825
1.0,0.7386262723866548
1.0,0.4654790782491939
0.0,0.58859072733513
0.0,0.07581756300603344
0.0,0.11593503995160902
0.0,0.25165367887604684
0.0,0.6387300566127684
0.0,0.17159377242220952
1.0,0.3470738523843526
1.0,0.7655760371775264
0.0,0.3235222550413239
0.0,0.43571830564354286
0.0,0.5023092586142512
1.0,0.869780251297251
0.0,0.5764383900204819
1.0,0.8593278756671201
0.0,0.11268981638036177
0.0,0.12186385912819228
1.0,0.9252973668546584
0.0,0.1721588073183148
0.0,0.17427892250997193
0.0,0.02241631709541761
0.0,0.03997483309979554
1.0,0.860461183921775
0.0,0.7354627011046037
0.0,0.0718784791831037
1.0,0.5992747844204465
0.0,0.13598289833613605
0.0,0.0378859699594899
0.0,0.19636462236609756
0.0,0.3558662537996223
0.0,0.6994561543843267
0.0,0.5890959292516961
1.0,0.7284035502988166
0.0,0.10083367391566787
0.0,0.9076228990215207
0.0,0.5607574785555792
0.0,0.11336998765275205
1.0,0.8900839095719754
0.0,0.14580732665981957
1.0,0.48393708623546233
0.0,0.07788499495473317
0.0,0.10326758940680572
0.0,0.6183712601426964
1.0,0.7197250678165122
0.0,0.17405808442912113
0.0,0.3849443058222574
0.0,0.26572878547829515
1.0,0.9074954687511103
1.0,0.2635103248401983
0.0,0.14933491889602796
0.0,0.7338608906167062
0.0,0.7555185376691771
1.0,0.30475809491448475
0.0,0.04617573560797758
1.0,0.7349482123809492
1.0,0.5102354067666971
1.0,0.258451212025457
1.0,0.9210214686774546
0.0,0.09604938936718227
0.0,0.041431292428433894
1.0,0.7918782623993728
0.0,0.7945451889580338
0.0,0.738633569800147
1.0,0.786390575306144
0.0,0.07183471306468481
1.0,0.7958732348870118
0.0,0.8253433381038373
1.0,0.9319951012031807
0.0,0.5458980818257395
0.0,0.030271635635111337
0.0,0.6479738224482763
0.0,0.5631244148817447
0.0,0.1633525063606328
0.0,0.6327022784384806
1.0,0.8217813103474464
0.0,0.5422944358941441
1.0,0.8396347718395533
0.0,0.7446039718380665
1.0,0.7879529017974275
1.0,0.7769552553722877
1.0,0.8292305984406951
0.0,0.5736471262730234
0.0,0.14114869259489038
1.0,0.6965134848095714
0.0,0.08888725652395336
0.0,0.629851461153314
0.0,0.06287768869434522
1.0,0.8268063331505414
0.0,0.27236499098811556
0.0,0.6374706585598038
0.0,0.8415767025285078
0.0,0.24570080081901055
1.0,0.40436996182092183
1.0,0.7983741656184525
1.0,0.640719789100059
1.0,0.6782213016412334
1.0,0.4446793346154457
1.0,0.8181667148540226
0.0,0.6726676967293869
0.0,0.9105696224524792
1.0,0.7633926735441249
0.0,0.8632328213212984
1.0,0.5608166105004997
1.0,0.900917790978892
0.0,0.052663312035613544
1.0,0.7229028088447519
0.0,0.19117261100659672
0.0,0.2631146876078875
1.0,0.8800187017000206
1.0,0.9070378107862754
0.0,0.10645819807962205
0.0,0.02793195025171081
0.0,0.18670218278843065
1.0,0.8858184355975675
1.0,0.5802507494665919
0.0,0.39063905725481246
1.0,0.9118031784194464
0.0,0.032349308052827305
1.0,0.2845123982759623
1.0,0.8116173227792566
0.0,0.10900489402298004
1.0,0.7212152830240277
0.0,0.10335435096191027
0.0,0.7325402438703048
0.0,0.5645216401524636
0.0,0.6440612136523894
0.0,0.21902401058325466
0.0,0.833128127461641
1.0,0.7949094254613942
0.0,0.676703723579972
1.0,0.6071497290589069
0.0,0.7258986207472857
0.0,0.1351918573029906
1.0,0.3798976045266628
1.0,0.813068472502156
0.0,0.04059469267306038
1.0,0.7696821414182259
1.0,0.2198683422510204
0.0,0.3460191167648437
1.0,0.5012862187632869
0.0,0.7114333572368406
1.0,0.8886718592201384
0.0,0.3792431466528846
1.0,0.8226953847114707
0.0,0.21841431466858013
0.0,0.2195411606847775
0.0,0.22044192426056636
1.0,0.7681951873425898
0.0,0.07965797757458433
0.0,0.2864103463645707
0.0,0.3891636454120088
0.0,0.09666464110034463
0.0,0.1742583819903469
1.0,0.7864941012447466
1.0,0.397013346863204
0.0,0.030030025553870295
1.0,0.48007087672983506
1.0,0.838069271055363
0.0,0.4598861491342461
0.0,0.8574927887052735
1.0,0.6146036834930116
0.0,0.06430805683427628
1.0,0.7606167730560943
0.0,0.04325000731092662
0.0,0.48558193764459623
0.0,0.7543744735037741
1.0,0.8900168152119108
0.0,0.6035049408098329
0.0,0.8538839776069874
1.0,0.8794430137345337
0.0,0.8103517962734798
1.0,0.8280309335790571
1.0,0.5411729019744144
1.0,0.725543847637995
0.0,0.45969678614781134
1.0,0.7311515095387414
1.0,0.6127391630567592
1.0,0.6734646154482912
0.0,0.5837411819399871
0.0,0.5244373347231744
0.0,0.08482658853874238
1.0,0.565816821445514
1.0,0.11198463675007868
0.0,0.4728428504203224
1.0,0.7388560475325885
0.0,0.22369030972975223
1.0,0.7586756933595352
1.0,0.8562710756026456
1.0,0.877669199189115
1.0,0.7449645459261074
0.0,0.18068817928414949
0.0,0.32484860343121097
0.0,0.05612072227018826
0.0,0.02339836188607399
1.0,0.8085358642305885
1.0,0.4116601084245851
0.0,0.7262459817388013
0.0,0.3701000428399214
1.0,0.49159335245262836
1.0,0.5334100760436954
1.0,0.853139133077044
0.0,0.11376827601148672
1.0,0.9007370294288267
1.0,0.6574787387334178
0.0,0.032349308052827305
1.0,0.14789868309534718
0.0,0.20084707260071072
0.0,0.31385566166947737
0.0,0.043738714929950274
1.0,0.5226878213715225
1.0,0.6910273522145366
0.0,0.6026703881217002
1.0,0.4201441391728252
0.0,0.3381756702542806
1.0,0.84680565071921
1.0,0.40822317686241055
1.0,0.4777362619311103
1.0,0.5650565734685193
0.0,0.5173398769519134
1.0,0.8081981366631987
0.0,0.32255386795117874
1.0,0.6920595334238582
1.0,0.7877212485567442
1.0,0.6075375637824869
0.0,0.06311229254602593
1.0,0.46913854502557867
1.0,0.5122678753333196
1.0,0.8224048381043038
0.0,0.3068969271553872
0.0,0.05019619458304445
1.0,0.858464010270489
1.0,0.29229816824382543
0.0,0.27081953085397975
0.0,0.37988455371221763
1.0,0.3633052219556039
0.0,0.048392791706824735
0.0,0.24522917986629386
1.0,0.7650698707777378
1.0,0.675359691672806
1.0,0.6463004146732151
1.0,0.7446315160571216
1.0,0.5922458060374911
0.0,0.2738273439138455
0.0,0.43256922052314545
1.0,0.6736052063538976
0.0,0.3294041521803045
1.0,0.4622126742006026
0.0,0.757822174412233
1.0,0.6972618437828597
1.0,0.6084540287431266
0.0,0.028457118079307328
0.0,0.1512557280145616
0.0,0.2744109809051047
0.0,0.4386622410598777
1.0,0.5714709602127961
0.0,0.321094126837756
1.0,0.8060071112375163
0.0,0.12229095442068431
0.0,0.29912069265758695
0.0,0.024164499724573053
1.0,0.4663462251458424
0.0,0.0750130233962987
0.0,0.12913728482003076
1.0,0.2285183967984344
0.0,0.35005350986954825
1.0,0.6396940528023874
1.0,0.8705799127664791
1.0,0.8217993344941914
0.0,0.2819776354849312
0.0,0.6315956106360524
1.0,0.8014463732985195
1.0,0.7940938612644962
1.0,0.6025938859614997
0.0,0.49516341407860764
0.0,0.670714903328916
1.0,0.6599648029385963
1.0,0.3882377950368844
1.0,0.7751151875160371
1.0,0.6479381692815092
0.0,0.9015884095202751
1.0,0.6846989484126013
0.0,0.30438376387356497
1.0,0.8909418646762101
1.0,0.7914496065328802
0.0,0.31479298253229715
1.0,0.658578753816923
0.0,0.23514664818535644
0.0,0.2642027519736931
0.0,0.6632526238380724
1.0,0.8412379456428855
0.0,0.01502801048091642
0.0,0.3411025085854377
0.0,0.8562507559347741
0.0,0.4412821570658467
0.0,0.05545323428819649
1.0,0.8062404751430376
0.0,0.19610038734833976
1.0,0.8476187480133136
1.0,0.8716298008584805
0.0,0.43226209753204115
1.0,0.6263142408814681
1.0,0.7582624731463159
1.0,0.7867417275827987
0.0,0.07502187636016934
1.0,0.7061219707070151
0.0,0.756308706176632
1.0,0.6987131631397531
0.0,0.022248044652585647
1.0,0.7544767691861063
1.0,0.4936659091646277
1.0,0.8672578926140052
0.0,0.6923282777188263
1.0,0.8851503603280595
0.0,0.2424778241413458
0.0,0.42557230567017795
1.0,0.7757602400878894
1.0,0.8891137182614444
1.0,0.5576728472165693
1.0,0.8647407003633321
0.0,0.40962667092356325
1.0,0.8857074036172503
1.0,0.7387512656981634
0.0,0.08486487382010857
0.0,0.30201761538633326
1.0,0.9000691237554727
1.0,0.6300868888974521
1.0,0.8416814799701189
1.0,0.8149944497729361
1.0,0.6061816326575946
1.0,0.9028267021475561
0.0,0.6060111862085739
0.0,0.06128364426322538
0.0,0.04582950592707052
0.0,0.032927896715092296
0.0,0.031088739966144235
0.0,0.47902475920171494
1.0,0.3155122652095774
0.0,0.1915100154584007
0.0,0.2497428835780366
0.0,0.27396287460025565
1.0,0.8837508310017714
0.0,0.2755220059337962
0.0,0.11134300300341812
0.0,0.09555441886727642
1.0,0.8463328165796459
0.0,0.30839234402908533
0.0,0.6080936911679887
0.0,0.050194284948413145
0.0,0.4263735159693283
1.0,0.4783976378878705
0.0,0.6228258875765945
1.0,0.7947540831480124
1.0,0.8778304517930516
1.0,0.8314558934894497
0.0,0.14170895612323195
0.0,0.7708962533412712
1.0,0.7094182750523764
1.0,0.6191271820198061
0.0,0.08254617490216351
1.0,0.831520315695079
0.0,0.33792817027394423
0.0,0.07420106391606787
0.0,0.7679260567571103
1.0,0.769384312085763
1.0,0.8149973740377064
0.0,0.3010285916835857
0.0,0.12604660769543105
0.0,0.7489828466397161
1.0,0.28735231774242853
1.0,0.8032770002998587
1.0,0.7426671969968682
1.0,0.8734934857448805
1.0,0.6812189987133209
1.0,0.7848556260576048
1.0,0.4495587036920613
0.0,0.456738401490024
1.0,0.8824537948804273
0.0,0.7634264729525914
0.0,0.2894246994847417
1.0,0.8746644070808973
1.0,0.9208977570490123
1.0,0.6799621454367305
1.0,0.7304646910709526
0.0,0.20887612601125707
1.0,0.3794669639987862
1.0,0.3194823977472195
1.0,0.8524600576096346
0.0,0.16890385852741333
1.0,0.8212261481879815
1.0,0.7445411880656335
1.0,0.3812699021844906
0.0,0.15973866178356666
1.0,0.4362902809400393
0.0,0.05490019592187021
1.0,0.7193897327455857
1.0,0.8405014569434639
0.0,0.44745043416247604
0.0,0.38990628966901636
0.0,0.5912125682931287
1.0,0.4164449145434086
0.0,0.6640463800596547
1.0,0.8181309263383539
1.0,0.7738812610107255
0.0,0.8679436896213457
0.0,0.2537721585763746
1.0,0.2514603679757758
0.0,0.19867294386661807
0.0,0.14870237370079226
1.0,0.8787140918521197
1.0,0.09791967648894022
1.0,0.5958148602269453
1.0,0.7873430924967766
0.0,0.26530490058943595
1.0,0.9330296391234899
0.0,0.7266986987485057
1.0,0.7931571633116601
1.0,0.7885570783183324
1.0,0.8182335152070755
0.0,0.8524545617509134
0.0,0.2884430807135443
0.0,0.06061340622984997
0.0,0.13963291532504873
0.0,0.6908542157577051
0.0,0.7152773444952301
1.0,0.8268050513302148
1.0,0.8267424405918188
0.0,0.19111916889015107
0.0,0.38927137242008125
0.0,0.44012175590923214
1.0,0.7238089639214966
1.0,0.9252175841638295
0.0,0.36932409439503916
0.0,0.5321268965187627
0.0,0.27915481211613646
1.0,0.8017867740650673
1.0,0.1680195040924382
0.0,0.10722690469730117
0.0,0.5216934528530528
0.0,0.19102625527416553
1.0,0.8227022310859522
0.0,0.37676435614817566
1.0,0.7558134609701854
0.0,0.8014765593833121
1.0,0.8881078583556539
0.0,0.17689879481037402
1.0,0.8042550707238988
1.0,0.824045177405881
1.0,0.5895194635677243
0.0,0.053124613301860045
1.0,0.7182180039102916
1.0,0.47522088879094093
1.0,0.2962124829684174
0.0,0.025700011846252747
0.0,0.4445191610501859
0.0,0.7228451406603327
1.0,0.6742129583218318
0.0,0.42444904062007993
0.0,0.35185032691170687
0.0,0.28971663999546793
0.0,0.07139216797404292
0.0,0.06654315367672456
0.0,0.13820361555211297
1.0,0.18763012247445457
1.0,0.8172065255339616
0.0,0.4323778212360694
1.0,0.8504888752755352
1.0,0.9104773890681035
1.0,0.5646257159267383
1.0,0.6577608612249352
1.0,0.7939878548650294
0.0,0.0806185126608761
1.0,0.32146454563025667
1.0,0.6118123191507303
1.0,0.4244240423902077
0.0,0.14851042416961865
0.0,0.31802725242987984
1.0,0.13950235372310973
1.0,0.5179097652432364
0.0,0.03650731944671568
0.0,0.06300165702925509
1.0,0.11346465574496833
1.0,0.7520121012110706
0.0,0.389356979819512
0.0,0.10331479535678822
1.0,0.7163721385935053
0.0,0.0550722027374279
0.0,0.3006294244654253
0.0,0.09206569515790103
1.0,0.4643198031087683
0.0,0.8219492776094777
1.0,0.6891545247604512
1.0,0.29420196229454565
1.0,0.8158310777913107
1.0,0.90470271061285
0.0,0.02347818531748151
1.0,0.7189789960852544
1.0,0.7327018784844297
0.0,0.65668561229911
1.0,0.8090254996342825
0.0,0.1502109078927756
1.0,0.9083866145696594
1.0,0.6318925461096685
1.0,0.8304006369107875
0.0,0.9031435282974909
1.0,0.8432414463867225
1.0,0.5242669679834696
0.0,0.13245722673241736
0.0,0.5285165873043584
1.0,0.5261356796523019
1.0,0.6003896939861898
0.0,0.05638388973488733
1.0,0.8960096572416479
1.0,0.6832679375311528
1.0,0.8253533107546398
1.0,0.4491344323097519
1.0,0.7678225506159732
0.0,0.13986318474877185
0.0,0.10632641126753858
0.0,0.0645481299641104
1.0,0.632789680604657
0.0,0.8209345270240338
1.0,0.8782369984785875
1.0,0.7102743219051693
0.0,0.517485276832664
0.0,0.039649708185607445
1.0,0.8553482689253833
1.0,0.7975585017305391
1.0,0.6533282812420997
1.0,0.6784727030858102
0.0,0.3077529460790864
1.0,0.2910031341528555
0.0,0.1700215904902537
1.0,0.7029467069405155
1.0,0.7278986289949227
1.0,0.7927514136636289
1.0,0.733425446136435
0.0,0.8444519461706093
0.0,0.02451177605066017
0.0,0.5574981378513596
0.0,0.5928771126870427
0.0,0.10284149340618264
1.0,0.8923752899290571
0.0,0.16765809725907976
0.0,0.3092902979129557
0.0,0.4336013105815496
1.0,0.7729633083295239
0.0,0.5820719523862186
0.0,0.5522212781112334
1.0,0.8027664382890667
0.0,0.3587439558007209
1.0,0.2370984313842653
0.0,0.573826288947403
1.0,0.8538610254145041
1.0,0.579722451758091
1.0,0.6946402719257756
0.0,0.4030993223021086
1.0,0.5689218001202002
0.0,0.36170991316440826
0.0,0.328939041719297
1.0,0.7704606375100815
1.0,0.7276619255552107
0.0,0.4574645587354472
0.0,0.6801371329356736
0.0,0.5400315452037828
1.0,0.3891093718663626
0.0,0.7745838084538428
1.0,0.44277223506710617
1.0,0.7667413349492577
1.0,0.7941132374232214
1.0,0.5520524773887614
0.0,0.24979942543870368
0.0,0.17265025261166
1.0,0.49776060752608253
1.0,0.5139160415077152
1.0,0.7641047641281574
0.0,0.23258148274248316
0.0,0.17984782754647652
1.0,0.7309686470676511
1.0,0.70647736405141
1.0,0.1567198899511711
0.0,0.08362441209263195
1.0,0.6638345343670581
0.0,0.6604579327341633
1.0,0.5491740801565206
0.0,0.05584889581458347
1.0,0.7335203414810508
1.0,0.5436747321076008
1.0,0.7482768514426301
0.0,0.06792714580795642
0.0,0.0332642973159466
1.0,0.7891927857658679
1.0,0.6878230653312642
1.0,0.9118626180282677
0.0,0.22996404318165373
0.0,0.6886954882428249
1.0,0.5447916533320265
0.0,0.5737614347404972
1.0,0.9061305262512827
0.0,0.7573180605758117
0.0,0.05844587856781677
0.0,0.4052180714363188
0.0,0.766400856877476
1.0,0.8097670509285063
0.0,0.36378522958894677
1.0,0.9163748607357438
1.0,0.7761455441782564
1.0,0.396004681373629
0.0,0.5737598505092106
0.0,0.5838014243125134
0.0,0.10315049727119519
0.0,0.026278663324654762
0.0,0.7603840159845201
0.0,0.08126596792822688
0.0,0.07244231611951647
0.0,0.05079726559055901
0.0,0.08450597362607787
0.0,0.15483864646371118
0.0,0.08314146055244968
1.0,0.7540533337062224
0.0,0.09013325853497177
0.0,0.14403552215236035
1.0,0.7965269933920126
1.0,0.5370952710057745
0.0,0.41955261632212737
0.0,0.07032993308680548
1.0,0.7162138268925249
0.0,0.31323174513122154
1.0,0.8502996579872139
0.0,0.24938214664280478
0.0,0.4409225061606841
1.0,0.5464463709272901
0.0,0.030872138421104308
0.0,0.21332751154158566
1.0,0.23514748721937015
1.0,0.8365811423658374
1.0,0.8155620791048688
1.0,0.9130521230565494
1.0,0.6337622307039763
1.0,0.38010986166018507
0.0,0.17989382392068107
0.0,0.021762640800570568
0.0,0.3520219960797718
1.0,0.8102949685622417
0.0,0.30628615342257826
1.0,0.7919179885993504
1.0,0.8884896826714546
1.0,0.7013722898348047
0.0,0.3608228082822638
1.0,0.8565962889625846
0.0,0.10849175540696
1.0,0.30162956989595596
0.0,0.5756880120699989
1.0,0.30887252132953036
1.0,0.11621445437097461
0.0,0.09011508947216906
0.0,0.08211786646591966
1.0,0.7029687227505782
1.0,0.7276513750612311
0.0,0.6005974977377792
1.0,0.8543948143332022
1.0,0.6883004028898427
0.0,0.7397708503521664
0.0,0.020303093162988638
0.0,0.13858665226122796
1.0,0.8768752513608112
0.0,0.34462522554322983
0.0,0.6798622637458649
1.0,0.8611349338003783
1.0,0.3346031369832544
1.0,0.47924997414891246
1.0,0.6298794155019186
1.0,0.35712278653969687
1.0,0.7604467037186159
1.0,0.8222095360388294
0.0,0.3271253568892664
0.0,0.04330920274999348
1.0,0.8966901026708939
0.0,0.3925986188948531
1.0,0.8858471131604772
0.0,0.2907072436912193
0.0,0.22318771406712432
0.0,0.08935673490204436
0.0,0.43629883250620954
0.0,0.05907964511052608
1.0,0.8264131745692149
1.0,0.20708306982032249
0.0,0.7717862577002926
0.0,0.2966339035908455
1.0,0.6687683072170961
1.0,0.8356387212665506
1.0,0.8762984527620956
0.0,0.26853773002352443
0.0,0.03377141761354787
1.0,0.31437214773241273
0.0,0.08432839106914287
1.0,0.3327284523033661
0.0,0.4581428165257164
1.0,0.795354261470861
1.0,0.7128144114397075
1.0,0.5616792393465252
0.0,0.8448066213878914
0.0,0.6170258545920293
0.0,0.15029043304146586
0.0,0.03960317657322158
1.0,0.7040590678165359
0.0,0.03316236064568587
1.0,0.7608786828675008
1.0,0.4354577407427193
1.0,0.9239017328215355
1.0,0.5298729691032948
0.0,0.09846783457239376
1.0,0.8949271858193846
1.0,0.5400298685150527
0.0,0.20208748420201944
0.0,0.38447872031647934
0.0,0.1799443539765796
1.0,0.5384977408450047
1.0,0.5713662299485821
0.0,0.08622425001597513
1.0,0.8970205451389778
1.0,0.6769230946496366
1.0,0.49658569888945914
1.0,0.5684497573319622
0.0,0.07042821063238738
0.0,0.12780046952248872
1.0,0.5258842361730022
1.0,0.9204294795130993
1.0,0.484634182176154
0.0,0.17886499053860033
1.0,0.6199438254242958
1.0,0.7828269996345963
1.0,0.7935626084006284
1.0,0.86713006353726
0.0,0.7970613803856872
0.0,0.16488065113025205
1.0,0.28867912926466244
1.0,0.5431467942906583
0.0,0.27719861029397075
0.0,0.42539919064282616
0.0,0.6488738369981647
1.0,0.7471472773538335
0.0,0.7970514677523557
0.0,0.19732594370794151
0.0,0.03347919260975474
1.0,0.8652025032480221
1.0,0.5764074323341306
1.0,0.31486981354425125
0.0,0.7887797402562123
1.0,0.17189533113964617
0.0,0.07322094288267256
1.0,0.7114242397430681
0.0,0.557223263556758
1.0,0.7358164532319408
0.0,0.5375771518413096
0.0,0.05339674711464139
0.0,0.05891064345493415
1.0,0.8787261909666852
0.0,0.3119679930104548
1.0,0.8019240505288692
1.0,0.8712855440106798
0.0,0.18775503005355737
0.0,0.10257875262144504
0.0,0.10738732501083736
1.0,0.8934796679276314
1.0,0.8974387777379662
0.0,0.33143030755872016
0.0,0.031088739966144235
1.0,0.718522135633029
1.0,0.8683350582409141
0.0,0.5119420772957337
1.0,0.8089191328420123
1.0,0.47346385015779696
0.0,0.034947523102674294
0.0,0.22247377906414165
0.0,0.09996767550328188
0.0,0.20253574386737028
1.0,0.44171452697329333
0.0,0.6713395215365877
1.0,0.7805367461141448
1.0,0.5092357750322153
0.0,0.3869927184259086
0.0,0.3300817105624775
1.0,0.24243238660983094
0.0,0.03177190410954308
1.0,0.5591151393067084
1.0,0.7930784896311663
1.0,0.9210531174490316
1.0,0.6590808259103986
0.0,0.22554671150998465
1.0,0.8226233230295285
0.0,0.029692072659557915
0.0,0.13025171692473966
0.0,0.7550254359313834
1.0,0.8427921756037815
1.0,0.46146600607303795
1.0,0.743630619353059
1.0,0.6391426240971912
1.0,0.36833543866908414
1.0,0.5033936447567379
0.0,0.05548059706997556
0.0,0.23259953168840555
0.0,0.021618499052204008
0.0,0.17891124151542026
0.0,0.04935018897281069
0.0,0.29143709427260245
1.0,0.499332876089107
0.0,0.17068351928417333
0.0,0.3536893022756766
0.0,0.25976253579052705
0.0,0.5010774423835419
0.0,0.623547841139535
0.0,0.04952024854136906
1.0,0.7414286963402257
0.0,0.06371333965189031
0.0,0.04031333860165479
1.0,0.8187350356369656
1.0,0.3792640745377559
0.0,0.7299525571586452
0.0,0.08332490437405969
1.0,0.6457265014604977
0.0,0.6122210161954099
0.0,0.28404065322096705
0.0,0.6695636400367923
1.0,0.8453113908969864
1.0,0.8650408388783368
0.0,0.455486382173703
0.0,0.2603924086069468
0.0,0.2167536498013036
0.0,0.06290103278836151
1.0,0.8421925440878687
1.0,0.7086196836533615
0.0,0.05677902935203094
1.0,0.9106371124195514
1.0,0.7341817036957943
1.0,0.8206642531191977
1.0,0.5079009865963947
0.0,0.2958924583746125
1.0,0.17011254962061467
0.0,0.7696300658309881
0.0,0.08294742905160159
1.0,0.711886149716675
0.0,0.1617668170904113
0.0,0.5718019847357891
0.0,0.18805839402471797
1.0,0.696767720064302
1.0,0.8549150906162837
0.0,0.3476886571647361
1.0,0.676762470355958
0.0,0.041978117422308926
1.0,0.6946549468249147
0.0,0.22619005443831508
1.0,0.7950921874025264
0.0,0.5236227233749273
1.0,0.8263522143224589
1.0,0.6214565223739484
0.0,0.397009008690394
1.0,0.8570183769013685
1.0,0.5374605812131859
1.0,0.7537456791401982
1.0,0.7756681364488814
0.0,0.4339121793480971
1.0,0.7199930773110169
1.0,0.6731871223199057
0.0,0.7845268680383706
0.0,0.6143418647279443
1.0,0.8540077219797284
1.0,0.7119632028041085
0.0,0.04161523649251097
0.0,0.12171776681655523
1.0,0.7520412750134021
0.0,0.7167737843235218
0.0,0.04551255582575121
0.0,0.8733485696973589
1.0,0.9043305815492485
1.0,0.6951561101936611
0.0,0.024942268808435277
0.0,0.05421330296210153
1.0,0.8682948368847379
1.0,0.33261329016648605
1.0,0.5196108905801927
1.0,0.6601735510807284
0.0,0.9360049092390043
1.0,0.7422257696207503
0.0,0.7044453643407242
0.0,0.2397327444539564
1.0,0.6566116852233921
1.0,0.6012905610993297
0.0,0.11947230074836332
1.0,0.6872006066013058
1.0,0.8427921756037815
0.0,0.07424347549689284
1.0,0.8161604899379749
1.0,0.22006123352678422
0.0,0.42375815939544426
0.0,0.5368857546284955
1.0,0.5094896880683526
1.0,0.6923072803595991
1.0,0.3151031413243348
0.0,0.8245864197021247
1.0,0.9065479302799995
0.0,0.40151974724535594
0.0,0.043364036889811386
1.0,0.584467023334411
1.0,0.7869249458740641
1.0,0.7800825506658062
1.0,0.6167192919035178
1.0,0.7468086164621559
0.0,0.28059574351379146
0.0,0.09618457141682897
0.0,0.05714312400131957
0.0,0.2924755813643701
0.0,0.892452159193983
1.0,0.23310692277382597
0.0,0.6484109926525768
1.0,0.7653992059788088
0.0,0.37410401387538067
0.0,0.03695722947594667
1.0,0.6943612015962368
0.0,0.5455664537593434
0.0,0.10434445675525335
1.0,0.763108325144908
0.0,0.711655984953397
1.0,0.9097397027816546
1.0,0.5075867488254749
1.0,0.8729720968732154
1.0,0.7804710442767399
1.0,0.8875059548253432
0.0,0.3288045778455447
1.0,0.48154352911527415
1.0,0.8010330386220977
1.0,0.8523356321124276
0.0,0.12443403771242696
1.0,0.7632235168152454
1.0,0.6920148234215716
0.0,0.07677912985448153
0.0,0.14126158684473084
1.0,0.3559022268355149
0.0,0.3468241278874967
1.0,0.5958547158804209
0.0,0.028391632233593884
0.0,0.4256785474359002
1.0,0.9216796095440873
1.0,0.7939963043444958
1.0,0.7059828019968997
1.0,0.8299642249316056
1.0,0.7534106499194366
1.0,0.9019088676464462
0.0,0.14629001135529232
0.0,0.2673797670150752
1.0,0.8911507652880192
1.0,0.9033791154539645
0.0,0.05139820244584432
1.0,0.726453961001997
1.0,0.8316931936255303
0.0,0.06375512510878956
0.0,0.22747520783254385
1.0,0.8212352473241967
1.0,0.6595031305592526
1.0,0.8109984695459114
1.0,0.5819305544661734
1.0,0.8979709906569198
0.0,0.06589183088152675
1.0,0.20985828798230483
1.0,0.5732781613240677
1.0,0.8021891252812944
1.0,0.8777934395883109
0.0,0.5263653613945392
0.0,0.37498507186572116
1.0,0.8238466983560735
1.0,0.5854025322120479
0.0,0.5394427862404878
0.0,0.32321535775515753
0.0,0.2774151413482087
0.0,0.33783672664703407
0.0,0.12607157319317652
1.0,0.8081163495213215
0.0,0.2388730214162359
1.0,0.575996071380743
0.0,0.0647365101064643
0.0,0.05527282794734196
0.0,0.6412664030867066
1.0,0.7273690192328421
0.0,0.12820131695920794
0.0,0.1931202526516831
1.0,0.48972859067593844
0.0,0.025897659620812908
1.0,0.7730264146731548
1.0,0.8549390372453894
1.0,0.7522834209483917
1.0,0.6841227488454138
0.0,0.6809256485143462
1.0,0.7570517845838016
1.0,0.89037602302176
1.0,0.7594671897641352
0.0,0.05451507520211918
1.0,0.8065011670001404
0.0,0.2541053031609587
1.0,0.6038941444601028
1.0,0.7434494666731196
0.0,0.33701544639346065
0.0,0.11230222138134054
1.0,0.8222548349397197
1.0,0.8048713025475637
0.0,0.08950242508670506
0.0,0.06731395974940109
1.0,0.7878405576079305
0.0,0.515452752589357
0.0,0.2930008337938449
1.0,0.8346212844539935
0.0,0.702978754570292
0.0,0.2771928676046628
0.0,0.056502843779495784
0.0,0.14265684066576398
1.0,0.8477174479481394
0.0,0.1985108175390119
1.0,0.7625740673343073
0.0,0.02771841585643304
0.0,0.8594815451060224
1.0,0.07297594194091105
1.0,0.23405925153268453
0.0,0.11620523729357392
1.0,0.3461857739230942
1.0,0.6859403717964763
0.0,0.15364959198795414
1.0,0.5697840978495016
0.0,0.24288654434497878
1.0,0.873099748733603
0.0,0.6622274389293193
1.0,0.42122036214331493
1.0,0.6015927036980656
0.0,0.3564868283845949
0.0,0.6297998862095158
0.0,0.08773350764956074
0.0,0.5216114899338287
1.0,0.7656712805654178
1.0,0.5751169553007517
1.0,0.655915592415115
0.0,0.6803989188061446
0.0,0.11795617231021412
1.0,0.8933457500078321
1.0,0.4663072878300649
0.0,0.6562601779683623
0.0,0.10349070770316972
1.0,0.8875849694511122
0.0,0.6107299808524973
0.0,0.5204300316832814
0.0,0.049630451124564635
0.0,0.04979567696305934
0.0,0.07082932976154503
1.0,0.8950939043058241
0.0,0.6169814254202478
0.0,0.1509064938280907
0.0,0.46626290613574284
0.0,0.7191800665941588
0.0,0.2488011136186774
1.0,0.8115846589258846
0.0,0.743450549816131
0.0,0.6626726725328506
1.0,0.4489756505474291
0.0,0.7525473209785601
0.0,0.8744611410716429
1.0,0.7928218976847026
0.0,0.404079278099885
0.0,0.8888000887592884
0.0,0.5526799454137247
1.0,0.7768574811410369
1.0,0.8762563519586266
1.0,0.18872730354462522
1.0,0.6420758397339285
1.0,0.8586505355176746
0.0,0.6923816775545797
0.0,0.8071870169842273
1.0,0.894792336166512
1.0,0.7939688469267375
1.0,0.8525466290812163
1.0,0.8877191480185401
1.0,0.6730133010246576
0.0,0.44334879724374604
0.0,0.02771841585643304
1.0,0.6167106938734419
0.0,0.24578830333121698
1.0,0.8426455499601364
1.0,0.6065432160912707
0.0,0.6094164902677474
0.0,0.2940312654688838
1.0,0.6708664277984658
1.0,0.8917309649826758
0.0,0.4872026633453033
1.0,0.5724385487816525
0.0,0.6619449036794728
0.0,0.08959538855079334
1.0,0.7580192348361753
0.0,0.3565809832550712
0.0,0.325064835494506
0.0,0.8866829994683338
1.0,0.8895755362957077
1.0,0.878960586692212
0.0,0.08103051222671694
0.0,0.7469010211468912
1.0,0.5339837247433468
1.0,0.7857275694743512
1.0,0.16147882348514908
0.0,0.6435886417544294
0.0,0.560388563238786
1.0,0.38388777928805234
0.0,0.19769124670088792
0.0,0.35587626378676007
1.0,0.18700340038834998
0.0,0.4712943237500182
0.0,0.5571342307609713
1.0,0.6265022852583767
0.0,0.48533025939010216
0.0,0.06666919797031615
0.0,0.2001661366771587
1.0,0.6688731424442992
0.0,0.07693445586726234
1.0,0.858558527171017
0.0,0.5381053067702805
0.0,0.18432680976352717
0.0,0.31549460486686653
0.0,0.5867243161622229
1.0,0.7254707800907123
0.0,0.6852069845178614
0.0,0.15545930522127252
1.0,0.8713740394119937
0.0,0.06884964358465255
1.0,0.6825939900195316
1.0,0.8657419339084392
0.0,0.2682220392488644
0.0,0.03075108401546344
1.0,0.6781197937841626
0.0,0.7561859421556699
1.0,0.8188887605388604
0.0,0.6618367274020381
1.0,0.71792626318335
0.0,0.10315049727119519
1.0,0.8046827927787786
1.0,0.6919099369596842
1.0,0.18353891489126575
1.0,0.32733491483420135
0.0,0.29166021033208395
0.0,0.3820722800691896
0.0,0.05368926370622793
1.0,0.1515008463736157
0.0,0.7141543369362643
0.0,0.1611579377592666
0.0,0.2690454456187048
0.0,0.6367606748704489
1.0,0.24562957839312152
0.0,0.07090175761518937
0.0,0.6649345992997961
1.0,0.8547343280194705
0.0,0.1306027684307112
0.0,0.16542070256596209
0.0,0.43466901849731865
0.0,0.05966511454322865
0.0,0.7289182880969213
1.0,0.7953303062740428
1.0,0.8197191573377598
1.0,0.23237887181075256
0.0,0.47320716999148105
1.0,0.5938162209192049
0.0,0.8638495271205222
0.0,0.4516867331204543
0.0,0.055492431210480794
0.0,0.8746111779477508
0.0,0.27216736474526687
1.0,0.6155926712124051
1.0,0.5830372055751609
1.0,0.8579026739935981
1.0,0.8326334940881442
0.0,0.20021254837272323
0.0,0.10093209098977524
1.0,0.842954438028582
0.0,0.7348016738750024
1.0,0.6107694952001212
0.0,0.07436575730464003
0.0,0.716338548755085
0.0,0.2650888964748144
0.0,0.10821650345201264
1.0,0.815788971044472
0.0,0.534421638853182
0.0,0.11379112623604884
1.0,0.8927610345421527
1.0,0.9145987204588362
1.0,0.7172901065375156
1.0,0.7996756895017546
0.0,0.07452708333520322
0.0,0.8178267838184707
0.0,0.7747864813688621
1.0,0.3880937470044953
0.0,0.7309955677282833
0.0,0.14037861476699423
1.0,0.8465665427148347
1.0,0.3575955383901041
1.0,0.9147631759508462
0.0,0.11820362335824663
0.0,0.39038584568880247
1.0,0.7102978850260615
1.0,0.8383673527985199
1.0,0.6117549469527744
0.0,0.14935877296603095
0.0,0.096444154668733
0.0,0.44116321882737575
0.0,0.8268056898286054
1.0,0.6698678187369244
0.0,0.03794956343302936
1.0,0.3889998534730242
0.0,0.06577005142701024
1.0,0.31833977327377483
1.0,0.8784537995347262
0.0,0.07417426715079137
1.0,0.875674222509211
1.0,0.8300876362154908
0.0,0.03871661222779053
0.0,0.8145419332162447
0.0,0.3569741070404154
1.0,0.6302039688716534
1.0,0.7743416997189133
0.0,0.2796426313615859
0.0,0.4965770219871956
1.0,0.6395610995082757
0.0,0.32572255996968136
1.0,0.7623130859652419
0.0,0.5717012439352451
0.0,0.6561422320442237
0.0,0.2505669941197891
0.0,0.23436348491520978
1.0,0.8361705887276271
1.0,0.41136375517341944
0.0,0.13173186818826182
1.0,0.6938119943704595
1.0,0.7764158058512352
1.0,0.6290290993071777
1.0,0.32115696234684743
1.0,0.5447309021197597
1.0,0.6563718629846382
1.0,0.28597435273869626
1.0,0.7203105422814019
0.0,0.1485402633306922
0.0,0.19750147189740333
1.0,0.1964047471651958
0.0,0.30922666721153463
1.0,0.34125849991130924
0.0,0.24453017040236835
1.0,0.7938617058040736
0.0,0.0681769632711488
1.0,0.7734946040993442
0.0,0.40880405438403866
1.0,0.6072582776030389
1.0,0.7484361899945466
0.0,0.09259924750090641
0.0,0.06904816698922123
0.0,0.15075970367068542
0.0,0.48994734964310216
1.0,0.8130704328588053
0.0,0.38397130116374084
1.0,0.5129541457134349
1.0,0.8894439840379477
0.0,0.22903486642926443
1.0,0.308297999671899
0.0,0.7575143767815603
0.0,0.2362926504922707
0.0,0.2704895490082531
0.0,0.518477615364611
1.0,0.8535808958594134
1.0,0.5155962337167067
0.0,0.18081673588654318
0.0,0.28478904243962616
0.0,0.4358407278535541
1.0,0.8937577504822948
1.0,0.5172287795031288
1.0,0.6451040077741308
0.0,0.06594072281983637
0.0,0.8541056857841031
1.0,0.9229436106947577
1.0,0.30538322865034495
1.0,0.7992843030633824
0.0,0.22101552019639553
0.0,0.09766242840196561
0.0,0.37276366385433146
1.0,0.6039760503678564
1.0,0.684535275993396
0.0,0.7947576564303737
1.0,0.5969817421145108
0.0,0.7323252533085389
1.0,0.7598551866300183
1.0,0.5955037645172621
1.0,0.8612492555957701
1.0,0.7573799128447845
1.0,0.8072906036827998
0.0,0.6444458647191538
0.0,0.03075108401546344
1.0,0.7970855101053398
1.0,0.8029294816024675
0.0,0.3435023354047326
1.0,0.4294696036539412
0.0,0.08156106776961092
1.0,0.8859092386227563
0.0,0.665650784977136
1.0,0.5613417365241049
1.0,0.6374194924498825
1.0,0.667632334760136
0.0,0.4072287214978507
0.0,0.1520650442316785
1.0,0.1369917184451176
1.0,0.8907597030287548
0.0,0.07304839757160433
1.0,0.48836073081811004
0.0,0.059794240777080856
0.0,0.4785815395893545
0.0,0.10439754729920889
0.0,0.042686429781515677
1.0,0.5929645109835762
1.0,0.7890084234324056
0.0,0.8096698840158654
1.0,0.7305875473896865
1.0,0.7882674586432876
1.0,0.3538085160874354
1.0,0.5484032608279724
0.0,0.16773104167132194
0.0,0.7097584663693882
1.0,0.7156759587210618
1.0,0.7473046998931602
1.0,0.41242680849169416
0.0,0.14170448845166544
1.0,0.8931496683339992
0.0,0.1306135512977866
0.0,0.15727376547949024
0.0,0.25992948883141975
1.0,0.6920008811168988
0.0,0.3036802354056107
1.0,0.8821086095193668
0.0,0.17839253830647256
0.0,0.7658813844392407
0.0,0.73407541667761
0.0,0.7681447473098585
0.0,0.1429784484790492
0.0,0.05198701533585198
1.0,0.7535541272959716
0.0,0.2944323951149951
0.0,0.7659261074045933
1.0,0.7325836414627421
0.0,0.08193630782033955
1.0,0.8679863617536179
0.0,0.1887322808596812
0.0,0.05746100901566332
1.0,0.8522843351011041
0.0,0.056540864240928676
0.0,0.050194284948413145
1.0,0.8952638401102441
1.0,0.44478303906161976
1.0,0.41151872660350364
0.0,0.08386090084100717
1.0,0.7956498790727264
1.0,0.6981197734717721
1.0,0.23340594078925775
1.0,0.24224546063492344
0.0,0.2461480728748708
1.0,0.4495068869660156
1.0,0.7029084124724008
0.0,0.35810350621634945
1.0,0.6867415700078963
1.0,0.8214172476022285
1.0,0.7181124513803311
1.0,0.11771359429132124
0.0,0.614110407897505
0.0,0.44296921481856816
0.0,0.6840149051393905
0.0,0.07376947088627349
1.0,0.8585210356261802
1.0,0.8063829386107664
0.0,0.13950235372310973
0.0,0.6197806555300538
0.0,0.6701926799627871
1.0,0.7052065897627995
0.0,0.12707751562741873
1.0,0.7486264992771705
1.0,0.6757489887537104
1.0,0.5733165457608256
0.0,0.049717473154721
1.0,0.31711725733649815
0.0,0.32650778073598485
0.0,0.09086985956955146
1.0,0.8757545014595887
1.0,0.3889861951645572
0.0,0.18641575103334537
0.0,0.7164467455424542
1.0,0.5102665723413957
1.0,0.5771479028686701
0.0,0.09871588019654862
1.0,0.9276690706551797
0.0,0.6859421459955947
0.0,0.12340384382865698
0.0,0.7899042659114927
0.0,0.052964034952117885
1.0,0.8377781303597007
1.0,0.5778486391996206
0.0,0.37445380437534503
0.0,0.4219114234556533
1.0,0.7659721703196882
0.0,0.11851728881252384
1.0,0.877070155580605
1.0,0.6235386643425324
1.0,0.7814945371208852
0.0,0.1786221497273459
0.0,0.8453425691807493
0.0,0.18966533996777313
1.0,0.5928833353574705
1.0,0.0755233503367397
0.0,0.37139980238510145
1.0,0.7978740687807291
0.0,0.3148725443972514
0.0,0.7624423174698549
0.0,0.04468013255882331
1.0,0.8863093382850926
0.0,0.584293628366759
0.0,0.17940924039905626
1.0,0.7739785750552761
0.0,0.07352897005296713
1.0,0.6924732079208461
1.0,0.17677037832046724
1.0,0.08774859909737573
1.0,0.3770840227240561
0.0,0.7058319237917909
1.0,0.6522305172169719
0.0,0.5879640711438832
0.0,0.7443090222645131
0.0,0.0988294178489757
1.0,0.6776671847744455
0.0,0.06473847709021026
0.0,0.05053834382121359
0.0,0.11607248381741454
1.0,0.18367100993840302
1.0,0.742695079185812
1.0,0.8046935612911119
0.0,0.5696961052329406
0.0,0.2649184427292452
1.0,0.27181850260064455
1.0,0.8116197792938299
1.0,0.8618110664004133
1.0,0.8035420752235085
1.0,0.8251650747823244
0.0,0.6759945582361551
0.0,0.3476507058418873
0.0,0.5601724509811843
0.0,0.33625967344067187
0.0,0.7844773302186724
1.0,0.46190506977952206
0.0,0.08772876162782266
0.0,0.12656565288952268
1.0,0.8149821129847677
0.0,0.049179558700395455
0.0,0.023518358824715417
0.0,0.3294808857158409
1.0,0.5192937563136468
0.0,0.44298962291469945
1.0,0.8264268752214777
0.0,0.7513283710291642
1.0,0.9069079203797341
1.0,0.16755742073591118
0.0,0.197743825552813
0.0,0.3302495283780926
0.0,0.18059486151201282
0.0,0.7584794266291901
0.0,0.6265426226885907
1.0,0.49767463237044474
0.0,0.31710395344692627
0.0,0.49894160794792025
0.0,0.2594718108469441
1.0,0.8726659901093969
1.0,0.9244129417136976
0.0,0.2039948840004222
1.0,0.3517338065771934
0.0,0.6424022783127654
1.0,0.8779850259405775
1.0,0.767423949521115
0.0,0.050180147539183595
1.0,0.8697017355541243
1.0,0.4645646433521552
0.0,0.04311360804436452
1.0,0.7232808564090594
0.0,0.7698226158415366
0.0,0.04778348416840417
0.0,0.11221399167891861
0.0,0.18678157219734495
1.0,0.8837418712261602
0.0,0.6925399176055477
0.0,0.7559751820191989
1.0,0.7166233491719856
1.0,0.30960481506068077
1.0,0.8469624270097255
1.0,0.834663205225871
0.0,0.5728708634783322
0.0,0.7932049100485743
0.0,0.21557694794328908
0.0,0.25772897841246667
0.0,0.8357755436450404
1.0,0.7578319702337578
0.0,0.15298376194072172
0.0,0.9080686886082209
0.0,0.05928211937575459
1.0,0.11858095959169743
0.0,0.15490134732414673
0.0,0.041907839855484005
0.0,0.21038462313027573
0.0,0.2521171271580209
1.0,0.7555498682800887
0.0,0.8300841757497268
0.0,0.04159510265790082
0.0,0.026461891410939027
1.0,0.49700605655606095
0.0,0.8143766289274249
1.0,0.13335892604695546
0.0,0.6360652919284635
0.0,0.6406405090767192
0.0,0.1017238823085515
0.0,0.6037787355668772
0.0,0.5384890684496972
0.0,0.44066288945379006
1.0,0.1765234071985459
0.0,0.25483870905530515
1.0,0.7396439394869176
0.0,0.3288608405086735
1.0,0.633603923376879
1.0,0.6171143035262955
0.0,0.42508283419528325
1.0,0.6947367318061235
0.0,0.1047652703783716
1.0,0.8319167873345776
1.0,0.841001385014169
1.0,0.8660258597815459
1.0,0.37531162557516284
1.0,0.22383749182653923
0.0,0.7211068759269245
0.0,0.12624178016073606
1.0,0.8640000905658188
0.0,0.028646689965185154
1.0,0.7511901332993632
1.0,0.8387323057219077
1.0,0.8859575032730244
1.0,0.7215359732281345
0.0,0.11366043537824268
1.0,0.771481367069278
1.0,0.5092794909279663
1.0,0.47043684948218184
0.0,0.31495274216082253
1.0,0.8070831894833376
0.0,0.29063328538708755
0.0,0.6540231739983343
1.0,0.8677017777944417
0.0,0.04821776041610413
0.0,0.7312055390835882
0.0,0.08844123946501942
0.0,0.2521526213853256
1.0,0.762305863545456
0.0,0.322568595047912
1.0,0.7273313555235031
0.0,0.3795287951017671
1.0,0.9140549504735743
0.0,0.7532704720998815
1.0,0.8876778337706525
1.0,0.7575076082271963
1.0,0.7793316496804414
0.0,0.5317373172917783
0.0,0.16496302565034857
0.0,0.16309887788317107
0.0,0.06051851007934189
1.0,0.6663767589836563
1.0,0.8443826270163723
1.0,0.5795427917089829
1.0,0.7736937275686664
1.0,0.20919557908138003
0.0,0.05928108962584716
1.0,0.814319184122906
0.0,0.3952723653533671
1.0,0.8988806098012192
1.0,0.7334202356702043
1.0,0.6627028769694814
0.0,0.14829354298973088
1.0,0.8886599139402103
0.0,0.730019804462191
1.0,0.6851035552530069
1.0,0.7398574413277158
1.0,0.8653594200159112
0.0,0.13078503182874499
1.0,0.9203328545068731
0.0,0.54438960192514
1.0,0.7200326067626448
0.0,0.7700057339800667
0.0,0.4343357446309122
0.0,0.4110419785612655
1.0,0.20253025374294775
1.0,0.6735655126634111
1.0,0.06583700724093804
0.0,0.5455326581139287
1.0,0.14996731246634618
1.0,0.8618310127297703
0.0,0.5856587567652602
1.0,0.5227322715265953
1.0,0.20621048553054408
0.0,0.3500639616718808
1.0,0.8580120422195655
1.0,0.5659734186135398
0.0,0.11253136991417155
1.0,0.8309013003746527
0.0,0.017170809889724758
1.0,0.7168936960694948
0.0,0.061987843967556376
1.0,0.7189687342031532
0.0,0.7583779450085874
0.0,0.10236268685323466
1.0,0.7384916625770732
0.0,0.7588718719093297
1.0,0.7243863906054312
0.0,0.147942629751489
0.0,0.7114300325723251
1.0,0.47545262824780943
0.0,0.7681554586056311
0.0,0.07586333129429557
1.0,0.5517037968814029
0.0,0.04555558642211098
0.0,0.07403860024048962
1.0,0.6259429456258697
1.0,0.8271838608153108
1.0,0.8109654807412332
1.0,0.5342568045464825
0.0,0.43712066088295554
1.0,0.88070063081777
0.0,0.23386832494534696
0.0,0.6759245870224527
1.0,0.8963318125926869
1.0,0.8049303540153251
0.0,0.3853460572124654
0.0,0.7431020272612133
1.0,0.7026285869159146
0.0,0.16717594961071994
1.0,0.5690768878647097
0.0,0.31780873527669995
0.0,0.10612464773161526
1.0,0.6170658079599027
0.0,0.5341019376988169
1.0,0.793396525597105
1.0,0.757037630242026
0.0,0.1109750358964499
1.0,0.8946641498405258
0.0,0.45120585159927645
1.0,0.23427708954207566
1.0,0.8870151086805029
1.0,0.8684099768288907
0.0,0.5852931872691297
1.0,0.8842816289594667
0.0,0.17976458801927497
0.0,0.09065285915211027
1.0,0.6841736358653567
0.0,0.7991229532079236
1.0,0.8295106040021504
1.0,0.8612825155576981
1.0,0.9257370542467542
1.0,0.810771762672484
1.0,0.7911758697101041
0.0,0.6253240235476505
1.0,0.22727033254984155
1.0,0.4678668571484863
1.0,0.8463077486579637
1.0,0.6008874097414799
0.0,0.3993776163047882
1.0,0.8675848502816984
1.0,0.1967398506747047
0.0,0.06479624796593134
0.0,0.5033517549963729
0.0,0.15675656665339038
0.0,0.04186021632822119
1.0,0.7995038336720566
0.0,0.17532647594646122
1.0,0.6921004439140745
1.0,0.5765858724353085
1.0,0.4289783623299453
0.0,0.11657062340732666
1.0,0.7944216096000025
0.0,0.031107312862677136
0.0,0.30345041157941266
0.0,0.7272978425095709
0.0,0.21299779091595752
0.0,0.6984551070451095
0.0,0.2518285585311048
0.0,0.42435400713061483
1.0,0.5512381645773724
1.0,0.07333140304886857
1.0,0.45079341387904165
1.0,0.32787967251810635
1.0,0.8767296131388779
1.0,0.6867387954874312
0.0,0.1691582015414692
1.0,0.8904988937022753
0.0,0.33315509725048087
1.0,0.2948547053416865
1.0,0.8350225925560684
1.0,0.8875175039464431
1.0,0.07127278506430815
0.0,0.606914842399001
0.0,0.32412623145555114
1.0,0.7173664195813754
1.0,0.8742142777245075
0.0,0.6159904707858266
1.0,0.5539908567556269
1.0,0.8223794702158118
1.0,0.3809554858951722
1.0,0.5900521835145316
0.0,0.7549174097554189
0.0,0.06132937467869554
0.0,0.54683301762709
1.0,0.6077383441938036
0.0,0.7785338868306163
1.0,0.39809703821378917
0.0,0.028257731149165684
0.0,0.6756134800305731
0.0,0.6220961923145044
1.0,0.8005140779767941
0.0,0.10800471625553663
1.0,0.6715598598974702
0.0,0.48706850831340565
0.0,0.356650977064566
0.0,0.23321325724086603
1.0,0.8812105508423009
1.0,0.8259674516348262
1.0,0.7965589740600035
1.0,0.7593101220926676
0.0,0.15224433605500506
1.0,0.7923670270868329
1.0,0.7935523491271088
0.0,0.26219148336614695
0.0,0.3674812034932118
1.0,0.8880919467663899
0.0,0.2946278922336457
1.0,0.7801586141584914
0.0,0.24824234392900268
1.0,0.6889867888198387
1.0,0.35265477768977077
0.0,0.16452541562370898
0.0,0.27421308981851883
1.0,0.8374817611757384
0.0,0.05036562938450601
1.0,0.3951088445759676
0.0,0.18798116190224695
0.0,0.08693719003815212
0.0,0.32412869019673535
1.0,0.16532304080629368
0.0,0.15793354731900433
1.0,0.11932458296156616
0.0,0.303195057259635
1.0,0.4007714453576321
0.0,0.11045521838018607
0.0,0.48810590445665647
1.0,0.6564831669828809
0.0,0.8238437716207216
0.0,0.6045167331161051
0.0,0.37943650414264296
0.0,0.12189017534216508
1.0,0.687804583835659
0.0,0.11185025835545377
1.0,0.6282600569633106
1.0,0.5225075068486024
0.0,0.6626574992141543
0.0,0.10003204745841947
1.0,0.9053611562469764
1.0,0.8408075563271398
1.0,0.9162063299055911
0.0,0.13123822416767136
1.0,0.5442927729648834
0.0,0.6363871085065642
1.0,0.5078975349677648
1.0,0.5438513113265815
0.0,0.2675222112706204
1.0,0.48748036657297744
1.0,0.6393460025704963
0.0,0.8671415637336004
0.0,0.39819877862258035
1.0,0.5629185484322875
0.0,0.5761202297303061
0.0,0.7627204152924251
0.0,0.03758224854071109
0.0,0.3132632474745238
0.0,0.10720843948509196
0.0,0.6712523919020645
1.0,0.8844415606202014
0.0,0.056550177933101534
1.0,0.50592149295697
0.0,0.3649046469270032
1.0,0.646341728341276
0.0,0.03836864209428569
0.0,0.025897659620812908
0.0,0.21921431308891498
0.0,0.022598019444055623
1.0,0.8387848380612104
0.0,0.2555808864410666
1.0,0.4707385803591157
1.0,0.6346451206049117
0.0,0.7487483894399648
0.0,0.32488313254750345
0.0,0.03207154784832083
1.0,0.8375843931406615
1.0,0.8511437912343927
1.0,0.860103026927391
0.0,0.058903999877317835
0.0,0.18258666143271823
0.0,0.14882896089157638
0.0,0.6476054135408661
1.0,0.5980539824211804
0.0,0.11765838172377818
0.0,0.22252191626391377
0.0,0.32794336529483814
1.0,0.361765565240442
0.0,0.17840494786513933
1.0,0.6117714278728077
1.0,0.6253240235476505
0.0,0.025200906294221496
1.0,0.708094974250471
1.0,0.8636953091907529
0.0,0.6849348403913055
1.0,0.9252332495191206
1.0,0.6060711196593459
1.0,0.709661970201729
1.0,0.7540983872608943
0.0,0.04171847347584957
0.0,0.06775585517011078
0.0,0.5754982449765041
0.0,0.6343032613105848
1.0,0.8779575681913244
1.0,0.11951544570543343
1.0,0.8576991895315814
0.0,0.5060846729087515
0.0,0.07233882926879255
1.0,0.3815937801587806
0.0,0.07957121593844814
1.0,0.37918691402277716
1.0,0.8399147940078129
1.0,0.10759116822946377
0.0,0.5214955341314286
1.0,0.7666702071233745
1.0,0.8013970922450155
0.0,0.3468186619026259
1.0,0.364023965019929
1.0,0.7315811674272532
1.0,0.7795309115133547
0.0,0.03246236085148512
1.0,0.529758477366125
1.0,0.7438684453301002
0.0,0.6076547247273585
1.0,0.7853207727660892
1.0,0.08139399516367442
1.0,0.24855466759355563
0.0,0.13028178706211715
0.0,0.730983588883463
1.0,0.1258113661468977
0.0,0.2214289361830723
0.0,0.8056448341757999
1.0,0.8655220068202762
0.0,0.8983626102650132
1.0,0.7958106116648938
0.0,0.0831920519315698
0.0,0.18090838195070424
1.0,0.8657592893182279
1.0,0.7073042353153122
1.0,0.8600772936333565
0.0,0.5714983503346268
1.0,0.637738364145516
1.0,0.6233174927451145
1.0,0.761246377176924
1.0,0.3885789474148887
1.0,0.46372671230441903
0.0,0.025743585982746467
1.0,0.8502350518645588
1.0,0.10730429031927087
0.0,0.5941967879617629
1.0,0.7485486263517529
0.0,0.6786592243644063
1.0,0.7523667829604332
0.0,0.622838236931032
0.0,0.6463437407694134
1.0,0.889457749022328
1.0,0.8190581999768564
1.0,0.5996768985541031
1.0,0.9071204899479914
0.0,0.8066302741233359
0.0,0.09634674392734298
1.0,0.827946399235428
1.0,0.29339296393735587
0.0,0.6181170325905208
0.0,0.7630525868078151
1.0,0.7673682454310435
1.0,0.8786940456732485
0.0,0.07768604460829719
0.0,0.8332668282923464
1.0,0.8131032129598441
1.0,0.7235366443005536
0.0,0.11113557618889894
0.0,0.24884029882732137
0.0,0.8151026319793937
0.0,0.484441433823658
0.0,0.6079852223117007
0.0,0.7445928887328955
0.0,0.29883314719026405
0.0,0.44874691067791467
1.0,0.22120776765557426
0.0,0.36639480345071535
1.0,0.4335029420807084
1.0,0.8658539845085468
0.0,0.6279012331138288
0.0,0.7949949996213523
0.0,0.4621154990883697
0.0,0.843069390530344
0.0,0.19803367668019878
0.0,0.07946745247559739
1.0,0.6517136222957548
0.0,0.7177803770338397
0.0,0.5130622417552193
1.0,0.6843190000927435
0.0,0.34510600829280663
0.0,0.4486001166060813
1.0,0.8533783185349467
0.0,0.4721113276029183
1.0,0.6838284360079744
1.0,0.4687816969401343
1.0,0.7090350118426515
0.0,0.2360288430248473
0.0,0.8898835037581171
1.0,0.21217413240041963
0.0,0.22330607149620496
1.0,0.774383302080454
1.0,0.7575146091388198
0.0,0.7590572499932275
0.0,0.059478904885603916
1.0,0.8897259279421116
1.0,0.9006804581123409
1.0,0.7920841223903764
0.0,0.15639450226054294
0.0,0.20674403759351806
1.0,0.5465342833567928
1.0,0.9009880563403364
1.0,0.8275177431994388
0.0,0.8384962672078993
0.0,0.09654174223779488
1.0,0.7243305955887275
1.0,0.5842088355111474
1.0,0.8815989268887054
0.0,0.10799226772586108
0.0,0.530036113054469
1.0,0.8531878765495421
0.0,0.6088308282646346
0.0,0.4996453201113603
1.0,0.8122365799797193
1.0,0.7636172529021467
0.0,0.7538245398363035
0.0,0.3595101168059662
0.0,0.6507811704054979
0.0,0.17623697850429126
1.0,0.7891814228268195
0.0,0.668169327929153
0.0,0.12186385912819228
0.0,0.027966475361338207
1.0,0.9018029967501241
0.0,0.07187913540434979
0.0,0.3974399247583903
0.0,0.4917669027546109
0.0,0.1986882315149971
0.0,0.1854713269018634
1.0,0.6348540897223337
0.0,0.04074096967165625
0.0,0.054109914172623216
0.0,0.08142916627781925
0.0,0.2102025314948336
1.0,0.719645196794092
1.0,0.6637115713319267
0.0,0.6578024070583436
1.0,0.34200129435113585
1.0,0.847091420259683
0.0,0.22611278520765363
0.0,0.30340735264083324
1.0,0.6166407336614722
0.0,0.7839358411428405
0.0,0.8950457243488726
1.0,0.6445815235085407
1.0,0.48014187922766477
0.0,0.6273315355904011
1.0,0.775310424845085
0.0,0.5917254249634369
0.0,0.14898481941202638
1.0,0.33797095726392773
1.0,0.8393203401568512
1.0,0.8032527215704973
0.0,0.5513347679827381
1.0,0.743353200226476
0.0,0.2996384395014136
1.0,0.6597301239819747
0.0,0.7075245509721392
1.0,0.6058607129738162
1.0,0.690214944855638
1.0,0.8736984283326223
0.0,0.04901232693478294
1.0,0.1894936369370693
0.0,0.03214538879491527
0.0,0.5589414017525387
1.0,0.904751360842761
1.0,0.49818127823762354
1.0,0.8504787144834937
0.0,0.08303851201804688
1.0,0.7973612829090367
1.0,0.06847556793086636
1.0,0.7779284448639449
1.0,0.5470484804676489
0.0,0.4806162780755591
0.0,0.05858042365716555
0.0,0.47357399211661927
1.0,0.6616727432233258
0.0,0.11287806416524562
0.0,0.5937614560701202
0.0,0.03776028357594706
0.0,0.10446762298727208
1.0,0.3083584249738653
0.0,0.2508524995404122
0.0,0.4031740429955865
1.0,0.8105904653792111
0.0,0.2995774716873125
1.0,0.23798696672291111
1.0,0.8685693207381656
1.0,0.6707384090273941
0.0,0.12584650718540943
1.0,0.8570364867960535
0.0,0.8443602768237558
0.0,0.731249601254993
1.0,0.5102616309736332
1.0,0.7724345609653487
0.0,0.43824810478105936
1.0,0.1823777890974068
0.0,0.04718944850865273
1.0,0.17482382437589286
0.0,0.1957748683154309
1.0,0.8039788234341848
1.0,0.5347309510015325
1.0,0.5035867463504992
0.0,0.25751407737758375
0.0,0.041715644760329025
0.0,0.24559742679269628
1.0,0.8859905807336561
0.0,0.8340869784141012
1.0,0.5565013857908828
1.0,0.7327944969709612
1.0,0.7659886734663236
0.0,0.1539405594169923
1.0,0.7986564022229248
1.0,0.4506289471034644
1.0,0.706999648426192
0.0,0.7568458084748025
0.0,0.025642468743870196
0.0,0.05858042365716555
1.0,0.8257563389276292
0.0,0.10548076379436522
0.0,0.03908760090631839
1.0,0.9125097369153042
0.0,0.09784060813567302
1.0,0.7447770621112871
1.0,0.824456959363285
0.0,0.04663463377597186
1.0,0.7269076503051922
0.0,0.5865351945405536
0.0,0.1266451441434989
0.0,0.49637769351567235
0.0,0.21132817378770158
1.0,0.6844198209343745
0.0,0.08075623135903687
0.0,0.6097305620522145
1.0,0.6774554755861537
1.0,0.6599007593267953
1.0,0.7949624387449271
0.0,0.024625288595466675
1.0,0.8695017779539039
1.0,0.8434512367810448
0.0,0.4964220123845833
1.0,0.7303542263383076
1.0,0.7982058879574134
0.0,0.050194284948413145
1.0,0.6882493592552467
0.0,0.768766393802941
0.0,0.5951373019311769
1.0,0.7248068444052392
1.0,0.8920662742429197
1.0,0.8857137537755054
1.0,0.4220454953444253
0.0,0.11453464243297537
1.0,0.8937188494450242
1.0,0.653778871916772
0.0,0.1170383348180431
1.0,0.7243401315432002
0.0,0.8284027990732046
1.0,0.32384814717626736
1.0,0.7993614666608099
0.0,0.3650310468210881
1.0,0.7731372448663963
0.0,0.12227189306525361
1.0,0.7858011142427455
1.0,0.7694681213115804
1.0,0.46596237726817874
1.0,0.8855383079395213
1.0,0.5482218440744645
0.0,0.8194022372035517
1.0,0.896761967015865
0.0,0.3014857593081077
0.0,0.5264358960344571
1.0,0.9219117614135917
1.0,0.6402623524516503
1.0,0.6873898506350173
1.0,0.7630434513022322
1.0,0.8169608633248836
0.0,0.14168979899471565
1.0,0.6824087744771544
0.0,0.23325868775817324
0.0,0.08992023636705006
1.0,0.34068545766972225
1.0,0.5090776535175197
1.0,0.2847365387872545
0.0,0.06886550332643805
0.0,0.09444317674279466
0.0,0.16446229149221722
1.0,0.890639273702474
1.0,0.8867434976904076
0.0,0.43976305830034745
0.0,0.1478779309733564
0.0,0.8760122488125184
0.0,0.15854209601833394
1.0,0.3465660275777755
0.0,0.022728816472690972
0.0,0.44013758014201426
1.0,0.7352914220025178
0.0,0.3268802121370043
1.0,0.6584042225370093
1.0,0.7836056280803361
1.0,0.8327903307122237
0.0,0.2696283756936882
0.0,0.126790547156806
0.0,0.6367388063601446
0.0,0.10959961299238744
1.0,0.7206571754941482
1.0,0.20306378622113405
0.0,0.18114202440334073
0.0,0.24325356156397407
0.0,0.09574672822627102
0.0,0.10595685766394812
0.0,0.13695163411087796
1.0,0.8711245063738713
0.0,0.12780576798175816
1.0,0.8978005257882797
1.0,0.8337085099261834
1.0,0.7482364126034865
0.0,0.08975675159989195
1.0,0.8158227564353738
1.0,0.7409979686333651
0.0,0.4866160237421617
0.0,0.17618353288332256
1.0,0.4595184184188374
0.0,0.4163173735998217
0.0,0.037241735449238
0.0,0.411582296132822
0.0,0.16328445632650934
0.0,0.01843156589468495
0.0,0.16255438504639627
1.0,0.44344526371913356
0.0,0.28165636062887295
1.0,0.6746170862024203
0.0,0.42947578957841437
1.0,0.8359316451393984
1.0,0.694810700655825
1.0,0.7844311672627619
1.0,0.8816968163427485
0.0,0.2599469609131649
0.0,0.17060619991997356
0.0,0.34017524992173637
1.0,0.28976738178010614
1.0,0.7373592896516983
0.0,0.18523966218852173
1.0,0.5301132306593033
0.0,0.507586099733155
0.0,0.3005183133850934
0.0,0.5594366283772995
0.0,0.061476222320516354
1.0,0.841362468975439
0.0,0.05712440284709918
1.0,0.27101653066665987
1.0,0.5169494352462721
0.0,0.4648998614758958
0.0,0.9055265161033874
1.0,0.7750450158417882
1.0,0.6533842292642206
0.0,0.05593256066838244
0.0,0.04032772598563863
0.0,0.5610007214514371
0.0,0.6196448403806967
1.0,0.2576969310225921
0.0,0.5803739192887696
1.0,0.831320784739126
1.0,0.8971207558514348
0.0,0.6381180981729052
1.0,0.652897540733402
1.0,0.6868940300789053
1.0,0.9063187822448876
1.0,0.12477864346122872
1.0,0.9016202752419388
1.0,0.8928550967581367
1.0,0.39736356693422514
0.0,0.3381760863875681
1.0,0.3540246047938233
0.0,0.7492897026888229
0.0,0.7972102728807756
0.0,0.20519873825384619
0.0,0.170414514768555
1.0,0.7064493992349367
0.0,0.34066454838868615
1.0,0.8581610338480188
1.0,0.6690711536592614
0.0,0.028738668000454364
1.0,0.3082279639918888
1.0,0.9021984990891044
1.0,0.8433326335851539
0.0,0.5525481862068605
0.0,0.056037876079486765
1.0,0.38518164325178683
0.0,0.5140547150719644
1.0,0.7332668225800165
0.0,0.08757884740945225
1.0,0.9023365020605035
1.0,0.7716764818661792
0.0,0.07440759394150573
1.0,0.5787227277786324
0.0,0.07983095189617259
1.0,0.714581939913364
1.0,0.18836949585259144
1.0,0.7584993065050681
0.0,0.8536220687474585
0.0,0.8157309332063609
0.0,0.04687798498619056
0.0,0.6504849611530432
0.0,0.2668932842755892
1.0,0.6909875233841449
1.0,0.1622975992876423
1.0,0.7751694703014519
1.0,0.7004129694115109
1.0,0.585456405536237
1.0,0.8665589321917876
1.0,0.8128703365157827
1.0,0.6987557028238364
1.0,0.8767633759360597
0.0,0.6298983255765399
1.0,0.8533589253014344
1.0,0.8595081522915361
1.0,0.7699635276162005
1.0,0.27736047021831106
0.0,0.16533713574840095
0.0,0.13612728828392542
0.0,0.09797878078884059
1.0,0.838500045624953
1.0,0.5808451083879547
1.0,0.14834783105793872
1.0,0.6319214313651592
0.0,0.04447990356860064
0.0,0.09344589093956633
0.0,0.0663335131002041
1.0,0.7797588207219192
1.0,0.4612235645440194
1.0,0.7585012858664483
0.0,0.8212881352617166
0.0,0.447486590923664
1.0,0.7425650933050079
1.0,0.8887712088134133
1.0,0.8427932060258462
0.0,0.5100272925163447
1.0,0.49242715427792083
1.0,0.8154446399888965
0.0,0.7875252418409058
1.0,0.6243206380434271
1.0,0.19588104187263297
1.0,0.8305907089021958
0.0,0.2358750999172608
0.0,0.6455462278957895
1.0,0.8546030306812848
0.0,0.41906884064981403
0.0,0.4433098897536313
1.0,0.510970752807879
0.0,0.23015201551511547
0.0,0.055375646075839696
0.0,0.23340594078925775
1.0,0.8485891803521427
1.0,0.5674027111904023
0.0,0.07403860024048962
0.0,0.33070689382674184
1.0,0.2668875414917592
1.0,0.46047154790301076
1.0,0.7480987616227653
1.0,0.44141534242371594
0.0,0.022790586890843498
1.0,0.6707153618194096
0.0,0.05003464607933437
0.0,0.5483061601402028
0.0,0.6025190836805252
0.0,0.08363277502568851
0.0,0.2002915114236931
1.0,0.8413681310959538
0.0,0.12650432943024473
0.0,0.2929728230438278
1.0,0.6774641573209957
1.0,0.8512439235706667
1.0,0.9338769382537265
0.0,0.3899070431597757
1.0,0.7633268993998521
1.0,0.6041375904747238
1.0,0.8921365288353729
0.0,0.14382186188359983
1.0,0.6871771514311711
1.0,0.663193379423096
1.0,0.09619431067378834
1.0,0.7221576470813812
0.0,0.7074583440074299
1.0,0.5814340548177022
0.0,0.12510291755347455
1.0,0.4848743057170229
0.0,0.19917149228231906
0.0,0.3970370555633907
0.0,0.08264673046347978
1.0,0.32823907909289274
1.0,0.593457691191018
1.0,0.6003263310290339
1.0,0.7880241349506149
1.0,0.7804257452304754
1.0,0.6912628809343634
1.0,0.6247763351885356
0.0,0.5355997913243379
1.0,0.8181996879193236
0.0,0.06959342328559832
1.0,0.9060412511388359
1.0,0.7275840459769584
0.0,0.4208896266313414
1.0,0.49588720578459855
0.0,0.7333814908407962
0.0,0.4162677679541932
1.0,0.7286252181337856
0.0,0.06048605165492283
1.0,0.3457414637527645
1.0,0.667770773854359
1.0,0.5860959416460756
0.0,0.17133092079242213
1.0,0.7640003473894227
1.0,0.6690206610865835
0.0,0.48010279842483566
0.0,0.31944375400628316
1.0,0.654196948186329
0.0,0.039356334346855135
1.0,0.7630142732294015
1.0,0.4317388510942412
0.0,0.07740113588914438
0.0,0.23100846313824416
1.0,0.7732068858766862
1.0,0.847353462811139
0.0,0.1961314060531228
0.0,0.6990735467157084
1.0,0.8579863633388871
0.0,0.028854814578936357
1.0,0.12694909164407245
1.0,0.8068588432434296
1.0,0.4741784288734139
1.0,0.673265620443683
1.0,0.530153728589331
0.0,0.1486747369038688
0.0,0.06191960509407464
0.0,0.4090955985106344
1.0,0.606735825645669
1.0,0.7188638814183732
1.0,0.7524298928236992
1.0,0.5585370566932434
0.0,0.850881767533645
0.0,0.07127284082790432
0.0,0.3710733082487186
0.0,0.05520333491085199
1.0,0.7132111692685754
1.0,0.6002182236858045
0.0,0.41704899364422854
1.0,0.6543971963826813
0.0,0.28386493227654286
0.0,0.08099908661049685
1.0,0.5562608792274881
1.0,0.44899154388606377
0.0,0.0931616803755093
1.0,0.7563850145620079
0.0,0.31293222673389975
1.0,0.43398312818541707
1.0,0.706196605096952
1.0,0.624904287929836
1.0,0.7741573769344707
0.0,0.12408679804220708
0.0,0.5662534750625238
0.0,0.035625925901379654
0.0,0.05469967757539201
1.0,0.9214942928920971
1.0,0.7509930172850423
0.0,0.5422968542553767
0.0,0.21814917521915292
0.0,0.37125165779800484
1.0,0.4449611562648072
0.0,0.0640387831572173
1.0,0.641413548469751
1.0,0.49441182702921066
1.0,0.7447395836090742
1.0,0.5884457833201443
1.0,0.6648804222856797
0.0,0.03905220596089492
0.0,0.3380685121151928
1.0,0.8570435147364817
0.0,0.07403860024048962
1.0,0.8851340919851116
1.0,0.8795509259736046
1.0,0.6689678556110459
0.0,0.06836088394575095
1.0,0.5268712748293627
0.0,0.6235035703732025
1.0,0.6943438275741053
1.0,0.8409140189668554
1.0,0.8162373311168054
1.0,0.5057026565239172
1.0,0.6928722294733324
0.0,0.6869522002520998
0.0,0.42049720119698436
0.0,0.8212882442992208
0.0,0.6505892968461227
1.0,0.2821961918952692
0.0,0.26709197761606873
0.0,0.8955710777707514
1.0,0.8739561230998416
0.0,0.17964313016495867
0.0,0.13314028156730165
0.0,0.06666133314017947
0.0,0.24182244768276062
0.0,0.5848946328311972
1.0,0.3424091133135759
1.0,0.8405481573056377
0.0,0.05165126231717655
1.0,0.8201776781373087
1.0,0.8314439114014175
0.0,0.14973499678649962
1.0,0.8684104746524411
0.0,0.49744425658868874
1.0,0.7643422097309736
1.0,0.810985619753176
0.0,0.8283576497427535
0.0,0.2802004844185098
0.0,0.09471755657741687
1.0,0.6573525218784239
1.0,0.8136313951526656
1.0,0.34252897520687664
1.0,0.7217465399428822
0.0,0.4401095426436343
1.0,0.45985914035112996
1.0,0.3608119554773447
0.0,0.6666873887553694
0.0,0.28266498621435865
0.0,0.7394969323759505
1.0,0.5102758089734821
0.0,0.241967239411358
1.0,0.9157102131139513
0.0,0.20079554534005217
1.0,0.6922765807559257
1.0,0.7338574726093658
0.0,0.25325653955754174
0.0,0.594585191777024
0.0,0.18802607687841838
0.0,0.025144070435011785
1.0,0.3344875953480153
1.0,0.8605785989101047
1.0,0.8555545482966587
0.0,0.24493456956752624
0.0,0.7588693996803548
1.0,0.7945427505025416
1.0,0.4498393878018996
1.0,0.3742668723435631
1.0,0.635474915846541
0.0,0.1300281001963825
1.0,0.8217974063201205
0.0,0.10278375627895797
1.0,0.6060235811024625
1.0,0.33499024049625736
0.0,0.05863726537236385
0.0,0.5024638478186163
0.0,0.6897509737431489
1.0,0.7661397433561683
1.0,0.9235132077772844
0.0,0.3345884731936176
1.0,0.7828727598128985
0.0,0.7465410587240252
0.0,0.05072625351695052
1.0,0.14999157525352724
0.0,0.7240796450636403
0.0,0.09350534320116245
1.0,0.6770286049538905
0.0,0.16240292101972276
0.0,0.13341396607575556
0.0,0.12217103346858121
0.0,0.1769900566088992
0.0,0.7511442169206933
0.0,0.12464567801111787
1.0,0.6116961628136683
0.0,0.06526278486286508
0.0,0.48788356791861487
0.0,0.30654420294293894
0.0,0.3510406222876607
1.0,0.4872137098007639
0.0,0.02720846959770533
0.0,0.038696229879908166
1.0,0.33874655236924184
0.0,0.655466505187696
1.0,0.8182533638482068
0.0,0.5234799088336074
0.0,0.39484471432467716
1.0,0.69306726790538
0.0,0.6827004113794429
1.0,0.8466751968910216
1.0,0.5422243668107786
1.0,0.8638257922371727
1.0,0.5626946107603389
1.0,0.3819826326487538
1.0,0.70499360196249
1.0,0.8245986409672119
1.0,0.7860677029835688
1.0,0.4806449475809751
1.0,0.8488158063990143
0.0,0.4809687068920008
1.0,0.49593417990041966
1.0,0.42822766347000635
1.0,0.6129473869137406
1.0,0.8671536697674548
0.0,0.5509474699817636
1.0,0.6028658352774652
1.0,0.4414913054717631
1.0,0.37110539064271364
1.0,0.768127370379032
1.0,0.3727130454685026
0.0,0.733059254893224
1.0,0.3857844955676918
0.0,0.18899902731048576
0.0,0.23130513717341655
1.0,0.6906123552212096
1.0,0.5979281495478516
1.0,0.8269063356236984
1.0,0.2024023675688496
1.0,0.7576521405890277
1.0,0.4817849368084195
0.0,0.27425196960180637
1.0,0.6159212237198526
0.0,0.25268543479018174
1.0,0.8878653718568867
1.0,0.7139139614165174
1.0,0.13208342635284162
1.0,0.6895546292456027
1.0,0.47866219575533236
1.0,0.8096403444483548
0.0,0.4564046563519068
1.0,0.892902331362903
1.0,0.7714615259915062
0.0,0.09855779718930513
0.0,0.9143933898877712
1.0,0.7439585047259635
1.0,0.7609745055765412
0.0,0.11834887430295768
0.0,0.1346087571398485
0.0,0.17671890389525363
0.0,0.19454305771032934
0.0,0.4003736135663037
0.0,0.13314028156730165
1.0,0.33481995812469156
0.0,0.6458034880705108
1.0,0.6977519956918824
1.0,0.24824392567025214
0.0,0.016167784907558
1.0,0.8939285195615883
1.0,0.8982977464971624
0.0,0.8606758278123112
1.0,0.9000672585019004
0.0,0.45670974637247275
0.0,0.09213377507330849
0.0,0.26323740808111057
0.0,0.46590942700663796
0.0,0.315107076670834
1.0,0.8770380319729096
1.0,0.43108677318156
0.0,0.25375588661903
1.0,0.6937155325363518
0.0,0.5668965332292557
0.0,0.758180424908623
0.0,0.17057413669756413
1.0,0.4682290305608894
0.0,0.6889457956986484
1.0,0.5425400304566279
1.0,0.11423415897298468
0.0,0.08848490852743877
1.0,0.549921270848886
1.0,0.7681688735174959
0.0,0.2957082235737496
0.0,0.7848359546739283
1.0,0.8088159220411778
1.0,0.6685175046293482
1.0,0.6118561239414391
0.0,0.06586162917986156
1.0,0.4701918353983901
0.0,0.8760349081150755
0.0,0.7958631084010135
0.0,0.026539534437337392
0.0,0.47442630409643005
1.0,0.9153800464809183
0.0,0.07480173236138082
1.0,0.48214161273517897
0.0,0.053435218109746
1.0,0.6985688526623085
1.0,0.7009181956322158
1.0,0.5131975419181516
0.0,0.1818915700709741
0.0,0.3241376271083324
0.0,0.07829495251567822
1.0,0.5130867303131472
1.0,0.49620124176838665
0.0,0.053976132349470955
0.0,0.7331343996435383
0.0,0.14932455016526014
0.0,0.21473715693229764
1.0,0.47003642765710807
1.0,0.8778768975734688
0.0,0.08201501092963598
1.0,0.15829548953861686
0.0,0.07155015238809405
1.0,0.10346947696993494
1.0,0.7242483426190879
1.0,0.44606411767296
1.0,0.6385792284373231
1.0,0.723246503152002
0.0,0.06858142625105543
1.0,0.8690570478032007
1.0,0.8606345981645671
1.0,0.8694342950960765
1.0,0.6550331150377869
1.0,0.6449233789415653
0.0,0.048538638606648796
1.0,0.8746441943594602
0.0,0.6858944542900961
0.0,0.026287142740514156
0.0,0.09898389786795388
0.0,0.35964508217676194
1.0,0.2108121028608451
1.0,0.6099711769391687
1.0,0.6624133397803602
1.0,0.726651377262789
0.0,0.10713382568884684
0.0,0.047667223419903815
1.0,0.7454216391588702
1.0,0.2895460195802635
1.0,0.6018494525718443
1.0,0.4569913686702465
1.0,0.884588822540046
1.0,0.4392869352955018
1.0,0.759806258110664
0.0,0.08630842212849173
0.0,0.1986244819163685
1.0,0.4842657825049288
1.0,0.19366180186962142
1.0,0.6581710477419545
0.0,0.3125332656005215
0.0,0.026329600870082216
1.0,0.8272242260022822
1.0,0.7993344163975253
1.0,0.8858568017410428
1.0,0.8867878512125906
0.0,0.06556255836826105
1.0,0.6470094577396648
1.0,0.7019757992157291
1.0,0.6429554696424972
0.0,0.029292294279797192
0.0,0.329077425889255
0.0,0.3455227279626535
0.0,0.06546246117222256
1.0,0.36309469882299245
0.0,0.22400453789204353
1.0,0.8645010458691984
0.0,0.8554213879128441
0.0,0.8949229239437906
1.0,0.39779765547698165
1.0,0.8675823299704889
0.0,0.5194633737510583
1.0,0.6497947686436936
0.0,0.6640666538424291
0.0,0.5179006089236531
0.0,0.6540454477961158
1.0,0.7966102420057484
1.0,0.6891231171531719
0.0,0.47455607813387046
0.0,0.5463968818940285
0.0,0.5216892289226454
1.0,0.6100188091302425
0.0,0.08037547763761485
1.0,0.8302215808149567
1.0,0.5618154326163969
0.0,0.46329687183389817
1.0,0.8505752248931989
1.0,0.7681992743014062
0.0,0.3628443794183837
1.0,0.7706285102593967
0.0,0.4630793318562377
0.0,0.0255521237806839
1.0,0.9118969185629355
1.0,0.8741468828239952
0.0,0.23702071657372248
1.0,0.7531236232813783
0.0,0.0531086162885244
1.0,0.46931584443718
1.0,0.8491148870236556
1.0,0.6561462632829733
0.0,0.701459638077024
0.0,0.13183243170209377
1.0,0.7765543818390767
0.0,0.39137450986372185
0.0,0.684972339516847
1.0,0.2979043962117235
0.0,0.6461651294751314
1.0,0.6100751137472495
1.0,0.6797243744428435
1.0,0.8732309225313551
1.0,0.8502866708015514
0.0,0.9013767296537197
0.0,0.12186385912819228
1.0,0.5976975847284435
1.0,0.8603040748792127
1.0,0.6994024989688103
1.0,0.5271510360723644
0.0,0.07127284082790432
0.0,0.2647610836863912
0.0,0.05428607039227681
0.0,0.06148316287460709
0.0,0.3988859018278095
1.0,0.8044120240750023
0.0,0.10126184265656628
0.0,0.26967102954982214
1.0,0.9342085938650497
1.0,0.7529826152943361
0.0,0.06050175723026721
0.0,0.617279687916539
1.0,0.924776524015981
1.0,0.2074228251445847
1.0,0.7469276888677292
0.0,0.041741750938300216
1.0,0.8588787352281295
1.0,0.9222996493500946
0.0,0.5057609949715121
0.0,0.09474994696518273
1.0,0.8245908597777695
0.0,0.25374270253544007
0.0,0.05806568973952707
1.0,0.8782272652331111
0.0,0.025000921695675932
0.0,0.435786326959625
0.0,0.7176223202161167
0.0,0.11902643072438197
0.0,0.09236764450003294
0.0,0.014205604104298537
0.0,0.40392470109967143
0.0,0.8225360661150745
1.0,0.5599816405242072
1.0,0.41013119016278216
0.0,0.40172031960156507
1.0,0.8684810816105322
0.0,0.3572300951179106
1.0,0.7793093602249003
0.0,0.4512772466225409
1.0,0.6210729594865987
1.0,0.4479341887446397
0.0,0.593217342459803
0.0,0.36128561300131257
0.0,0.7209561796622064
1.0,0.24757694962215818
0.0,0.06749874235312064
0.0,0.30085086477350764
1.0,0.6318296790153307
1.0,0.8024439470658965
1.0,0.40442472454863804
1.0,0.913804298863892
0.0,0.5680479509893962
1.0,0.7883362533392984
1.0,0.6928106930661867
0.0,0.7078579456833443
0.0,0.25036669989422466
1.0,0.9045671157709525
1.0,0.8511529890958597
1.0,0.8938087580293699
0.0,0.3561020073737674
1.0,0.8888037233143438
0.0,0.09768613006494357
0.0,0.14239948128200686
1.0,0.15857149688378788
1.0,0.8494956484048037
0.0,0.08012667556649823
0.0,0.06671958063094481
0.0,0.48550257984366507
0.0,0.11346473651936809
1.0,0.7645929036455801
1.0,0.5042571569980092
1.0,0.40134818708464487
1.0,0.802756404360249
0.0,0.17629436692454412
1.0,0.26130394891139064
1.0,0.7095400410254972
0.0,0.17220995169580977
0.0,0.30911800152622715
1.0,0.6536728378658968
1.0,0.6767146106648162
0.0,0.3579584081521429
1.0,0.5358679850461211
1.0,0.6937492713672452
1.0,0.4954897076077351
1.0,0.851000556584367
0.0,0.04185579439273315
1.0,0.7090886537580243
1.0,0.6699743025849313
0.0,0.35503039640230116
1.0,0.6442674543521342
0.0,0.0751353861814685
1.0,0.8249741350228065
1.0,0.8783093468046755
1.0,0.6067958805303321
0.0,0.25451761734031003
1.0,0.8713499988246484
0.0,0.3433375831577835
1.0,0.6273126203185927
0.0,0.6601719583281033
1.0,0.7917459840517527
1.0,0.9000362186280678
1.0,0.7006934823062041
0.0,0.07495047989936594
1.0,0.8033735417061778
0.0,0.6595339824472077
0.0,0.45182892714423867
0.0,0.3745002283263223
0.0,0.685097221660686
0.0,0.020445506094682913
0.0,0.45115878557404376
1.0,0.7614386903533416
1.0,0.8293196714402894
0.0,0.27461935174115826
0.0,0.055065879452344035
0.0,0.3099549283272754
0.0,0.2599017462688738
1.0,0.9004887735442431
0.0,0.649429382791102
0.0,0.22695470206904655
0.0,0.22420911765847568
0.0,0.11246854337330661
0.0,0.10665837616461023
1.0,0.44490860556050604
0.0,0.3841816748891447
1.0,0.8909349323388311
0.0,0.35577675840539946
1.0,0.7273429835352101
0.0,0.058916968656857374
1.0,0.9330740900884639
0.0,0.31318571193240213
1.0,0.8464681021680647
1.0,0.30031702698278895
0.0,0.049170085615566614
0.0,0.026039115485260764
1.0,0.917916862167222
1.0,0.22633442356769184
1.0,0.6965438804737049
1.0,0.7207592029177375
1.0,0.36272485309785085
0.0,0.39832583165411695
0.0,0.10334945414584833
0.0,0.5756699843136723
1.0,0.7386516652619728
1.0,0.875626323076182
0.0,0.07384920608497385
1.0,0.7391399632043754
1.0,0.5959305840883922
1.0,0.5839197367527383
0.0,0.26550601916423294
0.0,0.060300310213768804
1.0,0.35208140196123644
0.0,0.35963729282075096
1.0,0.17285353726166458
0.0,0.08599425382154491
1.0,0.46652887479041194
1.0,0.8833829174557859
1.0,0.6286145103476826
1.0,0.805538216235825
1.0,0.7735730224225162
0.0,0.35089424307495476
0.0,0.540116657717881
0.0,0.727226273236951
0.0,0.37632773668701575
1.0,0.6838904890619655
0.0,0.02814497634214224
0.0,0.24900089346104645
0.0,0.1854914847364919
0.0,0.1063343854588175
1.0,0.7046250310383195
1.0,0.6459665416085828
0.0,0.48906279126256236
0.0,0.10150406529718518
0.0,0.050660662871267366
1.0,0.7540544430812122
1.0,0.7749503232822837
0.0,0.11704352542055275
1.0,0.7171592412532818
0.0,0.22208734769898447
0.0,0.061100643599242124
0.0,0.2164373981084881
1.0,0.9224218814941917
1.0,0.5509398191244377
1.0,0.8757628560039777
0.0,0.28455128572622645
0.0,0.08675843476178177
0.0,0.11505875111791132
1.0,0.41409918267645973
1.0,0.6872148591170696
1.0,0.9218735091326856
1.0,0.6979702617685102
1.0,0.7297931027224768
1.0,0.7875156993097056
0.0,0.26163046415483404
1.0,0.756793977613804
0.0,0.7635467155198518
1.0,0.9103114264107307
1.0,0.7753124029830424
0.0,0.3197423220082692
1.0,0.7546098971778744
1.0,0.7656516393620331
1.0,0.4317383112586819
1.0,0.6987888663921381
1.0,0.7593433146256688
0.0,0.48979634013751056
1.0,0.6627772170665985
0.0,0.10783780135968851
0.0,0.19626834026551124
0.0,0.8846627921271926
1.0,0.5595880250163335
0.0,0.2498474413921831
1.0,0.9210643002882694
1.0,0.5448157554281555
1.0,0.8343326995916254
0.0,0.030380226109693556
0.0,0.5120183864368344
0.0,0.14353685209448278
0.0,0.13029965486546086
1.0,0.745763633612797
1.0,0.6524827483312379
1.0,0.7656931458365333
0.0,0.8751430550890569
1.0,0.828790924221189
1.0,0.4241238533193097
0.0,0.21706664654264904
0.0,0.3877938342599068
0.0,0.6998067734825754
0.0,0.261363216328427
0.0,0.15422816240714968
1.0,0.42424501478246235
0.0,0.0841867454551793
0.0,0.6399352567541914
0.0,0.762580195482728
0.0,0.44061885430066905
1.0,0.8486087107298135
0.0,0.20716858781940015
1.0,0.7897016238806984
0.0,0.6150763117236969
1.0,0.8809413156151972
1.0,0.6425350560844637
1.0,0.8171150119457589
1.0,0.8276901174075565
0.0,0.2469379074317763
0.0,0.46852309099356837
0.0,0.4380711655011244
1.0,0.63960140698893
1.0,0.21384153128850608
0.0,0.15912989281012566
0.0,0.8436751671470474
1.0,0.5495561020518455
1.0,0.8258983385255544
1.0,0.43607754811582744
1.0,0.7850102703339988
1.0,0.8980391912676303
0.0,0.15761987658040622
1.0,0.8232475527579094
0.0,0.07127284082790432
0.0,0.7552189885500621
0.0,0.049203079676272556
0.0,0.13099604795879474
1.0,0.8224577017733292
1.0,0.7061775248027408
0.0,0.8473822931095442
0.0,0.6050888176635255
1.0,0.8582015975034615
1.0,0.8464135871969218
1.0,0.5169494352462721
0.0,0.033924479313227854
1.0,0.6453082715874258
1.0,0.7287982508987445
0.0,0.11377529105926112
1.0,0.4459176082421373
0.0,0.4728980353106733
0.0,0.03441264779976841
1.0,0.34164266593082626
1.0,0.5959122176801224
0.0,0.07701870481793492
1.0,0.8054878747345613
1.0,0.8321104631733655
0.0,0.8254655194679172
1.0,0.5817053125204577
0.0,0.35463879749998467
0.0,0.5830089929255473
1.0,0.8267067139024837
1.0,0.7937130576835496
0.0,0.07044452080772634
0.0,0.5173536450983669
0.0,0.747359107157205
0.0,0.1712033603688015
0.0,0.1584475267997168
0.0,0.685529718416361
1.0,0.7053994993023329
1.0,0.5506820002399367
0.0,0.27215982143647116
0.0,0.5585355991182572
1.0,0.7396381432231853
0.0,0.6073192916994032
1.0,0.5115136824912735
1.0,0.8805651437340861
1.0,0.5906412434083425
0.0,0.11324175412766353
0.0,0.186786668996519
0.0,0.6533572384967385
0.0,0.5633619465859028
1.0,0.36111079473944846
1.0,0.2307852757284915
1.0,0.7022310978251256
1.0,0.888387819562471
0.0,0.10016519554883016
1.0,0.33980412217803607
1.0,0.8037016166215534
1.0,0.8960558900348273
1.0,0.18605559975844446
0.0,0.8095697419689379
1.0,0.9091763115635337
0.0,0.2866150811661191
0.0,0.5346372136556088
1.0,0.6397497448779
1.0,0.856277285868308
0.0,0.609367159076442
1.0,0.5949047265221115
0.0,0.1351155142959329
0.0,0.2934136607356522
0.0,0.7790941098926922
1.0,0.5843291864246953
0.0,0.06467317659806239
0.0,0.05679325516010544
0.0,0.8202104267627287
0.0,0.12450264167215493
1.0,0.8370649842621275
1.0,0.8867862908453732
0.0,0.1274545795044164
0.0,0.8065506054768531
1.0,0.45578706972241156
0.0,0.8749359009339712
1.0,0.8531146426963978
0.0,0.7995743952609677
0.0,0.060315177821569504
1.0,0.5196162779465713
1.0,0.5630956276820397
0.0,0.16775046855789064
1.0,0.23344176871429576
0.0,0.5818194714744525
1.0,0.4934064941030155
0.0,0.24191567756971386
0.0,0.8749233619299438
1.0,0.8421922334706113
0.0,0.7192649725709471
1.0,0.7353293243994792
0.0,0.46688652265472336
0.0,0.7387048966514805
1.0,0.23947931692037253
1.0,0.508069188105839
0.0,0.27966720529663935
1.0,0.7094228923866791
1.0,0.7653671901580026
0.0,0.061901936147748984
0.0,0.34740246173967143
1.0,0.4476954345258169
0.0,0.5720666776440181
1.0,0.07829495251567822
1.0,0.6148979668724545
1.0,0.7786592787108322
1.0,0.9023557886505147
0.0,0.12282483178196013
1.0,0.6407792747615689
1.0,0.7570605830770608
1.0,0.4205667469511327
0.0,0.04189399735842893
1.0,0.6831755495410409
0.0,0.16898102221679143
1.0,0.4838903493923065
0.0,0.18612825908781014
1.0,0.7111145329514882
1.0,0.8516978652465704
1.0,0.5521485933848103
0.0,0.08967046494228063
0.0,0.6127167237595214
1.0,0.6094633250266606
0.0,0.2983254801382817
1.0,0.8047199896609696
1.0,0.8944576928596261
1.0,0.8617628335391657
1.0,0.5688578852044168
1.0,0.80394009906504
1.0,0.6396072698106023
1.0,0.7224479811364993
1.0,0.5503821550419575
0.0,0.5410808800812499
0.0,0.781154431089112
0.0,0.3840484844857409
1.0,0.3511432870505767
1.0,0.8021693594442612
1.0,0.8466549251410344
0.0,0.06624725828407572
0.0,0.07990522259952565
0.0,0.38065246417586723
0.0,0.7181431739696854
1.0,0.7827602625019809
1.0,0.7556892616964965
0.0,0.08039869089484264
0.0,0.05911272234170775
0.0,0.7541606805099925
0.0,0.0353856764139095
1.0,0.6404631055596142
0.0,0.29192719636481324
0.0,0.3030095389758138
0.0,0.24347838578841205
0.0,0.0650942301946081
0.0,0.20538709019004334
1.0,0.15189995466064823
0.0,0.10371581455801974
0.0,0.6428185163518274
0.0,0.6012069589884276
0.0,0.45629269524839605
1.0,0.5932803096756046
0.0,0.1358774963335578
0.0,0.1877236929270273
0.0,0.27407051386498393
0.0,0.05324892471180684
1.0,0.23560464469440326
0.0,0.25114162366372966
0.0,0.7678788707261078
1.0,0.15754036164137727
1.0,0.8577326549522633
1.0,0.9120958306652613
0.0,0.7585213434705639
0.0,0.2905246599291662
1.0,0.6510478163788522
0.0,0.08114643227644357
0.0,0.48156602595416603
0.0,0.033181867694967296
0.0,0.0372917033177128
0.0,0.6960582215723004
1.0,0.7964607597521788
1.0,0.6982549631472804
0.0,0.7576333819734177
0.0,0.12469437904616101
1.0,0.8739276754175398
0.0,0.727284851833969
1.0,0.8189489053505116
1.0,0.8371515624411039
0.0,0.11286892729568351
1.0,0.1544777640326981
0.0,0.37334592025745583
1.0,0.7650788410000996
1.0,0.8986074956877504
1.0,0.4015560130772166
0.0,0.6378050913895815
0.0,0.8290849522297529
1.0,0.06571587817046527
1.0,0.8026471874969359
0.0,0.05417223909727596
1.0,0.45561345719412527
1.0,0.4154611379916476
1.0,0.7226711751991983
1.0,0.6661571403006811
1.0,0.8989897375403784
1.0,0.6774487203797872
1.0,0.7779284428630503
1.0,0.7786277541152145
0.0,0.7176067038890515
1.0,0.2155537324789759
0.0,0.08355564153438477
1.0,0.915646660341194
0.0,0.43168730767314206
0.0,0.024163003914217523
1.0,0.9135602977201064
0.0,0.4978311158981671
0.0,0.7849154399308004
1.0,0.2439713620438391
0.0,0.03428446475230026
0.0,0.6101536242030776
1.0,0.6203081610462087
1.0,0.6758861898112668
1.0,0.508404427924905
1.0,0.8302637201524339
0.0,0.07800016216811428
1.0,0.7307153911609632
0.0,0.6137220934038085
0.0,0.22992614932979155
0.0,0.1689382406135725
1.0,0.8170768328620912
1.0,0.686556249163342
0.0,0.18960009449082277
0.0,0.7943069399941364
0.0,0.2650892585767567
0.0,0.02347818531748151
1.0,0.8927148292516853
0.0,0.049630451124564635
0.0,0.06331417972757895
1.0,0.7603080214079593
0.0,0.09849241166777901
1.0,0.9037835533141069
1.0,0.8299219943767967
1.0,0.7798941050768057
1.0,0.6646804221347944
1.0,0.74071727388305
1.0,0.8531057724500716
0.0,0.7387476017741715
1.0,0.4292160835970025
1.0,0.895440517064317
0.0,0.54150882943331
0.0,0.45852013694997934
0.0,0.8105946863514931
0.0,0.15667424971791172
1.0,0.3825394634254723
0.0,0.1685000209163339
1.0,0.4174414460510124
1.0,0.7464186520499486
0.0,0.8852302321169504
1.0,0.8366421847473411
1.0,0.642659823733493
0.0,0.5179588444934402
0.0,0.1656312703488772
1.0,0.5583994105791601
0.0,0.766875169970964
0.0,0.2783798450308978
0.0,0.5492322640891892
0.0,0.3926136788373662
0.0,0.05070251117969313
0.0,0.7388702373203313
1.0,0.5795020414069
1.0,0.568215862672826
0.0,0.09685066492355142
1.0,0.8493693315663743
0.0,0.8016409881876043
0.0,0.10432923571031479
1.0,0.8983539737869091
1.0,0.8987265636084549
1.0,0.6906358885086072
0.0,0.15675077795620165
0.0,0.12857636211737086
0.0,0.5171882455505541
1.0,0.18050304711830137
0.0,0.28127419239439383
0.0,0.2179888307576477
0.0,0.2705494505147444
0.0,0.575538869470183
1.0,0.7540755639466309
1.0,0.9133169678417773
0.0,0.6881829242308654
0.0,0.2516058200698537
0.0,0.7017095930433408
1.0,0.8536415183726516
0.0,0.15336657817476737
1.0,0.7335848540873405
1.0,0.4818488122354253
0.0,0.8557746242748032
0.0,0.13306792627954342
0.0,0.8291897614761411
0.0,0.16303003211084274
0.0,0.4758509885759334
0.0,0.15361330886813968
1.0,0.8176472706468693
1.0,0.845075622612952
1.0,0.5565479836270925
1.0,0.6843586091188668
0.0,0.12412810498669022
0.0,0.4144642216085356
1.0,0.7971887008470075
1.0,0.7047845335641562
0.0,0.28296944102209964
0.0,0.33391962274991244
1.0,0.663376364791367
0.0,0.38957438144060147
0.0,0.0696724017115471
0.0,0.5832462227549852
1.0,0.3929322802209954
0.0,0.28135953905076605
0.0,0.026786238750408236
0.0,0.36866265694958983
1.0,0.3332602327961685
1.0,0.8008890344533022
0.0,0.82160809479861
1.0,0.0943395649074561
0.0,0.1858226858467424
0.0,0.5726628853878402
1.0,0.5571236557549141
1.0,0.6177401129538351
0.0,0.5422946810730241
0.0,0.06674890675948907
1.0,0.6720265805404098
1.0,0.8060026632837995
1.0,0.8815339705033827
0.0,0.1070286604230403
0.0,0.09970931184663924
1.0,0.5324054646852799
1.0,0.5186598726099967
1.0,0.7344229104479828
1.0,0.6922657100150493
0.0,0.04772709935579502
0.0,0.7135243589056826
1.0,0.43495819335824126
1.0,0.8520787663542605
0.0,0.5084702623577145
0.0,0.4466961092405731
1.0,0.8721934918707432
1.0,0.7522847280030348
1.0,0.3685469456008577
0.0,0.7082115095801885
0.0,0.6610148967014382
0.0,0.49516341407860764
0.0,0.13998356742233223
0.0,0.38210972027686885
1.0,0.8500298813443405
1.0,0.9061258678003161
0.0,0.5439720383852995
1.0,0.5571795370953496
1.0,0.32631348398479865
1.0,0.31295466708497527
0.0,0.348275118212706
1.0,0.852771769244941
1.0,0.7437541350616874
0.0,0.07635491852744675
0.0,0.5895049665937353
0.0,0.6196404522106381
1.0,0.694801607436377
0.0,0.40159578483937103
1.0,0.4116139764899074
1.0,0.46969840559400977
0.0,0.5011298756511628
1.0,0.6666491715115644
1.0,0.6051168812065714
0.0,0.7194219424262644
1.0,0.7428173112145384
1.0,0.817706941512081
0.0,0.26198563717352114
1.0,0.4452061625170353
0.0,0.737196160688842
1.0,0.6532884529263969
1.0,0.8448428845381832
1.0,0.5535990760518901
0.0,0.32314827910554633
1.0,0.7523568986386516
1.0,0.2929905608822581
0.0,0.1597369567489737
0.0,0.842548991893989
1.0,0.8183339057623518
0.0,0.029534708550757908
1.0,0.8031275107218641
0.0,0.10816124119559771
1.0,0.6126036015002054
0.0,0.5433637038842456
1.0,0.7048244219529609
0.0,0.19336041804410717
0.0,0.6547306935019653
0.0,0.06981318538086097
0.0,0.07484435760586841
1.0,0.801964563106832
1.0,0.6516637090598073
1.0,0.8383456821028593
0.0,0.25026493598844607
1.0,0.7956961691498912
0.0,0.13689780598091733
0.0,0.1059996698086544
0.0,0.29591076500865787
0.0,0.29195267121533813
1.0,0.7662957037233815
0.0,0.07311342866185225
1.0,0.7212730269159218
0.0,0.09666716561157744
1.0,0.9217987998934783
1.0,0.44925803555029364
1.0,0.31836516980160795
0.0,0.7618264154360792
1.0,0.6458246703174604
1.0,0.8008929919200305
0.0,0.24561531768760914
0.0,0.6325373829260252
0.0,0.816238864100198
0.0,0.39018645385598727
1.0,0.6835565253248347
0.0,0.049630451124564635
0.0,0.628492533968262
0.0,0.13078740306781952
1.0,0.25617500432706725
1.0,0.3682909390641266
0.0,0.3687643289950011
0.0,0.6469901600295421
0.0,0.04323295887419337
0.0,0.05621606931786437
0.0,0.07851978755702987
0.0,0.4272131356306221
0.0,0.0462088946836868
0.0,0.4392771673849423
1.0,0.41804491887452416
1.0,0.8148473861142626
0.0,0.2674501152344174
1.0,0.2334045051965212
0.0,0.6782983086435087
1.0,0.9103194063226145
1.0,0.7580013249696173
1.0,0.7917323265823714
1.0,0.4959404300375949
1.0,0.3435985849260212
0.0,0.2801091145013473
0.0,0.4476223075527707
1.0,0.810679405095045
0.0,0.5954635619367975
0.0,0.039176119317688274
1.0,0.6904056561639509
0.0,0.08552772269812346
0.0,0.6569757085363696
0.0,0.6154561025566784
0.0,0.7340237579333546
1.0,0.8054419356968257
1.0,0.8869766248295774
1.0,0.6695293600631566
0.0,0.8357919225014271
1.0,0.4977750862479133
1.0,0.8966057750939058
1.0,0.15108705838440215
1.0,0.7060774436198202
1.0,0.8393050931945656
1.0,0.8106851537659184
0.0,0.7973348710016646
0.0,0.16623755233677273
1.0,0.556945623532475
1.0,0.7677109442952762
1.0,0.865469395998467
0.0,0.6324872426302655
1.0,0.9081823803329031
1.0,0.861691233983929
0.0,0.31201588930316687
0.0,0.819749549140023
1.0,0.7559596065401517
1.0,0.8689081409714792
0.0,0.03377141761354787
0.0,0.7806327898657995
1.0,0.7937175902700152
1.0,0.6831564087992955
1.0,0.8336150157520766
1.0,0.512138024113384
1.0,0.8210434767640985
0.0,0.4730793949751636
1.0,0.768161583481998
1.0,0.745916925598678
1.0,0.06630206445964767
0.0,0.19033765343993092
1.0,0.7384304389367429
0.0,0.7406417539660459
1.0,0.7118586840169332
1.0,0.8562059260715783
0.0,0.14600560684557962
0.0,0.032310319336718775
0.0,0.12250863372397186
1.0,0.884982728412077
1.0,0.17597359457708425
0.0,0.3885681940828942
0.0,0.39685989755872475
0.0,0.3212386530413753
0.0,0.19783180925332752
0.0,0.1814384420711496
1.0,0.8295321406111493
0.0,0.2816277809241627
1.0,0.7849811941165293
0.0,0.4876939428107079
0.0,0.29813998635565614
0.0,0.7946698321077342
0.0,0.0246152655571888
1.0,0.6661571403006811
1.0,0.38501863627961774
0.0,0.5545976353342967
0.0,0.3454509896502669
0.0,0.6173046846012102
1.0,0.8007623007953255
1.0,0.7012993000412528
1.0,0.38559173298113864
1.0,0.4714515024527597
1.0,0.6067770131324801
0.0,0.2825562152645046
1.0,0.6065700492253514
0.0,0.16711674947691535
0.0,0.07325424818375353
1.0,0.7525961575804997
0.0,0.34670843792054595
0.0,0.20547187217983304
0.0,0.02517695530665065
0.0,0.08752590912293463
1.0,0.8230242217695355
1.0,0.8337876940944318
1.0,0.6756355524942972
1.0,0.23854947107876037
1.0,0.8151847964798736
1.0,0.636643732915716
0.0,0.6330065079472376
1.0,0.6789334801341416
1.0,0.64826271035765
1.0,0.8132679553398453
1.0,0.7199049407822532
1.0,0.4566628540126755
1.0,0.9182371603526032
0.0,0.3299726740482261
1.0,0.5010471187562859
0.0,0.03869530679483799
1.0,0.7461363714082933
0.0,0.03601220690186538
1.0,0.7901230987333842
1.0,0.860257991154873
0.0,0.11157092620398064
1.0,0.09253569091523312
0.0,0.8349232110506514
1.0,0.6797505929266788
0.0,0.11888902323552976
1.0,0.8558794972713962
1.0,0.9084930425008404
0.0,0.07341159009302767
0.0,0.10879597856039798
1.0,0.8019400176314629
0.0,0.32476808263932344
0.0,0.03384998745868752
1.0,0.2134459368259826
0.0,0.026889526445822317
0.0,0.10724800744621517
1.0,0.8110120073561653
1.0,0.40837222948368584
0.0,0.0692067752957617
1.0,0.8080843504906636
1.0,0.5845863230332292
0.0,0.21124810672893882
0.0,0.10902690522641272
1.0,0.735047699148865
1.0,0.5694998184633432
0.0,0.3017780909187684
1.0,0.7391285253851657
1.0,0.8248179423200257
0.0,0.0587114023009359
1.0,0.7998640366904203
1.0,0.622378716295972
1.0,0.6079940100741235
0.0,0.6088236086492368
1.0,0.19665892315491534
1.0,0.732354723719496
0.0,0.7432361989141717
0.0,0.7630409825682195
0.0,0.13035196362615825
1.0,0.3729806601839547
0.0,0.3086895130177272
1.0,0.4722360160215314
0.0,0.8585011904614175
0.0,0.20967250862221262
0.0,0.14416762738473207
0.0,0.5580170735136935
0.0,0.05044662963239048
0.0,0.751298977466292
0.0,0.15070724248371542
0.0,0.06753173138952556
1.0,0.1763011542903239
0.0,0.253013133968501
1.0,0.822860736674551
1.0,0.927809437663463
0.0,0.5396797715495151
0.0,0.027594379294003334
1.0,0.9062759889551353
1.0,0.8045481278846273
1.0,0.89077209948621
1.0,0.6592637759627828
0.0,0.027562028578295168
1.0,0.9085283501494608
0.0,0.3162769220009249
0.0,0.14336457330984925
0.0,0.06017361286518488
1.0,0.8379430986683722
0.0,0.50632502809986
0.0,0.3859030224716811
0.0,0.7832186404957538
0.0,0.904846229469582
0.0,0.5684025618691175
1.0,0.8835693854090155
0.0,0.08234766024386818
0.0,0.5254033038553936
1.0,0.740496365435743
0.0,0.7557423855519274
1.0,0.6736216787953465
0.0,0.03453237565948651
0.0,0.1103297594128823
0.0,0.2350629048048674
1.0,0.444695744379618
0.0,0.05472686124775985
0.0,0.18254464141077698
1.0,0.8064027217206344
0.0,0.650319687906021
1.0,0.7345009530172801
0.0,0.3422655160768001
0.0,0.21085581709014065
0.0,0.5399466223142728
0.0,0.3113465066195179
0.0,0.18041834604032017
0.0,0.04966699360417257
0.0,0.9061391453195676
1.0,0.8881767434468718
1.0,0.7603691634142455
1.0,0.6975888319313985
1.0,0.9099176307529269
0.0,0.48961283949693424
0.0,0.3956732328256799
0.0,0.0891751356922975
1.0,0.7502587928445285
0.0,0.24694090948517916
0.0,0.04482549349402103
0.0,0.20048206807741353
1.0,0.15620395296607975
1.0,0.6471812434049684
1.0,0.7962559320967777
0.0,0.19631871092382214
0.0,0.8383482793837876
0.0,0.14529063879606685
0.0,0.6990216347343089
1.0,0.6871642764248487
1.0,0.5959973748336437
0.0,0.5865469647756287
1.0,0.6100988413724313
1.0,0.8362497515390009
1.0,0.8404533741434366
0.0,0.37612584852570785
0.0,0.06262435832967823
1.0,0.7087628423169974
1.0,0.9006220827340977
1.0,0.7101168661430768
0.0,0.20777518761430563
1.0,0.9178560369062597
0.0,0.026815252018922982
0.0,0.40531809243604533
1.0,0.439595902673919
1.0,0.797406229762938
1.0,0.8057207647582498
0.0,0.7454338792142937
0.0,0.09566294174513423
1.0,0.9131619580072088
0.0,0.6718156815900185
1.0,0.6628184405116205
1.0,0.26038943400052317
0.0,0.6975209276326657
0.0,0.1565830648993522
0.0,0.05431197757786346
0.0,0.02639441707390665
0.0,0.11727001021397197
1.0,0.7961868176166649
0.0,0.6138159549636578
1.0,0.42036131199095483
0.0,0.18373396538836684
0.0,0.10632641126753858
1.0,0.7220171848722096
0.0,0.2813931427205046
1.0,0.6073793720758813
0.0,0.7500878102917803
0.0,0.13025171692473966
0.0,0.14912361871125607
0.0,0.38042800216378825
0.0,0.5948716776209395
0.0,0.5121461561016627
1.0,0.8397580422888966
1.0,0.8459630296517842
0.0,0.3151005405249562
0.0,0.4134071381451987
0.0,0.5602026589583345
1.0,0.7954198595113123
1.0,0.5397489651584686
0.0,0.19800123208879478
1.0,0.6037262337760557
0.0,0.46825951684077255
0.0,0.4278534043233002
0.0,0.17768127375914913
0.0,0.5494971485974991
1.0,0.5734700304892844
1.0,0.6604841435011379
0.0,0.8540170372027618
0.0,0.4605912394085514
1.0,0.7871806519754238
1.0,0.26212383052153176
0.0,0.1572609906064195
1.0,0.4580756975874942
0.0,0.1879063632851225
1.0,0.8652293538694911
0.0,0.7249336415540454
1.0,0.646958805049668
1.0,0.5050451778569693
0.0,0.23427708954207566
0.0,0.7402158639653097
0.0,0.5481911381508859
0.0,0.48321369831273325
0.0,0.374724220808174
0.0,0.030338647263618942
0.0,0.3117762607677135
0.0,0.49952695055132534
1.0,0.47959692867256787
0.0,0.08078038933909239
1.0,0.8907720859031661
1.0,0.7596123100186063
0.0,0.02417566347339762
1.0,0.3155629627041178
0.0,0.8257081037291608
0.0,0.11529339298317108
0.0,0.46089653300062006
1.0,0.841615344652426
0.0,0.4507770584427656
1.0,0.46987543700493917
0.0,0.048965357862415376
1.0,0.525606124810447
0.0,0.7518397888885668
1.0,0.8905448092278982
0.0,0.18924131095588578
1.0,0.2876002685679597
1.0,0.47929886971585206
0.0,0.0883117273428873
0.0,0.11046131081817626
0.0,0.3363267765863148
1.0,0.5375289622316807
1.0,0.430781143084816
0.0,0.0787983961965331
0.0,0.035240303856539985
1.0,0.8663634119829237
0.0,0.05607170489202714
1.0,0.8156367783922188
0.0,0.22178217088984925
0.0,0.19789091373614048
0.0,0.7996071740517174
1.0,0.7542314420111758
1.0,0.8950993410367396
1.0,0.6701990303969698
0.0,0.56976108007544
1.0,0.5489852366591312
1.0,0.3583768704856688
1.0,0.5952123466099051
1.0,0.4675145581126487
0.0,0.2875901563798542
1.0,0.753816374106428
1.0,0.8941286729852128
1.0,0.25768714561819456
1.0,0.8491209659097055
1.0,0.7228085313050774
0.0,0.22218260016679298
0.0,0.047974588877739754
1.0,0.5569076036949082
1.0,0.5145331001482557
1.0,0.6790266466149121
1.0,0.34634828482018953
0.0,0.37744195322521745
1.0,0.15799478998958008
1.0,0.7766427073918635
0.0,0.07008048132615234
0.0,0.2658144857556311
1.0,0.791188163130048
1.0,0.8798910971386995
0.0,0.07018425694686534
1.0,0.847829787220784
0.0,0.1629159360983113
0.0,0.20589906478127612
1.0,0.792946173817887
0.0,0.11653985760050782
0.0,0.09171711694441488
0.0,0.7314249707748692
0.0,0.5836878882591724
1.0,0.6100875973021407
1.0,0.05254040562881894
1.0,0.8243481478247252
1.0,0.7131711699549609
0.0,0.6245416197589145
1.0,0.771753395850707
0.0,0.4266670874866411
1.0,0.5236651555841779
0.0,0.4913473827881932
0.0,0.5424276072236234
1.0,0.8386780551541445
1.0,0.8451086308269556
0.0,0.7653059923345845
1.0,0.7046975208846139
0.0,0.8381594117637725
0.0,0.052658127358268685
1.0,0.8008466587494589
1.0,0.6941297284732572
0.0,0.2726624827237828
1.0,0.4042167240597163
0.0,0.04277312007675592
1.0,0.847513678973794
0.0,0.8395708989650846
1.0,0.6972534428075231
0.0,0.037277783627263354
0.0,0.3641484358438983
1.0,0.9026002797225655
0.0,0.2632122154254508
1.0,0.5630279014352397
1.0,0.6579098792096144
0.0,0.2717670527143623
1.0,0.9285765519567625
0.0,0.10644215588168698
1.0,0.6493361005262731
1.0,0.7513245261461652
1.0,0.6857780767546834
1.0,0.8734442753171673
0.0,0.44912054462601514
1.0,0.528768716954333
1.0,0.1586985831487191
0.0,0.024536986471740477
1.0,0.8273148993592898
1.0,0.9064789932731412
1.0,0.7341793058329004
0.0,0.09139638004514071
1.0,0.4560221342107356
1.0,0.5236650453771042
0.0,0.3695031588605328
1.0,0.39326767242166594
0.0,0.45681749365909846
0.0,0.709917452970509
0.0,0.2394170776280127
0.0,0.047822505848442984
0.0,0.6399066581242053
1.0,0.15088223468266898
0.0,0.5400373332040733
0.0,0.21457723636337733
1.0,0.3193172592341408
0.0,0.06540086676259839
1.0,0.30319932787464166
1.0,0.5146966742965727
1.0,0.7538326142291397
1.0,0.7102359774774704
1.0,0.8401912913251033
0.0,0.21164000954326326
0.0,0.10294672369003403
1.0,0.8798487769882752
1.0,0.4301144694458391
0.0,0.750283272271293
1.0,0.7826094071308586
1.0,0.8431666824069167
0.0,0.8432640433720211
1.0,0.8726802481117327
1.0,0.7883555762458213
0.0,0.4059308186183963
1.0,0.6704171726358221
0.0,0.5305172231824383
0.0,0.7384767140500802
1.0,0.8502710118553565
0.0,0.6187990109906818
1.0,0.8625933377602301
1.0,0.5999440265346374
1.0,0.818376184314844
1.0,0.8578048710054559
0.0,0.5883427438943407
0.0,0.09978093685688158
1.0,0.6260075517570547
1.0,0.6836069351165682
0.0,0.20990272014015973
0.0,0.1904006130311345
1.0,0.4454093394218938
0.0,0.3640476857382284
1.0,0.5190631768015537
0.0,0.2320567246116074
0.0,0.4326838009559981
0.0,0.19003318709614814
1.0,0.8266284546411042
1.0,0.7510767457605886
1.0,0.39860436774256486
1.0,0.8101634419917814
1.0,0.57726738759905
0.0,0.15297664650618173
0.0,0.7415821856803297
1.0,0.7054394850294412
1.0,0.9051835985669449
1.0,0.726395989160712
0.0,0.7639995401074595
0.0,0.03738506016354764
0.0,0.2326171140571369
1.0,0.8356733881198467
1.0,0.807310429461521
1.0,0.6850279512333306
0.0,0.2702785430936709
0.0,0.804401332847848
0.0,0.02805772072882331
1.0,0.8152996792039143
0.0,0.7858148201123981
0.0,0.03364631599695794
0.0,0.410556225117341
1.0,0.7687254597676931
0.0,0.0907787551308042
1.0,0.513018006283517
1.0,0.9101018506316086
0.0,0.5821634041097653
0.0,0.13924011260062602
0.0,0.690342335902778
0.0,0.7361789591211522
0.0,0.6370920697284734
0.0,0.21576948784615177
1.0,0.8844844626263316
1.0,0.34897228881451337
1.0,0.4483965462007164
1.0,0.12800671029690386
1.0,0.8942772709192222
1.0,0.7761098743648829
1.0,0.6025072578027857
0.0,0.28209494991955963
1.0,0.7464437361632021
0.0,0.2530412503897645
0.0,0.2658451262845408
1.0,0.7626049151953309
1.0,0.847727148551201
0.0,0.694072108379167
1.0,0.7772969308207287
0.0,0.8257719310667214
1.0,0.812519963416092
0.0,0.037480475600101655
0.0,0.03709293400121113
0.0,0.2501596829809279
0.0,0.5903851725761594
0.0,0.2613014468265825
1.0,0.9153996169868202
1.0,0.8790761784943084
1.0,0.08984334643951607
1.0,0.5712619758768552
0.0,0.66701743041789
1.0,0.3659079174210518
0.0,0.48132764578877146
0.0,0.5681085509887974
0.0,0.6974297199744701
1.0,0.7247316394183244
1.0,0.6937328401823644
0.0,0.5150614530182245
0.0,0.5016350854363215
0.0,0.05833784420027675
1.0,0.5912213489014584
0.0,0.12943515714178916
0.0,0.1762524571892949
1.0,0.5551257853419578
1.0,0.8946755111198182
0.0,0.031532199740107715
1.0,0.6714416505449989
0.0,0.12217928944228598
0.0,0.41825137855762373
0.0,0.43606941057536214
1.0,0.8956254987274989
1.0,0.2689963904344907
0.0,0.10591761213900151
1.0,0.80133849414309
1.0,0.7551169390974737
1.0,0.7042659053762294
1.0,0.6496858356250704
1.0,0.8726047243611214
0.0,0.2442170440946715
1.0,0.7824707470998983
1.0,0.898164208398904
1.0,0.28971663999546793
1.0,0.8993685176887165
1.0,0.6000859553493418
0.0,0.8322048128003107
1.0,0.8679436896213457
1.0,0.863686809229887
1.0,0.7526445984347493
0.0,0.5211242784767809
0.0,0.12156723878120224
0.0,0.5815895150863558
1.0,0.5427265368786739
1.0,0.8669410526168921
1.0,0.8517712820104032
0.0,0.43470800375660834
1.0,0.4462925093916236
1.0,0.8706721048689068
1.0,0.6409091291399446
0.0,0.20148816011395823
0.0,0.023920537513294347
1.0,0.6947793823148214
0.0,0.8641774574398728
0.0,0.11986745077596984
0.0,0.18062281084504944
1.0,0.3233078453161672
0.0,0.05527762893190453
1.0,0.7939778714778712
0.0,0.5078634781728095
1.0,0.3625673355799992
1.0,0.8781027847351187
1.0,0.4295324773602527
1.0,0.8603693795203128
1.0,0.6327356657326316
0.0,0.30938207240920657
0.0,0.6041570946977461
0.0,0.16035319251270566
0.0,0.08945422155416281
1.0,0.8855874450765832
0.0,0.24248477268381352
1.0,0.4811610422312035
0.0,0.7160595822054997
1.0,0.8611106529738941
0.0,0.08095622996990119
0.0,0.03279715813242327
1.0,0.9149567530298985
1.0,0.11359735124553667
1.0,0.5386545733207314
0.0,0.25122157694228364
0.0,0.13828024973417852
0.0,0.2739220446146677
0.0,0.49145312905792543
0.0,0.05979117338047811
0.0,0.029961793733115288
1.0,0.5532117365144708
1.0,0.44858426985628874
1.0,0.8713499988246484
0.0,0.6999256633174514
0.0,0.6031993728403416
1.0,0.884220987128296
1.0,0.5047687724594206
0.0,0.10719259510586344
1.0,0.603671249582928
1.0,0.6890994353154903
1.0,0.8691039271751836
0.0,0.05562530876853639
1.0,0.7202560329357144
1.0,0.6348181249247302
1.0,0.7144716833973641
1.0,0.7571716091104426
0.0,0.6730061021629677
0.0,0.4770773211420043
0.0,0.4229547611949817
0.0,0.7891630847525739
0.0,0.5254981607078282
1.0,0.9031570775373227
1.0,0.7641649231472064
1.0,0.8537005861975155
1.0,0.7955856776382596
1.0,0.8246973498232589
0.0,0.49901858080593225
1.0,0.4134106097160244
0.0,0.8133918328584142
0.0,0.5678205706514
0.0,0.8512466094871001
1.0,0.7925725664140498
1.0,0.8389874317484236
0.0,0.0966036474448405
1.0,0.8797150884963545
1.0,0.3991033529040789
1.0,0.8935054020088009
0.0,0.043660792004282925
0.0,0.14068034179361869
1.0,0.8853127500308097
0.0,0.555342554856425
1.0,0.4811293141007485
1.0,0.483753014479231
0.0,0.07817200508295363
0.0,0.7849291110054663
1.0,0.6982166422923219
0.0,0.05148514186114118
1.0,0.35786648831425744
1.0,0.5316470188567436
1.0,0.612591749201652
0.0,0.14931220503414663
1.0,0.5089679031967708
1.0,0.8612985600594125
0.0,0.1223775936060747
1.0,0.7216877818855008
0.0,0.40548167609333907
0.0,0.8466962205909726
0.0,0.3820062637575485
1.0,0.358932130361666
1.0,0.2881490677059447
1.0,0.43754879353858184
1.0,0.3686599333986639
0.0,0.2618955423512979
1.0,0.8433081794087784
1.0,0.2766035208238319
0.0,0.5372492159120132
0.0,0.6937683070577948
0.0,0.3271126151738217
0.0,0.6177483180733535
1.0,0.8288808154860792
1.0,0.6625378880233486
0.0,0.2619593808367424
0.0,0.07788499495473317
0.0,0.753331033465496
1.0,0.8322565345406132
1.0,0.2661480149269987
0.0,0.03141856476546476
1.0,0.922677509001581
1.0,0.7000328211842711
1.0,0.9160742843943299
1.0,0.5048791221254013
0.0,0.06690195790480055
0.0,0.16694011470090825
1.0,0.756301532303657
1.0,0.45696422436890893
1.0,0.5524405130030181
0.0,0.03503376766662616
1.0,0.6383463489028947
1.0,0.7938725659538052
0.0,0.06868542572681505
0.0,0.1499241313724432
0.0,0.39563924379715515
0.0,0.13753171158540134
1.0,0.6167348252345484
1.0,0.11826369152173416
0.0,0.5728394389037905
0.0,0.5978218415941193
1.0,0.7894926396635666
0.0,0.6829750289274195
0.0,0.6315852282984131
0.0,0.6910430924921612
0.0,0.22613490797117128
1.0,0.16972035081918807
1.0,0.5635585075783641
1.0,0.7405287740680987
1.0,0.6530148159855297
1.0,0.31429492143188825
0.0,0.7833040004930264
1.0,0.39452467814834635
1.0,0.7542826619731475
1.0,0.6204722986124221
1.0,0.7323676541940136
0.0,0.09495251259215991
1.0,0.8050994502108785
0.0,0.727353821494191
0.0,0.36020592363919257
0.0,0.25567178036067995
0.0,0.042484349958945775
0.0,0.747373796249166
1.0,0.44870892917767013
0.0,0.6474710689567073
1.0,0.6063923162276622
0.0,0.113931811273255
1.0,0.3015595207652483
1.0,0.7461033654647863
1.0,0.9168318747587806
0.0,0.45010693973926097
0.0,0.4059224429396582
0.0,0.3891035868316798
0.0,0.09920555198834127
0.0,0.04120462447765707
0.0,0.095504790165766
1.0,0.5563142148897758
1.0,0.5407424638212824
0.0,0.1489818033574858
1.0,0.8795752258917803
0.0,0.8742839853740847
1.0,0.2962163365141256
0.0,0.7721144916855919
0.0,0.1265830265687081
0.0,0.09810600544626472
1.0,0.8882363267844143
1.0,0.5433445511821879
1.0,0.37402335018600047
0.0,0.11309693138520323
1.0,0.9231411974117879
0.0,0.07323714139219947
1.0,0.8582374416741013
0.0,0.15277305993667328
1.0,0.15804089771224086
0.0,0.7618264154360792
0.0,0.1382663592890386
0.0,0.1717487475045118
1.0,0.6961235553116938
0.0,0.22600597036013442
1.0,0.05152396555968785
1.0,0.6423885474882887
0.0,0.1714575902257526
0.0,0.3333836550145582
0.0,0.16468799723381103
1.0,0.5557767299495474
1.0,0.6865238874921681
0.0,0.03340512240129276
1.0,0.6314042889505069
0.0,0.08552829313542668
1.0,0.8257878184669271
0.0,0.2344574683601155
0.0,0.48396236235066337
1.0,0.5368733844898517
0.0,0.0653475008037185
0.0,0.0891231036256296
1.0,0.8910335956110812
1.0,0.6600042852814876
0.0,0.17196324362008078
1.0,0.40337411094241127
1.0,0.728513998019828
0.0,0.7460339077771913
1.0,0.5153757514484848
0.0,0.25191816503321196
1.0,0.7207568307140155
1.0,0.14807885469478815
0.0,0.35038203425470743
0.0,0.30602372438995185
0.0,0.3525297628101302
1.0,0.5113910734571716
1.0,0.8947982565220193
0.0,0.06759309886256516
1.0,0.8948317241823401
1.0,0.6473005724862947
0.0,0.5799111682322688
1.0,0.611830255610088
1.0,0.7872348817482868
1.0,0.8970198756493348
0.0,0.14805163606939833
0.0,0.18506547304287124
1.0,0.8833023947064051
1.0,0.693074615932917
0.0,0.23274623562959143
0.0,0.4245432585178497
0.0,0.6532088500037668
0.0,0.4618782308808262
1.0,0.9016172004118551
0.0,0.5468095328461773
1.0,0.7299735543147892
0.0,0.18826483370462477
0.0,0.025743585982746467
1.0,0.645283549377089
0.0,0.2545220785477144
0.0,0.08595192354410802
0.0,0.06786340087126665
1.0,0.5474420844168981
0.0,0.3416478293016399
0.0,0.292593909062669
0.0,0.016665182863339154
1.0,0.38519216983385374
0.0,0.04629439192256347
0.0,0.06630010029305317
1.0,0.5379750626063217
1.0,0.5087608885843758
1.0,0.19810338151386575
0.0,0.04409017808477301
1.0,0.8574839289987752
1.0,0.49011888177442176
0.0,0.31385483079386334
0.0,0.21138835730479372
1.0,0.6356469645258782
0.0,0.6292637180624057
1.0,0.9028163729480353
0.0,0.4272093488360645
1.0,0.6994892423634073
1.0,0.2698937655843964
1.0,0.8404202153067639
0.0,0.02160528338845321
1.0,0.8012077310983197
0.0,0.04835045721208801
1.0,0.8224069714869592
1.0,0.8218061270347707
0.0,0.3598482142613363
1.0,0.8722666693757645
0.0,0.43581080223925067
1.0,0.7906502939966359
0.0,0.09540878888813305
1.0,0.4035097445341698
0.0,0.602954954214755
1.0,0.8255859695650707
0.0,0.2908935140902306
1.0,0.28975605475098865
1.0,0.847686280149831
1.0,0.5599205255292935
1.0,0.6954806656508544
0.0,0.5485989390337102
0.0,0.5800592237075618
1.0,0.8175389007799576
0.0,0.6594739471632015
0.0,0.7853517530431314
1.0,0.7589280825121488
1.0,0.69405153321285
0.0,0.18631330765251905
0.0,0.36790445615020695
0.0,0.13277458528968478
0.0,0.06169578820686762
0.0,0.494871012374864
1.0,0.3898990907322516
0.0,0.0257970455469774
0.0,0.43305294953523643
1.0,0.4766284089595274
1.0,0.8186157044789139
0.0,0.052698826670349766
0.0,0.2049429462983857
0.0,0.6117268614629991
1.0,0.7767118762680928
1.0,0.5035240093936906
0.0,0.04731825298021197
0.0,0.10847533245874982
1.0,0.8954428476075899
0.0,0.26367447252381043
1.0,0.6504873291102958
0.0,0.40904927101808464
0.0,0.08928797312275219
0.0,0.0736543509204541
0.0,0.04338147360276612
1.0,0.9121228877841405
0.0,0.7405732632873168
1.0,0.831520315695079
1.0,0.7819212086320467
1.0,0.7010201120599769
1.0,0.601738381906199
1.0,0.780260858004841
0.0,0.04298591724990947
1.0,0.8931859110347808
1.0,0.16384856926082944
0.0,0.6393929986466519
0.0,0.42479214674612625
1.0,0.9077720855317829
0.0,0.4457086412195911
0.0,0.05434332865992205
0.0,0.35181716996523377
0.0,0.1190122761850306
1.0,0.9187018504322867
0.0,0.7551645522365635
0.0,0.4839794998266983
1.0,0.6126021442647748
1.0,0.496377067567063
1.0,0.8252857970062646
0.0,0.6174139508807386
1.0,0.4064797201427997
1.0,0.9140355944423122
1.0,0.48920215519692745
0.0,0.036094530749645345
1.0,0.8158497484478625
0.0,0.11025881307258749
0.0,0.04972115725234437
1.0,0.48603028281778965
0.0,0.03444813853378996
1.0,0.27290056952630465
0.0,0.2574588909441874
0.0,0.07470371364869295
0.0,0.10664512523412645
1.0,0.801839675929226
0.0,0.02110897506788683
0.0,0.48695665726468884
1.0,0.5747924392208874
1.0,0.7098013935891088
1.0,0.34810369157755655
0.0,0.21389263939403977
1.0,0.2847727163247937
0.0,0.02504509538388203
0.0,0.06873918691486752
1.0,0.6720819770421432
1.0,0.7391427037153949
1.0,0.5661625203575479
1.0,0.5276998752812709
0.0,0.6422488614544304
1.0,0.9060159299999703
1.0,0.7896575586512747
0.0,0.03186932183248915
1.0,0.8260536613396525
1.0,0.3431254896590088
1.0,0.8755932449402293
1.0,0.8139451979721303
0.0,0.2518973441644427
1.0,0.8861382532365625
0.0,0.20616636208828568
0.0,0.33571484156727305
1.0,0.6948202565238808
1.0,0.9253795579904921
1.0,0.9248502772732599
0.0,0.2893884599499679
0.0,0.3398464451149645
0.0,0.23544492496323158
1.0,0.7351820812976273
1.0,0.7726591403685603
1.0,0.8540709388636265
1.0,0.7502908251199369
0.0,0.34448270056133135
1.0,0.8212007701374666
0.0,0.09934981835736217
1.0,0.8720188516151551
0.0,0.45390410181663465
0.0,0.06959430638268121
1.0,0.7911682954628732
1.0,0.7595516857056457
1.0,0.7569532558983351
0.0,0.2706504881647138
1.0,0.290590760512763
0.0,0.22209183623049483
0.0,0.7083429345807324
1.0,0.7236800528715855
1.0,0.6049288671892249
1.0,0.2431143421567604
1.0,0.7267769978021423
1.0,0.7909782351741733
1.0,0.8443803035124627
0.0,0.39992020584372534
1.0,0.822362772400524
1.0,0.7245494615604825
1.0,0.9131802674140759
0.0,0.7191537515127886
1.0,0.9049718856442622
0.0,0.08632727253358567
0.0,0.024817444855930206
1.0,0.49679621354311454
0.0,0.51925582258999
0.0,0.12418185833496447
0.0,0.07029285559415072
0.0,0.5358426026111781
1.0,0.8206113823983154
0.0,0.7481627361136997
1.0,0.522052528627214
0.0,0.8587250323920014
0.0,0.039680319722718495
0.0,0.373548937919082
0.0,0.18683487251289635
0.0,0.08194795815839791
1.0,0.8393674037570352
1.0,0.6294512928002448
0.0,0.8825758251157585
1.0,0.2168146678399381
1.0,0.3149792543112248
0.0,0.6124407578609498
1.0,0.7163023278452386
0.0,0.05794524294359886
0.0,0.0643752766505445
0.0,0.6566452031046461
0.0,0.28980393064677684
1.0,0.8223422989076701
1.0,0.7599334018770698
1.0,0.7258360598620073
0.0,0.09736980899405283
0.0,0.13189446404493702
0.0,0.5369264109227665
0.0,0.6374194924498825
1.0,0.8720051691616165
1.0,0.6919934395783695
1.0,0.6571124465470404
0.0,0.2286118782325764
1.0,0.7499306192076234
1.0,0.14719813277063926
1.0,0.8219729854337352
0.0,0.03777845914122132
1.0,0.6199902989952456
0.0,0.46825813800593996
0.0,0.2775165700244904
1.0,0.8825092174555741
1.0,0.43820317955258387
0.0,0.2688964168064344
0.0,0.525583078400882
0.0,0.07554967378648224
1.0,0.731087762034503
0.0,0.13086862973331978
1.0,0.7179928688411444
1.0,0.8693762798344027
1.0,0.8514774454844188
1.0,0.782199064060327
1.0,0.7813173253065272
0.0,0.8394221616966471
0.0,0.0921470436070664
1.0,0.8694922561150467
1.0,0.7952051042684345
0.0,0.6390330335688856
1.0,0.8878231606237744
0.0,0.66882060383423
0.0,0.14042060310651625
1.0,0.07588824806877031
0.0,0.32347109421021125
0.0,0.6783171695672064
0.0,0.7773475269134792
1.0,0.5845505738073452
0.0,0.43333238523794326
0.0,0.40076123469750713
0.0,0.8745261453194626
1.0,0.7844471260559825
0.0,0.5641522439585414
1.0,0.6354715801168052
1.0,0.7905596337259541
1.0,0.5973599920801491
0.0,0.7018530043773031
0.0,0.04555558642211098
1.0,0.7224594263678383
0.0,0.05272018800963317
0.0,0.76566585706423
0.0,0.8689961789022921
0.0,0.06499272302083568
1.0,0.8315389908222909
1.0,0.7818564092068181
0.0,0.13393530707602308
0.0,0.8839202749560292
1.0,0.5404650723122634
1.0,0.7318499502900003
1.0,0.514331192577229
0.0,0.5824523715426819
0.0,0.08853788287436558
1.0,0.8646058258726378
0.0,0.08260800914682778
1.0,0.8281637423496033
0.0,0.06570622884267248
0.0,0.14024711879355065
0.0,0.574447558091596
0.0,0.8812737457266622
1.0,0.4210574524957399
0.0,0.2777033837672651
0.0,0.07439797349050305
1.0,0.7721657789692243
0.0,0.1560045069492038
0.0,0.1883756389971926
0.0,0.08341537103348415
1.0,0.7536459279091026
1.0,0.6513864921558713
0.0,0.05944088822702766
0.0,0.09934981835736217
1.0,0.8567490925169258
1.0,0.7551584470718005
1.0,0.8528594115150223
1.0,0.7638425182742659
0.0,0.16100437096739198
0.0,0.07452708333520322
0.0,0.15292372016384903
1.0,0.75371866436468
1.0,0.8102964492190156
1.0,0.7159361951900466
1.0,0.4096513350520909
1.0,0.10302475276806827
1.0,0.8286382432375046
0.0,0.6212065574915544
1.0,0.7964116812469887
0.0,0.06544024084065651
0.0,0.1605139146800087
1.0,0.8148764960761435
0.0,0.11065095956699558
1.0,0.6631879036184992
1.0,0.872187844130138
1.0,0.6798318700526096
0.0,0.4895184148384311
1.0,0.8329457666218517
0.0,0.6201765280938264
1.0,0.295584515014361
0.0,0.7992515106717534
0.0,0.04576503996530464
1.0,0.4908392298573887
1.0,0.7256766178357976
0.0,0.03366514822219018
0.0,0.6618524184474119
0.0,0.26298938916081943
1.0,0.696462712745
0.0,0.8489681543288123
0.0,0.02441509362331372
0.0,0.021762640800570568
0.0,0.08184441768524968
0.0,0.819749549140023
1.0,0.6769472212064686
0.0,0.0694176911264301
1.0,0.40030517811834376
0.0,0.06468474803144432
0.0,0.7698003894288491
1.0,0.9188338392302373
0.0,0.7219256133965126
1.0,0.3207298871727325
0.0,0.7765288894959319
1.0,0.4749953693459835
0.0,0.6262174534781776
0.0,0.029741095637928077
0.0,0.4474787696978469
0.0,0.30249377612088063
0.0,0.8003756841589758
0.0,0.7466484173489196
0.0,0.10984728644692913
0.0,0.8214687963391721
0.0,0.05923947487441079
1.0,0.7532903078702593
0.0,0.14701039738955854
0.0,0.25884573905173563
1.0,0.7375353786040532
0.0,0.11151519575183656
1.0,0.4906690455227952
1.0,0.4928167528071305
1.0,0.4433004664949082
0.0,0.061532555084526624
0.0,0.5418840114849659
0.0,0.033787138416188814
1.0,0.842471155122438
1.0,0.7735938520949737
1.0,0.8629171849203531
1.0,0.8427168520768056
1.0,0.5858639210189398
1.0,0.6619141885356479
0.0,0.07439779089605629
0.0,0.07403860024048962
0.0,0.06977261826948766
0.0,0.13009913211121846
0.0,0.07949795841594332
1.0,0.8049257549984025
1.0,0.550330179048725
0.0,0.7668193049422046
1.0,0.8360483446145168
1.0,0.8262957839753824
1.0,0.5927042119039789
0.0,0.46436713125626006
0.0,0.09208294020643884
1.0,0.6622443553466901
0.0,0.028389727343350227
1.0,0.42401426597480213
0.0,0.698727237991848
0.0,0.037641151027640096
0.0,0.4335138488096394
1.0,0.7993344163975253
0.0,0.07473306417316322
1.0,0.7274188606739685
1.0,0.7079725537718895
1.0,0.7792710541834597
0.0,0.49270627540243644
1.0,0.8217268226678464
0.0,0.29268508274617805
1.0,0.328939041719297
0.0,0.31749679394817265
0.0,0.18183361533904688
0.0,0.2831717169304908
0.0,0.12868851087309008
0.0,0.2642021226483187
0.0,0.49897959701380423
1.0,0.773065105382614
1.0,0.8309450761302625
1.0,0.4188517179374662
1.0,0.730802829572724
0.0,0.784382011660236
1.0,0.42142560591545336
0.0,0.5402593272650581
1.0,0.9030531440248728
0.0,0.1875842916650149
0.0,0.22913265687034565
0.0,0.1797526486564034
0.0,0.012762223812407275
1.0,0.5978907511147512
0.0,0.09341457410674252
0.0,0.3171529799613203
0.0,0.3836487016596079
0.0,0.79381717243569
0.0,0.1728050582756026
1.0,0.2161241113074444
1.0,0.7822324750754848
0.0,0.1898769690295125
1.0,0.4565630140580868
0.0,0.08324998415647583
1.0,0.78520991809068
0.0,0.6188089487198605
1.0,0.7663027195049
1.0,0.7752371076434491
1.0,0.37779386545426746
1.0,0.7512133298268496
0.0,0.6855662895285296
1.0,0.8201685724169651
1.0,0.528069774348272
0.0,0.10913920750214026
1.0,0.8713336390142237
0.0,0.20911594809673217
0.0,0.8612072709679875
1.0,0.5427637115883869
1.0,0.7132251046617788
1.0,0.8550457849698792
1.0,0.3480911610234585
0.0,0.11046131081817626
1.0,0.7142040352375346
0.0,0.3392493929544313
1.0,0.4457123140925346
0.0,0.07253592917306097
0.0,0.8325475050209293
1.0,0.06630010029305317
0.0,0.020491228958407746
1.0,0.868578482568414
1.0,0.906528431424333
0.0,0.14353685209448278
1.0,0.6749713667806801
1.0,0.8078180822706718
0.0,0.5376951226092517
0.0,0.19371491474344735
0.0,0.7290377456974775
0.0,0.20499725374218727
0.0,0.05789399101091091
0.0,0.025317464413894455
1.0,0.8556148997472198
1.0,0.8674263540825933
0.0,0.32811092259217284
0.0,0.8588265442701125
1.0,0.35806060344589175
0.0,0.6610902245051835
1.0,0.9025976962852948
0.0,0.763149944861481
0.0,0.6996284145424922
0.0,0.4210571465878574
0.0,0.10875240681369802
1.0,0.7661195711962322
1.0,0.5254575756880766
0.0,0.7344128163361243
1.0,0.22890739532184762
1.0,0.5607574785555792
0.0,0.1439642634967682
1.0,0.16862410829769006
1.0,0.13818730655790215
0.0,0.21516360465584716
0.0,0.5395686378563415
1.0,0.8514838809668694
1.0,0.5602549655032519
1.0,0.6941414810341572
1.0,0.8343569417881349
0.0,0.16217024101293429
1.0,0.6942232185169107
1.0,0.7586931107052173
1.0,0.8390435630334195
0.0,0.6656706071626517
1.0,0.745643457175794
1.0,0.47940463306815306
1.0,0.7990185616472105
1.0,0.3314514893724603
0.0,0.4815543132421717
1.0,0.154422367382491
0.0,0.3846857490713986
1.0,0.6425306479442073
1.0,0.7913567569761554
1.0,0.5071040462056011
0.0,0.26105413484024054
1.0,0.8394520667018178
0.0,0.09684126732511408
1.0,0.7124579040693482
1.0,0.8642860545277593
1.0,0.8573672410072848
1.0,0.5615914153413581
1.0,0.8468800513123055
1.0,0.3901532483756989
1.0,0.9209391539331818
0.0,0.05285732717339088
0.0,0.2747285895437802
1.0,0.5097181663347196
0.0,0.3551839798680322
0.0,0.6777735307850593
0.0,0.0274685705587633
1.0,0.6105682317990351
1.0,0.7276096421187477
0.0,0.30003527713613437
1.0,0.8727988360669893
0.0,0.44681937330774196
0.0,0.6036377814616712
1.0,0.5058390733396422
1.0,0.7541424829905342
0.0,0.17942560431343912
1.0,0.7164552218398392
1.0,0.8046947934988249
1.0,0.6496828924557513
1.0,0.20684994025905099
0.0,0.08195043052277066
1.0,0.8992139510242356
1.0,0.7898076961047461
0.0,0.34033241530482394
1.0,0.5788047697619149
1.0,0.6853077814285734
0.0,0.4147740791413187
1.0,0.8222086101600727
1.0,0.6602488019144237
0.0,0.18544256451355676
0.0,0.45763901165536125
1.0,0.5917629689027982
1.0,0.7404702755265773
0.0,0.049446880212955735
0.0,0.03292673587423207
0.0,0.28659508558596486
0.0,0.18483299058005678
1.0,0.6656801375682341
0.0,0.6989560040813858
1.0,0.7327755044501577
1.0,0.7204871705225979
0.0,0.11226451558816869
1.0,0.8109698087919924
1.0,0.2154646159997065
1.0,0.8397912258618102
1.0,0.6099122819229917
0.0,0.6333229125754808
0.0,0.3419408211466577
1.0,0.873678399350794
0.0,0.8501535499495902
0.0,0.11942319755604344
0.0,0.5824860703934095
1.0,0.9084407751325285
0.0,0.6916290581987343
1.0,0.8106432780047209
1.0,0.5950032753751819
0.0,0.07169762555454996
0.0,0.030958413835322
0.0,0.2518285585311048
0.0,0.5431499434948093
0.0,0.40946714999533196
0.0,0.4910547119698541
1.0,0.6762053650016888
1.0,0.8793824556964369
1.0,0.9334468899445056
0.0,0.07045594822631189
1.0,0.8394115870768837
0.0,0.7914647681321942
1.0,0.5735969201826202
1.0,0.7447036233063229
0.0,0.8189327011060797
1.0,0.8659983135307718
1.0,0.8782419045511926
1.0,0.7888051337416259
0.0,0.8003551372808119
0.0,0.5464692805266519
0.0,0.4585863037421746
0.0,0.6805569507290067
1.0,0.6915858932234888
1.0,0.5950636958968422
1.0,0.7487287998219383
0.0,0.11910494416994369
1.0,0.14899603066816292
1.0,0.8045999486111782
1.0,0.6826922684913687
1.0,0.8709896350348909
0.0,0.868595801585575
0.0,0.39401319279870817
0.0,0.33042281152452174
1.0,0.6644148084746584
1.0,0.3480845603383003
1.0,0.8302988739186701
1.0,0.6732949580498244
1.0,0.7753122006351516
1.0,0.8608827663380072
0.0,0.7579055860053286
0.0,0.2620871428392057
0.0,0.3768249275272667
0.0,0.16795644582520752
1.0,0.6513291363275062
1.0,0.8385253733342845
1.0,0.7237434726875099
1.0,0.41078548612733706
1.0,0.4164746099894475
1.0,0.8695772120639849
1.0,0.7187913745722891
0.0,0.4081486609044046
0.0,0.0570889110304765
0.0,0.151469832676989
1.0,0.799983344415633
0.0,0.07964841889791913
0.0,0.7967933391716344
0.0,0.07879501298888453
0.0,0.05800790580232546
1.0,0.08716056104646307
1.0,0.27256194970871966
0.0,0.22732635013753644
0.0,0.6357853594785486
1.0,0.7789022439747718
1.0,0.6160719063518815
0.0,0.7124197655925505
0.0,0.42038309875065577
1.0,0.5982400949038365
1.0,0.7997413253960235
0.0,0.2773576903707911
0.0,0.01862902726389406
0.0,0.1577852962363213
0.0,0.11533412658965905
1.0,0.711852437506671
1.0,0.8625802371427691
1.0,0.9207608809095056
0.0,0.22654357305807477
0.0,0.05602159116202985
1.0,0.5440864568488946
1.0,0.4209806645479853
1.0,0.9020191875689698
0.0,0.8142563213801587
1.0,0.8858414101420364
1.0,0.2083472160719404
0.0,0.8574400667853975
0.0,0.13440893892754793
1.0,0.6365266443127053
1.0,0.7341914092465055
0.0,0.2992787277398321
0.0,0.41394264345216203
0.0,0.323517865010473
0.0,0.44041587991260195
1.0,0.7052259239739721
0.0,0.7811370619298595
0.0,0.03710692630560723
0.0,0.2027813194303925
1.0,0.7196743232493924
0.0,0.6517318714744753
0.0,0.10449504434930405
1.0,0.8002345927030916
0.0,0.3422541437686888
0.0,0.20921169682681554
1.0,0.5865853057092172
0.0,0.045765244099571764
0.0,0.11492130109169178
1.0,0.7891644117342405
1.0,0.8702991407122955
1.0,0.726599594131888
1.0,0.6103213370944905
1.0,0.8400655808162736
0.0,0.77506489877948
0.0,0.728871370522245
1.0,0.8149229846674692
1.0,0.4917995017997455
0.0,0.05185910583746353
0.0,0.7425068160046059
0.0,0.6892280861741764
1.0,0.6300940674819113
0.0,0.1367789982072476
0.0,0.5521343112308951
0.0,0.14060250136840194
1.0,0.4804146629758392
0.0,0.1739319695454473
1.0,0.10955500782257543
0.0,0.0686003225555991
0.0,0.038420294071451526
1.0,0.5954670728815867
1.0,0.7512688622693274
1.0,0.7732984905048339
0.0,0.8673491546899575
0.0,0.267738251519503
1.0,0.5028449032512692
1.0,0.09805690301129673
0.0,0.17270832065300898
0.0,0.5602881512139819
0.0,0.7391998684310079
1.0,0.5840966213864989
0.0,0.42850535344049834
1.0,0.6402496384905643
1.0,0.8565754397991202
1.0,0.8419979397605721
1.0,0.8314051859235557
0.0,0.4027141309268369
1.0,0.888817064335247
0.0,0.2618955423512979
1.0,0.5505208427838776
1.0,0.7815746977902885
0.0,0.7219268926524163
1.0,0.44720944777302774
1.0,0.5426726466704062
1.0,0.15951475659526734
1.0,0.7970263904602539
0.0,0.060230260524686795
0.0,0.6088444929303581
1.0,0.830644375400524
1.0,0.6992626662490157
0.0,0.34443709601412315
0.0,0.016721268123539558
0.0,0.6867351039509657
0.0,0.8507396024451395
1.0,0.6914345394152362
0.0,0.11477109795934955
1.0,0.7170570034296382
0.0,0.12358966102626112
0.0,0.04740920618214625
0.0,0.0900326084680097
1.0,0.7299862407213841
1.0,0.865926507480602
0.0,0.11882159181221078
0.0,0.025144070435011785
0.0,0.08271884386666303
1.0,0.6408681040930636
0.0,0.678623132948492
1.0,0.15412464124459527
1.0,0.8266097260679413
1.0,0.8380425576712349
1.0,0.8010210275412902
1.0,0.6678989684032144
1.0,0.775474625684772
1.0,0.2441186363025497
0.0,0.5129380544024967
0.0,0.8638908262177192
0.0,0.1314482550383454
0.0,0.17227118076744866
0.0,0.5169435750592987
0.0,0.14233900622466875
1.0,0.6874760071939915
0.0,0.06713284593619998
0.0,0.3190179649447238
0.0,0.10847533245874982
1.0,0.17485996338893897
1.0,0.7312354617339233
1.0,0.841355655117219
0.0,0.16451536033544542
1.0,0.7842178492493964
0.0,0.8560103949759172
1.0,0.708067589791509
0.0,0.7288714570015176
1.0,0.8984707604864007
0.0,0.37687814396621494
1.0,0.7849750701879685
0.0,0.27497046921004725
1.0,0.511426127047779
0.0,0.09308345633827862
0.0,0.2704449985071508
1.0,0.5288817593713194
0.0,0.6946714139827914
1.0,0.2834359423327433
1.0,0.8467503852435079
0.0,0.2568611052903155
0.0,0.4304874067366213
1.0,0.9012985111528599
1.0,0.5360550103331078
0.0,0.41676448808503447
1.0,0.8012873877563278
0.0,0.3948863538276744
0.0,0.2818025793203102
1.0,0.9213477775731056
0.0,0.7477787452940436
1.0,0.8819152189587582
1.0,0.7330155285537628
0.0,0.03781055837417998
1.0,0.7037494463890713
0.0,0.3351963547028725
1.0,0.3258604489517121
0.0,0.1504768856936442
1.0,0.81401892048638
0.0,0.37746835830555
0.0,0.1314727482681813
0.0,0.4912306998561629
1.0,0.819053763067879
0.0,0.09393694851159302
1.0,0.5772225424402911
0.0,0.6850006680838144
1.0,0.6695171740008794
1.0,0.6308311745455404
0.0,0.7346764634950216
1.0,0.5787549645869078
1.0,0.5000737707166163
0.0,0.8557952772049636
0.0,0.2503047912346654
0.0,0.035413532792936006
1.0,0.7503726440496906
1.0,0.4645807550934928
1.0,0.3152177642108949
1.0,0.9226408011128941
1.0,0.2745375758831379
1.0,0.5439068400245594
1.0,0.8383432034961338
0.0,0.8070958904456287
1.0,0.9040430101247914
0.0,0.47478039158823293
1.0,0.8243821148280445
0.0,0.7538162099428126
0.0,0.023766023471104358
0.0,0.10766786200357831
1.0,0.5324440902726729
1.0,0.6288440627269938
1.0,0.71305865473858
1.0,0.8595860049121979
0.0,0.5300061318015048
1.0,0.38471027445117023
1.0,0.7469024815904283
0.0,0.450138835104935
0.0,0.0933402646261544
0.0,0.08857361433823717
0.0,0.084170803968698
0.0,0.1879450784555837
0.0,0.5662507751059838
0.0,0.09360681304987804
1.0,0.6463338069028455
0.0,0.47604516355204735
0.0,0.1192841337750319
1.0,0.8922272721470554
0.0,0.21827024956956523
1.0,0.8429430752909931
1.0,0.7455591488196097
0.0,0.8361178940728268
1.0,0.4964256362572086
1.0,0.7002865209439513
1.0,0.3683685626920642
1.0,0.9200113978901846
0.0,0.36435366487944004
0.0,0.05622996552364375
1.0,0.6100139314946992
1.0,0.5259271815665495
1.0,0.916348710939727
1.0,0.8896514047315174
1.0,0.9197093913772569
1.0,0.7026337507906928
1.0,0.7070630301567941
1.0,0.7958221318468881
0.0,0.14933491889602796
1.0,0.9082057513075352
1.0,0.6143792620158378
0.0,0.1227081445115614
0.0,0.5310507713657653
0.0,0.37472113306584404
1.0,0.7225087598933017
1.0,0.6719356767436261
0.0,0.13139811836913715
0.0,0.3349436382574294
1.0,0.7903882223588202
0.0,0.26536065727500435
1.0,0.6370729811808739
0.0,0.031303814706331666
1.0,0.37764625358513476
1.0,0.8501983828806339
0.0,0.694254837657894
0.0,0.1560045069492038
1.0,0.9116222394619604
1.0,0.5337387603397551
0.0,0.11883646816680105
0.0,0.6634083026465004
0.0,0.02347818531748151
1.0,0.8282890851363472
0.0,0.3241568132438649
1.0,0.7364575653122472
0.0,0.1547110125563785
0.0,0.6486168408421578
0.0,0.2654115504808151
1.0,0.7054769262989011
1.0,0.6056026211083476
0.0,0.19064214183153405
0.0,0.27399774768417745
1.0,0.810724732739713
0.0,0.10036760324462979
1.0,0.4415344081468528
0.0,0.40891343394078755
0.0,0.053332905589114465
1.0,0.6273310745504883
1.0,0.8071301072036159
1.0,0.6843419278337411
1.0,0.6782226063072153
1.0,0.4691857826731437
1.0,0.9198322875219895
1.0,0.9019212710774924
0.0,0.5004223301994026
1.0,0.6792171746073817
0.0,0.6389601965781114
1.0,0.6643213167432975
0.0,0.24206453541621986
0.0,0.8103555833260155
1.0,0.5782055494890836
1.0,0.7847182706102734
0.0,0.12276897531584861
1.0,0.732975789428818
1.0,0.7525819993305601
0.0,0.023866554933203752
1.0,0.731711168397874
1.0,0.269172489155786
0.0,0.15822109632026843
0.0,0.06500667035878699
0.0,0.0881528539712676
1.0,0.7757828476043933
0.0,0.13046380469912505
1.0,0.6312247164373253
1.0,0.4539703552535228
1.0,0.3738535121302529
1.0,0.576968851701691
0.0,0.47569636862351966
0.0,0.0458936622418406
0.0,0.48359845031031945
1.0,0.7352390335965752
1.0,0.6730813054412221
0.0,0.5748136445281731
1.0,0.6491449812247186
0.0,0.8027115036228383
0.0,0.24969542785037915
1.0,0.38979028247922565
1.0,0.8854634468211181
1.0,0.8153088809279868
0.0,0.02090910118909766
0.0,0.10597949197154008
1.0,0.667799185509527
0.0,0.3064483223969667
1.0,0.3761187975870268
0.0,0.8768114603522934
1.0,0.7101769844391899
1.0,0.6541024601124278
1.0,0.669154587605502
0.0,0.07990522259952565
1.0,0.9210643002882694
0.0,0.8309570241164288
0.0,0.16849196559889132
1.0,0.7458383456670881
0.0,0.5235217975408296
1.0,0.7768270469920638
1.0,0.8223295021411153
0.0,0.10398736488516046
1.0,0.9165203185959941
1.0,0.17532959618264995
0.0,0.8236392729171511
0.0,0.06670261210798749
1.0,0.7834440236972605
0.0,0.0793201497449197
0.0,0.026329600870082216
1.0,0.6517246447178142
1.0,0.6304652455004134
1.0,0.9053129449279367
0.0,0.20759063955770296
1.0,0.8850390692037062
0.0,0.04051674468077298
0.0,0.4699713508704697
0.0,0.399106343969463
1.0,0.8055154707529091
1.0,0.5678213023248787
0.0,0.6168293415870162
0.0,0.09058748579838222
0.0,0.20881068050135784
0.0,0.608526660738415
1.0,0.8815482666518302
1.0,0.4550325460820621
0.0,0.19256652087273463
1.0,0.4651574669354673
0.0,0.5232084514493457
0.0,0.1418850655763354
0.0,0.16950479262013737
0.0,0.1420148330763932
0.0,0.12152567335850946
1.0,0.5296108633086227
1.0,0.4586353093007381
0.0,0.38988359037265535
1.0,0.8921312651672656
1.0,0.7560109315632861
0.0,0.05009515605209094
1.0,0.8238498705980555
1.0,0.8544754355114255
1.0,0.8727088709838603
0.0,0.37703641026181606
1.0,0.5332502023038483
1.0,0.8415404695168577
0.0,0.07102728755648471
1.0,0.8979091256652796
1.0,0.552135195449096
1.0,0.7004270773845206
0.0,0.5451129443681084
0.0,0.12604660769543105
1.0,0.8713213358288795
1.0,0.7995091419512858
1.0,0.2831717169304908
1.0,0.8342144004128033
0.0,0.30233122545810354
1.0,0.5262257061905661
0.0,0.5292647095933911
0.0,0.24678268057526873
1.0,0.8528146977337817
1.0,0.7907626784810675
1.0,0.6203591623748744
0.0,0.07956646345115732
0.0,0.0630683064656278
0.0,0.7194662820101575
0.0,0.3215643603386214
0.0,0.5443321672201248
0.0,0.6436683170439058
1.0,0.8336174461722557
0.0,0.7124973142504627
1.0,0.7808096848384739
1.0,0.8132203365078795
1.0,0.4342037477666195
1.0,0.8135647003906626
1.0,0.7029084124724008
1.0,0.516847929061464
1.0,0.6142631126460871
1.0,0.9073677285148105
1.0,0.49142627328840266
1.0,0.8166287269307306
0.0,0.19604442111946618
1.0,0.8513475524145112
0.0,0.04176349716063371
0.0,0.5920355981829861
0.0,0.21510225071941289
1.0,0.8436422026207111
0.0,0.36173244156046563
0.0,0.098485313367588
0.0,0.5531173828790157
1.0,0.8493683459969569
0.0,0.8038559477631412
1.0,0.4919128148486668
1.0,0.7691560913324865
0.0,0.10816124119559771
1.0,0.26857066597219337
1.0,0.8706945157285537
0.0,0.8485018682552647
0.0,0.6938195538422659
1.0,0.6985737377851775
1.0,0.5117113810605467
0.0,0.30549840406186174
1.0,0.7211589446906727
0.0,0.47051336769680424
0.0,0.15599608399904616
0.0,0.056774756267435056
0.0,0.6533366727245442
0.0,0.09149477190109552
0.0,0.6431117172737318
1.0,0.1050522252679053
0.0,0.11842680879957765
1.0,0.9189879424604872
0.0,0.7863788067092712
0.0,0.6743093826959854
0.0,0.05469967757539201
1.0,0.9248734750583729
0.0,0.2622660259954671
1.0,0.7526758392124692
1.0,0.4411973316707394
0.0,0.35599089957391267
1.0,0.7397009379779628
1.0,0.6870136224648671
0.0,0.18893445145886664
0.0,0.2420793658098208
1.0,0.794148584585558
0.0,0.1264185100522116
0.0,0.47622455211085396
1.0,0.2307738768154359
0.0,0.13079750897281167
1.0,0.8167960035703401
0.0,0.41614781038279414
1.0,0.6424547053347933
1.0,0.688789838424345
1.0,0.900708842961835
0.0,0.45317244014881514
0.0,0.2208333140657736
0.0,0.10309154986337415
0.0,0.050295540060421154
0.0,0.15385444253576855
0.0,0.19219300352624996
0.0,0.7250780766656972
1.0,0.2743136377968438
1.0,0.48947179642995864
0.0,0.2401817458111441
1.0,0.6199581481867927
1.0,0.6787336554605825
1.0,0.7598102601745678
0.0,0.08310820154331269
1.0,0.8617453626793026
0.0,0.6425326384906546
1.0,0.14805163606939833
0.0,0.5055935994604445
0.0,0.25856142537610943
1.0,0.13432164706424785
1.0,0.6860532452787276
1.0,0.5139953835720223
1.0,0.5707746276572659
0.0,0.10096872895725569
1.0,0.10975665049209583
0.0,0.03713596908459613
0.0,0.2599017462688738
0.0,0.03627025012497196
0.0,0.03527331476466491
1.0,0.8666156974644534
0.0,0.11522236932323196
1.0,0.67044207684396
1.0,0.8462515523297166
0.0,0.07358406502519708
1.0,0.6778993847745537
0.0,0.6378201492181017
0.0,0.581570982066177
1.0,0.9181254403630319
0.0,0.8011660208859285
1.0,0.4168894829454931
0.0,0.08499978405370041
1.0,0.339616920496767
0.0,0.46335377541511275
0.0,0.06686437119000528
0.0,0.5567913448934539
0.0,0.5480110023713555
1.0,0.23148681157059886
0.0,0.6158706091754261
0.0,0.169459103217035
1.0,0.8158138906837787
0.0,0.10471933824583154
1.0,0.4458145231672224
0.0,0.13931103515818613
1.0,0.8349337066438013
1.0,0.8158310777913107
0.0,0.2145343859531069
0.0,0.03513633619602016
0.0,0.64497112881453
0.0,0.18439341658144268
1.0,0.7264599194403953
0.0,0.7748019423401991
1.0,0.8934792969959602
0.0,0.41413111089543203
0.0,0.049765085321911075
1.0,0.5146970914518106
0.0,0.22751363760265073
1.0,0.6873213148597832
0.0,0.04866346575565822
1.0,0.7642575337008932
1.0,0.1784604423168072
1.0,0.831987908639448
0.0,0.8933634648354555
0.0,0.7271623776472268
1.0,0.8200089919783591
0.0,0.536341064909407
0.0,0.026492689781487968
1.0,0.8421391098279293
0.0,0.2983895267588517
1.0,0.8333268792051419
1.0,0.5825334761149873
0.0,0.47934561041332063
0.0,0.04374848054971955
0.0,0.5984070209555048
0.0,0.188261537101954
0.0,0.051033522261659324
1.0,0.4860194178879861
1.0,0.4922215735583263
0.0,0.14993264125549857
0.0,0.3433601331763576
0.0,0.4927049541464151
0.0,0.13986252607918465
0.0,0.6930388761516776
0.0,0.28242658154008676
1.0,0.530550011052738
0.0,0.8010827910709132
1.0,0.9076652811913254
0.0,0.17058653469984755
0.0,0.6718388048105037
0.0,0.06336261044677848
1.0,0.7517782565127116
0.0,0.16487687109907692
1.0,0.5865788866465654
0.0,0.1957548368274894
1.0,0.7586933836037364
1.0,0.7558332813115481
1.0,0.6197747512830667
0.0,0.8163735725835857
1.0,0.8015610242351251
0.0,0.7654957477702224
0.0,0.22122064240364211
0.0,0.5699331004139322
1.0,0.6021146532394178
0.0,0.23856450275941266
1.0,0.6008569434852002
0.0,0.3858363138030377
1.0,0.3159707207478176
1.0,0.8641558735748898
1.0,0.6442194955921925
1.0,0.7018759424808835
1.0,0.9251466794732269
1.0,0.6768070898733647
0.0,0.1277653411708389
0.0,0.13943705432571737
0.0,0.17206656548356974
1.0,0.8038754029309165
1.0,0.5284852582441787
1.0,0.6794942373866493
1.0,0.7155273341410588
0.0,0.21795611487079602
0.0,0.15710943592602233
1.0,0.8157377615490566
1.0,0.8729224996891803
0.0,0.11088777755116921
0.0,0.5676294472757689
1.0,0.809051283027268
1.0,0.36512066783023467
0.0,0.8041498925647143
1.0,0.8995883450586635
1.0,0.9071372546435073
1.0,0.7566319284452898
0.0,0.31990971260477213
0.0,0.2554925825043715
1.0,0.769088569716957
1.0,0.4958557038924969
0.0,0.09120818573172673
0.0,0.7474915247183627
0.0,0.18005377594964556
0.0,0.7366811486479445
0.0,0.034543036062937606
1.0,0.7395765276993274
1.0,0.4963661199343733
0.0,0.642195801853404
0.0,0.27229624931820035
0.0,0.10667198034293297
1.0,0.8337535648009006
1.0,0.7891670126118798
0.0,0.3958905579083738
0.0,0.5795077828007849
0.0,0.824913490313327
0.0,0.39022200743392305
0.0,0.12729164548312916
1.0,0.7035892563995911
1.0,0.6046346440569267
1.0,0.8033140640970068
1.0,0.03995712123762294
1.0,0.9160855416806472
1.0,0.6964246637670907
1.0,0.9142813924070857
0.0,0.16532020828513658
0.0,0.44995412999803763
1.0,0.5282723643224104
0.0,0.4022566708646425
1.0,0.5422243668107786
1.0,0.8809755433583193
0.0,0.24649913666500056
1.0,0.4980311597086956
1.0,0.8413776807637714
0.0,0.6061095532448663
0.0,0.3469978735568577
1.0,0.7617764653734517
1.0,0.18768034524442057
0.0,0.4750747792169535
0.0,0.6076277148015319
0.0,0.7391222464346209
1.0,0.8329642238783628
1.0,0.4359022664954284
1.0,0.6329704596225354
1.0,0.46619723817931635
1.0,0.8996978067074798
1.0,0.7783568958647488
0.0,0.09668156239373117
0.0,0.22104262477989137
0.0,0.6881507166971055
0.0,0.6572391854189804
1.0,0.7580996272762549
0.0,0.4386752188355691
1.0,0.8295056440670073
0.0,0.03950871697002514
1.0,0.27256194970871966
0.0,0.09158867606865827
1.0,0.34890262509750364
0.0,0.6517162966391553
1.0,0.33075581090781053
0.0,0.12557356697694858
0.0,0.053547095341252224
0.0,0.2721318361115196
0.0,0.6877008484638066
1.0,0.6830904711343982
1.0,0.8791456603846903
0.0,0.6182826194376889
0.0,0.08704166830566815
1.0,0.8754565867082174
0.0,0.2742822325924013
0.0,0.5041885899113844
1.0,0.7263053776603227
1.0,0.7345391818484535
0.0,0.5253055199731663
1.0,0.4557175443073911
0.0,0.2582250972249965
1.0,0.6699319754163173
1.0,0.7127455291275809
0.0,0.024534612758529434
0.0,0.05077055035781238
1.0,0.8999232562667611
1.0,0.8245579216428764
0.0,0.32716824503477504
0.0,0.752098552380608
0.0,0.4770632813344593
0.0,0.6716574633978819
1.0,0.9402152587188882
1.0,0.5124008137013955
0.0,0.38937710096358497
1.0,0.837056809730404
1.0,0.6129704810090453
0.0,0.28949141015700913
1.0,0.8732107187761772
0.0,0.1394624885835432
0.0,0.047822505848442984
1.0,0.6538939510415608
0.0,0.02805772072882331
0.0,0.23759849902846356
1.0,0.11253136991417155
0.0,0.17139859606592214
0.0,0.4864168320389595
1.0,0.41129505194685806
1.0,0.30824680273702054
0.0,0.37117878892973866
1.0,0.6004865402636488
0.0,0.786388974904083
1.0,0.7077662702981761
1.0,0.18167665432734392
0.0,0.5801546255047912
0.0,0.33778968466242804
0.0,0.6514947335917913
1.0,0.6577383146286048
0.0,0.09808162813515992
0.0,0.3037296792291565
1.0,0.9220362133370412
1.0,0.8521351532076678
1.0,0.2675344468820956
1.0,0.8363994359193365
0.0,0.0446079302166116
0.0,0.04647607073880337
1.0,0.7876418005431755
0.0,0.8174956662341809
0.0,0.27968690127915824
1.0,0.8055236345702174
0.0,0.3585144764258578
0.0,0.07996388755943551
1.0,0.38806926283809845
0.0,0.6445362030704994
0.0,0.1805983495584856
0.0,0.11031022011928415
1.0,0.42757485822652924
1.0,0.774428700616914
0.0,0.0814135128001445
1.0,0.5596599103204907
1.0,0.7803938813793467
0.0,0.6596145305317108
0.0,0.5437297703921423
0.0,0.13166856183859146
0.0,0.03514195566154631
1.0,0.592050651505197
0.0,0.13549112748863915
0.0,0.026751159045820178
0.0,0.07615817303807268
1.0,0.7770779926933725
0.0,0.03643972140233763
0.0,0.3109208638683913
1.0,0.7675408263019102
0.0,0.14032109323617353
1.0,0.1190122761850306
0.0,0.5859824398923794
1.0,0.3892598849328795
0.0,0.03997483309979554
1.0,0.25503380688624955
0.0,0.5106476498615243
1.0,0.9026713625627992
1.0,0.6181459409530834
0.0,0.101597298770167
0.0,0.48501650196216867
1.0,0.8526077684341458
1.0,0.6348268283366071
0.0,0.5088920162253356
1.0,0.25093672338762063
0.0,0.34103096742295474
0.0,0.054275341489856514
1.0,0.5572217636730069
1.0,0.2838863540066499
0.0,0.523116379143354
0.0,0.8333429195796542
0.0,0.06214422558714035
1.0,0.6397718849016345
0.0,0.05751298165612466
1.0,0.8817887918522782
0.0,0.45536866004017984
0.0,0.7584175868387737
0.0,0.0811904465094618
1.0,0.7010082971292652
1.0,0.8449270805610438
1.0,0.6774506398593497
0.0,0.2905246599291662
0.0,0.15181857068755705
0.0,0.036085607764679936
0.0,0.16240292101972276
1.0,0.7699635899121169
0.0,0.16512223395003986
1.0,0.1615536268650042
0.0,0.4963103203366419
0.0,0.4346478733924482
1.0,0.8726348065672268
0.0,0.06876184875819347
1.0,0.7199602977203404
1.0,0.6336503636319587
1.0,0.8893960974621967
1.0,0.8175412648345031
0.0,0.13772853915845437
1.0,0.9069260103876883
0.0,0.763476217999289
0.0,0.18966672720750388
0.0,0.1748212929273844
1.0,0.14988607755576386
0.0,0.4814488256241277
0.0,0.07945521002249212
0.0,0.6624388480345164
1.0,0.8277737434375873
0.0,0.24328300244623194
1.0,0.7960374908787676
0.0,0.4540998929465982
1.0,0.841686397385552
0.0,0.4598672527136562
0.0,0.6232920465701518
1.0,0.8973764418473467
1.0,0.8339149516461993
1.0,0.8861047332205835
1.0,0.7759620419617255
0.0,0.36065044124185847
1.0,0.6775547460333534
1.0,0.8033091481121004
0.0,0.6554528101180499
1.0,0.8737060693917397
0.0,0.04095388667713061
1.0,0.26036999584576254
1.0,0.7931496637634092
1.0,0.8162974377244421
0.0,0.4014001801649505
0.0,0.5381999967529074
1.0,0.8253224759180875
0.0,0.02347818531748151
0.0,0.2566540732779759
0.0,0.28399346665002945
0.0,0.7303078580338449
0.0,0.7442024792468767
1.0,0.6470208353095422
1.0,0.33931033606613176
1.0,0.550496355113142
0.0,0.49465916902011736
1.0,0.7283114893895275
0.0,0.3787719006289085
0.0,0.2657648969382921
1.0,0.820776832101942
1.0,0.7126333940860992
1.0,0.24645492860311918
0.0,0.09639957535907813
1.0,0.5317796787814548
1.0,0.5463350414600754
0.0,0.5250631334925921
0.0,0.40568258363692317
0.0,0.6807414174181766
1.0,0.7481172458282621
0.0,0.08647225343313207
1.0,0.5106322833955406
1.0,0.7285824397386191
0.0,0.09353894432350736
1.0,0.43059622357108074
1.0,0.8095166357623994
0.0,0.811896779467376
1.0,0.5215333472972291
0.0,0.15413953005396008
0.0,0.09760605010960095
1.0,0.8752735795203719
1.0,0.7547715209946286
0.0,0.20749572238092148
1.0,0.8465667029417369
1.0,0.8883912714735955
0.0,0.2039948840004222
1.0,0.7401244102315677
1.0,0.6636274737065051
0.0,0.9050131286880722
0.0,0.6036408850104569
0.0,0.06696880992595822
1.0,0.6663103031753375
1.0,0.3618547451064165
0.0,0.028389727343350227
1.0,0.46436117825199685
1.0,0.7902943947256377
0.0,0.08014452154457898
0.0,0.24243238660983094
1.0,0.5923913361374342
0.0,0.05427619906798631
1.0,0.7250676918091405
0.0,0.13298732353697973
0.0,0.02139175501260452
0.0,0.26467487058947375
1.0,0.7126848570193238
1.0,0.6607450037138214
0.0,0.8434538281026177
1.0,0.8708122336860719
0.0,0.030862177212941377
0.0,0.8889398100059801
1.0,0.6739369097067842
0.0,0.4526620279894578
1.0,0.5851458058517283
1.0,0.5072287365808907
1.0,0.9399393201816065
1.0,0.898577051748148
0.0,0.551892559494243
1.0,0.8684561393153041
0.0,0.06459613666950098
1.0,0.5001911184138425
0.0,0.7786078164665735
1.0,0.9120263254201647
1.0,0.8821698758977569
0.0,0.049611784137086605
0.0,0.4815827614029787
1.0,0.7800411819087989
0.0,0.8159062699169848
1.0,0.7807998697536381
1.0,0.42963150328150407
1.0,0.8979409661620812
0.0,0.5602120740479437
0.0,0.5139778991111648
1.0,0.8195816585442822
1.0,0.8438990675575786
0.0,0.15173041406733612
1.0,0.737661946279338
0.0,0.21061584749573162
0.0,0.5397049345125655
0.0,0.34381580222425817
0.0,0.645021271265725
1.0,0.5374401895114838
1.0,0.627952568059234
0.0,0.7522308190256976
0.0,0.11648472450079
1.0,0.5014006308168112
0.0,0.6243254909166741
0.0,0.6132795304830468
0.0,0.083125987555803
0.0,0.7212817227612054
1.0,0.7425599274117719
1.0,0.2281872877977419
0.0,0.6599075383712455
0.0,0.36446486981373605
1.0,0.8261241629153847
1.0,0.8684368108070073
1.0,0.9208924455614688
0.0,0.7593621633000618
0.0,0.8834351774336251
0.0,0.06385683011864607
0.0,0.052813958797398426
0.0,0.25876721695543536
1.0,0.7477755506183701
0.0,0.19258855644506082
1.0,0.8382035692063116
1.0,0.8595386582072061
0.0,0.8805518345201516
0.0,0.6212281357014894
0.0,0.020719069079051727
1.0,0.7437321212007141
0.0,0.5780952507293404
0.0,0.035636458870918236
1.0,0.8569316035042208
1.0,0.7812918074645999
1.0,0.8848119219450611
1.0,0.8341405664106898
1.0,0.7582952886929835
1.0,0.164112719438172
1.0,0.5348055552946892
1.0,0.8515143829093862
1.0,0.5635452960189112
0.0,0.07000483302862594
0.0,0.6151932670335207
0.0,0.7869459196312721
1.0,0.726255513172653
0.0,0.08367847877481807
1.0,0.5451267863662532
1.0,0.8745064700044648
1.0,0.34505627132606165
1.0,0.5611098588833371
1.0,0.7449332802484339
1.0,0.7881890140476869
1.0,0.6693418566053111
0.0,0.3318270836893584
0.0,0.04972115725234437
1.0,0.4665311477106481
1.0,0.8005161595232908
1.0,0.9194460456738374
1.0,0.8299471380089629
0.0,0.6032366748960495
1.0,0.04881591904738986
0.0,0.32727343594226266
1.0,0.7026705228685844
1.0,0.5532935725185739
1.0,0.8577474781753637
1.0,0.6749446336522587
0.0,0.03423717812337591
0.0,0.1002844095443125
0.0,0.6692847591107173
1.0,0.46738049427334644
1.0,0.42521826479649355
0.0,0.09161056293558145
0.0,0.07018450635341675
1.0,0.5901044522137484
0.0,0.6513291363275062
1.0,0.7037839947643051
1.0,0.6455232269268566
0.0,0.7862069129720843
0.0,0.8971825771091334
1.0,0.8446959970638999
1.0,0.7248023723158331
1.0,0.7914635922276181
0.0,0.6163987972506896
1.0,0.34345468069893464
0.0,0.5175715446852134
0.0,0.10833752649489584
0.0,0.16914238272468554
1.0,0.7977539684757569
0.0,0.4461498073617228
1.0,0.6401765926744164
1.0,0.8154246923371881
0.0,0.6137220934038085
1.0,0.5208060757712725
0.0,0.082792523378968
0.0,0.15509240485950873
0.0,0.07184180892981855
1.0,0.32501769247886264
0.0,0.1700730011325626
1.0,0.4516691615306209
1.0,0.5163337965062177
1.0,0.9079267221708114
0.0,0.7230299730443898
0.0,0.29949678039709493
1.0,0.6926558749847206
1.0,0.8163623290715937
1.0,0.5025435916711307
0.0,0.718421031212394
1.0,0.7767984569303488
0.0,0.13485147699354538
0.0,0.21331261124802914
1.0,0.707819955545483
1.0,0.5491977254443813
1.0,0.4035888071633301
0.0,0.15298833966664363
0.0,0.0560566531665504
1.0,0.506982531775992
0.0,0.2321657013250601
0.0,0.14784566709295724
0.0,0.1222782581314691
1.0,0.8662334398389439
1.0,0.25783853539893553
0.0,0.8302409062858651
1.0,0.6679960558389814
1.0,0.7684023383803705
0.0,0.06971304908662398
1.0,0.4488572330199331
1.0,0.8220039542258712
1.0,0.5362988221333408
0.0,0.043482137768903126
1.0,0.8923991953758371
0.0,0.18923627265853202
0.0,0.08361218076624745
0.0,0.09099557475923896
0.0,0.05217770325950225
1.0,0.7853314304834734
0.0,0.8264988654328601
0.0,0.028846575759820886
0.0,0.13038587576559374
0.0,0.6473301094354429
1.0,0.39197759824377276
0.0,0.08339864557442066
0.0,0.12943515714178916
1.0,0.8781510690055861
1.0,0.8676150088143509
1.0,0.8344238480942483
1.0,0.6452063603619173
1.0,0.6451746877529616
0.0,0.6472498415694513
0.0,0.33980642980296893
1.0,0.9143422941855642
1.0,0.674347765409446
1.0,0.8991830486929695
0.0,0.6572100187524128
1.0,0.6819052539501244
1.0,0.25576623407291443
1.0,0.8440413616839154
0.0,0.40841444690785217
1.0,0.8544807193353661
0.0,0.7362495622325624
1.0,0.8134989630154635
0.0,0.6612810247015695
0.0,0.27065846741221805
0.0,0.11804392921352636
1.0,0.7993405839466688
1.0,0.8287430858139684
1.0,0.8592852217091921
0.0,0.028846575759820886
1.0,0.8819020716554796
1.0,0.33885821233685354
1.0,0.7644291480099601
0.0,0.3403464651043655
0.0,0.14301392911806105
0.0,0.8934416359619879
1.0,0.7122665375555018
1.0,0.2171715435571638
0.0,0.09678218753145532
0.0,0.5078133105133397
0.0,0.2652235591175239
0.0,0.8027429633178822
0.0,0.18256742209451077
0.0,0.12983038006908784
1.0,0.8871753904190031
1.0,0.8343040840426966
0.0,0.0343685593845873
0.0,0.02720846959770533
1.0,0.9104729859378893
0.0,0.2688453837070174
0.0,0.16011333524720842
0.0,0.024857003971619107
1.0,0.8617635640857418
1.0,0.7551157381560477
0.0,0.3617694634467573
1.0,0.8272841729283875
1.0,0.6482808086192199
0.0,0.4706674309735626
1.0,0.17792571313720315
1.0,0.8068521559361267
0.0,0.07513451450223875
1.0,0.5279413199954209
1.0,0.8491461663909747
1.0,0.8224631734161232
0.0,0.06505734806259868
1.0,0.7319282756673924
1.0,0.810239713420796
0.0,0.43260108623983917
1.0,0.6130331848399022
0.0,0.6770876291159237
0.0,0.09181322472823242
0.0,0.7142316233319136
1.0,0.8142311594121482
0.0,0.05079067347546845
1.0,0.7457026363878608
1.0,0.4613457696293932
0.0,0.6577847333994091
1.0,0.6199581481867927
1.0,0.7114351553541836
0.0,0.7275794240511839
1.0,0.8566432214603016
0.0,0.6779418896406085
0.0,0.6234765283343713
0.0,0.29326758016712656
1.0,0.5894137700009778
0.0,0.2499725035739664
0.0,0.06040093396794859
0.0,0.6206828718549335
0.0,0.04775666166182893
0.0,0.614523952046013
0.0,0.599414947778068
1.0,0.558665964961634
1.0,0.820337221262017
0.0,0.12398248918696572
0.0,0.18836225280283633
0.0,0.223022501558262
0.0,0.06919775945943722
0.0,0.43068746766874255
0.0,0.2602866623507834
0.0,0.04889661247838404
1.0,0.6391671855997734
1.0,0.7571594214397782
0.0,0.6244543168116307
1.0,0.5574366543498545
1.0,0.8405781502683057
1.0,0.4517634727591429
0.0,0.18640288453383735
1.0,0.8554159487453659
1.0,0.5263608921389018
0.0,0.04550271252606637
0.0,0.0719024106457956
0.0,0.2371251113693644
0.0,0.16309270195405967
1.0,0.5878946180040574
1.0,0.44128814462505006
0.0,0.16606580148642217
0.0,0.4367522521765201
1.0,0.869096580398793
1.0,0.5542509931359868
1.0,0.850079949868084
0.0,0.6208118670491024
0.0,0.578414386216767
0.0,0.3723815087875758
0.0,0.039244619854439305
0.0,0.06962587638780374
1.0,0.7353768395718231
0.0,0.10536189485745494
1.0,0.839815414714491
0.0,0.2550178512452871
1.0,0.7077315541411676
1.0,0.3888911941996171
1.0,0.5530616197696777
1.0,0.8114541941071474
1.0,0.8169239148223714
0.0,0.4701155072242932
1.0,0.16478694195821222
1.0,0.425882405743803
0.0,0.03487510424776503
1.0,0.8241300036357843
1.0,0.7404210093926263
0.0,0.3130504480387146
1.0,0.8052475122630891
0.0,0.10021122378065446
1.0,0.7229865710894993
0.0,0.5497997621229757
1.0,0.7743574022449253
0.0,0.09113486947454014
0.0,0.7057790444020712
1.0,0.4696320898766113
1.0,0.8776405651594378
0.0,0.19246695468181432
0.0,0.044161816644642686
0.0,0.051111524052340776
1.0,0.8358115384466049
0.0,0.3839732310217617
1.0,0.7668593588126019
1.0,0.7754774920984155
0.0,0.45556178564729743
0.0,0.6465832313118146
0.0,0.13926464911652683
1.0,0.6073006025309138
1.0,0.8373447247887674
0.0,0.8759836520140069
1.0,0.8020047089466165
1.0,0.7853393371106764
1.0,0.761184109637382
0.0,0.01890176365802363
1.0,0.8111479188032602
1.0,0.7822216604442863
1.0,0.30359258567311687
0.0,0.26119791670023373
0.0,0.4214116557563522
1.0,0.1630438143144509
1.0,0.8043644902993107
1.0,0.7098587268484627
0.0,0.2849582586484012
0.0,0.6689229259080153
0.0,0.06415780099621536
0.0,0.3791148011656825
0.0,0.1476596712775919
1.0,0.5920951831567806
1.0,0.6691006832038938
0.0,0.06405377748792136
1.0,0.7483930786626599
1.0,0.6165302489716
0.0,0.27798848524628267
0.0,0.15467759643467668
0.0,0.23560743628595657
0.0,0.37539021655349813
1.0,0.8804805011940388
1.0,0.5846060776279718
1.0,0.3336139935872705
0.0,0.04247561153955027
0.0,0.3569321721723777
1.0,0.29409982606910845
1.0,0.7205188474310679
0.0,0.71549607904208
0.0,0.566495913471813
1.0,0.83992160038424
1.0,0.5686982245680479
1.0,0.4866160237421617
1.0,0.8228452431588161
0.0,0.1035517283384955
1.0,0.4520684340801788
1.0,0.2736073665719421
0.0,0.48513265602297406
1.0,0.5968753210345891
0.0,0.8345158080826179
1.0,0.5145453210102425
0.0,0.4294247284994216
0.0,0.041544116872990824
0.0,0.04235484894003885
0.0,0.5768085024929593
1.0,0.7085136190146735
1.0,0.49439554080521847
0.0,0.7338264087738186
0.0,0.25190200223479203
0.0,0.1070286604230403
0.0,0.7381210362644811
1.0,0.17223301252701365
1.0,0.8270810088909465
0.0,0.20008031120826106
1.0,0.8818207399852385
0.0,0.2861465745150149
0.0,0.6582387822640445
0.0,0.500621202768203
0.0,0.13454896466902452
0.0,0.22457506018661938
1.0,0.4267865909084819
0.0,0.40658706655459215
0.0,0.11632390909858908
1.0,0.7926027533138953
1.0,0.7819645788014857
1.0,0.7883410067888714
0.0,0.054377727348036295
0.0,0.5087645056182142
1.0,0.8753387993478825
1.0,0.8325812871516206
0.0,0.7659818612639017
1.0,0.5630017490257132
1.0,0.7642119902483572
1.0,0.864572862790031
1.0,0.5037673146074743
1.0,0.9070465306517411
1.0,0.23601071739794766
0.0,0.500830701935355
1.0,0.8340414650618667
1.0,0.8919522857432882
1.0,0.5729871885592027
0.0,0.7461661093118087
0.0,0.2984436617697305
0.0,0.0790453704713772
0.0,0.07452708333520322
0.0,0.14996731246634618
1.0,0.4450592258622086
1.0,0.825524019146076
1.0,0.3473507971350443
1.0,0.4576693227345619
1.0,0.6786487104792646
0.0,0.9389438165102639
0.0,0.22045853174701488
0.0,0.33357698726402557
0.0,0.2732540679426831
1.0,0.4231624151847288
1.0,0.7844524114063559
1.0,0.6444454836088112
1.0,0.6174286602481864
1.0,0.8693166713451823
0.0,0.29755518510678675
1.0,0.7790525785164685
1.0,0.687765000496034
1.0,0.881296936275701
1.0,0.5459452650328095
1.0,0.7658363948589029
1.0,0.8934803925744725
1.0,0.9006917959801224
1.0,0.875235761233761
1.0,0.6800170694337299
0.0,0.15225522843642578
1.0,0.8325364759052142
1.0,0.18641575103334537
0.0,0.7718945716895967
0.0,0.34246341799756735
0.0,0.4622043139409455
1.0,0.7881109381814334
0.0,0.07764324327586632
1.0,0.8898888572836391
1.0,0.8069602390375765
0.0,0.028537940234913496
0.0,0.41872052308099994
0.0,0.8229470759061929
1.0,0.7373472495832495
1.0,0.5431553399828039
0.0,0.41641176363122345
0.0,0.06889877525277605
0.0,0.23468861792369547
1.0,0.8916200031965961
0.0,0.541767728449477
1.0,0.24038701180091
0.0,0.15448321741745147
0.0,0.6627485954312614
0.0,0.24960368191880664
1.0,0.28113166364251724
0.0,0.08399504753827841
0.0,0.1925558710743739
1.0,0.5831226381779095
1.0,0.600362162560778
0.0,0.32570870288779163
0.0,0.7350453295407231
1.0,0.5201812659778762
0.0,0.30485570172019527
1.0,0.9037931780236854
1.0,0.47928385921692157
0.0,0.03544657333823991
0.0,0.2750269405577392
0.0,0.12076448941832646
0.0,0.6693781477232823
0.0,0.24913364881444366
0.0,0.6571478136410474
0.0,0.20788918296223732
0.0,0.253853681542233
1.0,0.5638674485127875
0.0,0.24392000446784748
0.0,0.7755262855463022
1.0,0.7555441540206844
0.0,0.38999552754438405
0.0,0.6035071103459211
0.0,0.09580393086301857
1.0,0.7695574982680662
0.0,0.21004566005993983
0.0,0.2471463940808469
1.0,0.3384973855720489
1.0,0.828161855958123
1.0,0.8028044815195379
0.0,0.3199691944040056
0.0,0.19395040971877126
0.0,0.4123675419265201
1.0,0.8693297866720131
1.0,0.13344064779022283
1.0,0.7402434526210476
0.0,0.757037630242026
1.0,0.8650705809391583
1.0,0.7820675750885564
1.0,0.9019359744190638
0.0,0.6059195376140863
0.0,0.14057902567672018
1.0,0.7429668486737917
1.0,0.43663090227433327
1.0,0.4986309129886769
1.0,0.7889525588406994
0.0,0.14968238816866247
0.0,0.06556255836826105
0.0,0.9012947074993355
0.0,0.4216133887526518
0.0,0.7872686522534752
1.0,0.8144742181707522
0.0,0.105343390227474
1.0,0.8768382937427013
1.0,0.589429182046438
0.0,0.026492689781487968
1.0,0.8756523963050952
1.0,0.8477141125746702
1.0,0.7235464009824293
1.0,0.80603656046821
0.0,0.1344547505421179
0.0,0.2291821111512587
1.0,0.6516620484642319
0.0,0.0891094000126042
0.0,0.2708193308154106
1.0,0.821472396963753
1.0,0.26086862749957374
0.0,0.14624892105310888
1.0,0.5415464362584607
1.0,0.8930254115435623
1.0,0.6702052437990444
0.0,0.6186274660717024
0.0,0.15406758915594954
1.0,0.5911548499189534
0.0,0.05520567124698134
1.0,0.9127129047545596
1.0,0.6936724743863617
0.0,0.6635169183512676
1.0,0.7174683871909047
0.0,0.024919478563232025
1.0,0.8935062596404063
0.0,0.6958198425579495
1.0,0.8874715536045839
1.0,0.908639418508562
0.0,0.2668941575647428
1.0,0.21484666822564993
0.0,0.03696971908090359
0.0,0.5514443848401464
0.0,0.5388162424154392
1.0,0.7293726381610371
0.0,0.46448991063255346
0.0,0.8978753045626291
0.0,0.767643150327775
0.0,0.5488745790393519
1.0,0.8478970265497725
0.0,0.7196679842283553
0.0,0.15527685627957288
0.0,0.8044392996528151
0.0,0.5819856854211952
0.0,0.5722050105517452
0.0,0.7276659294223028
0.0,0.2796421550729015
1.0,0.17210285302708608
1.0,0.5641978383574803
0.0,0.14435220584666705
1.0,0.6493483169493501
0.0,0.03408201736301239
0.0,0.5893709262728617
0.0,0.4691802847498191
0.0,0.39563924379715515
1.0,0.7784669098984274
0.0,0.18562134765835564
0.0,0.5723542441557753
0.0,0.36957735845368483
0.0,0.4322437178807176
0.0,0.054652762173831713
1.0,0.7356535964271649
0.0,0.5035280620688061
0.0,0.1415313052021108
1.0,0.845816954838068
0.0,0.03719530220911581
1.0,0.8638736956795415
1.0,0.8961079301592715
0.0,0.21863853601070074
0.0,0.4425324458084713
0.0,0.4373940680417577
1.0,0.9225907067578897
0.0,0.06993954362220897
0.0,0.032210809480956455
0.0,0.024852601959804488
0.0,0.05089038788533456
1.0,0.8596825250713998
0.0,0.5781675572141866
0.0,0.3971175969338742
0.0,0.055112326802182456
0.0,0.4672363952843352
0.0,0.02965027768118617
0.0,0.6704346384215865
0.0,0.49535848782988734
1.0,0.8197178064852022
1.0,0.465266351840766
0.0,0.7737787049523307
1.0,0.8300110390924368
0.0,0.03594980395380573
0.0,0.5673715787380664
1.0,0.33656067910993426
1.0,0.6008307449157916
0.0,0.23816445620283197
0.0,0.1107857639385032
1.0,0.9033297696515947
0.0,0.23526211051169915
1.0,0.9012858346715866
0.0,0.20313080288593088
0.0,0.5587402184293008
0.0,0.7551289404491175
1.0,0.2998422867715624
1.0,0.8075318783339135
1.0,0.6999694724733615
0.0,0.4219409339455476
1.0,0.4964527696564844
0.0,0.4444562095373973
0.0,0.058998777738903385
0.0,0.042484349958945775
0.0,0.14525770942232025
1.0,0.5052440679437536
1.0,0.8083338252803157
1.0,0.5184976885642237
1.0,0.8146760461934415
0.0,0.7833693485899601
1.0,0.49494023156015343
1.0,0.4060809941701323
1.0,0.4980743299039914
0.0,0.21392497249841408
0.0,0.20239130626909715
0.0,0.44617443410457247
0.0,0.06021748883169612
0.0,0.3355840741511064
1.0,0.5294514737799286
1.0,0.7100167202325511
1.0,0.7856879716340551
1.0,0.8677964419107015
0.0,0.7977263384625312
1.0,0.8462987060923413
1.0,0.09030723790558341
0.0,0.1129951819332412
1.0,0.4750112738243601
1.0,0.4214949490138734
0.0,0.7751226485541092
1.0,0.8271993816610125
1.0,0.790360498608665
0.0,0.6681256331603079
1.0,0.8112595806683088
0.0,0.19775657213881634
0.0,0.08495947991096585
0.0,0.3175038105160786
1.0,0.3094999425145661
0.0,0.12920057410641456
1.0,0.5890805015143459
1.0,0.862511691605231
1.0,0.5984254886694124
0.0,0.6073411736057724
1.0,0.7713900940817732
0.0,0.15453237494610347
0.0,0.5483301867366185
1.0,0.6969786123894657
0.0,0.2826328485780984
0.0,0.7302293973214854
1.0,0.862621319815441
1.0,0.8100964904538164
0.0,0.8063035183027178
1.0,0.8301356909513977
1.0,0.9092144721476207
0.0,0.18641575103334537
1.0,0.294416580919601
1.0,0.8486210561553156
1.0,0.5068515844755694
0.0,0.5165113357063539
1.0,0.6867008396895737
0.0,0.06802058539188094
0.0,0.32361637575595836
1.0,0.5605411923253535
0.0,0.43754879353858184
0.0,0.5325906647105315
1.0,0.2082812225502687
0.0,0.1028843837621689
1.0,0.5375866928190512
1.0,0.12776695976250207
1.0,0.8673172300722356
0.0,0.7876566313675335
0.0,0.1857339845807208
1.0,0.5882852133359676
0.0,0.35613484307063914
1.0,0.6328318079064783
0.0,0.5840633598919842
0.0,0.6928405326843035
0.0,0.15150111691573462
0.0,0.3515459870730427
1.0,0.9180084829240269
1.0,0.7864541192257517
1.0,0.8194735643011604
0.0,0.5048771192110031
1.0,0.17674630349981502
1.0,0.6297109042266411
1.0,0.792630229489032
0.0,0.8177059206690803
0.0,0.12378017859202153
1.0,0.8952860230997145
1.0,0.4722996231533541
0.0,0.08015351819323788
0.0,0.8888615169669719
1.0,0.763648061405582
1.0,0.8612584583198581
1.0,0.7776949459843494
1.0,0.7711730115221639
1.0,0.878245014251227
0.0,0.10246759906345307
0.0,0.04703616216259541
1.0,0.3702949748259003
1.0,0.7821150005891261
1.0,0.2816790782705998
1.0,0.528978167157972
1.0,0.7874281945776049
0.0,0.1343640623154063
1.0,0.7579262525992343
1.0,0.8187138842294764
1.0,0.6816455106338827
1.0,0.6926726141956547
1.0,0.8856643988622608
1.0,0.6623489023196745
1.0,0.7845754765315677
1.0,0.8590622776254984
1.0,0.12217705697536362
1.0,0.8895102503951294
0.0,0.2753933543419355
1.0,0.8040801340414696
1.0,0.7866962928123503
0.0,0.8579441003767261
1.0,0.8461317937279356
1.0,0.5971191100427404
1.0,0.5591129329087062
1.0,0.5417794418936371
1.0,0.8370289306135973
0.0,0.0845105165313165
0.0,0.18573354367473863
1.0,0.5026648749039029
0.0,0.5694096371068731
0.0,0.5053649309857685
1.0,0.2835997777914798
0.0,0.11133283805226747
1.0,0.6653467294031995
0.0,0.030499639381938403
1.0,0.28215099587500314
1.0,0.733853953121059
0.0,0.08859535271960604
1.0,0.8322125991171558
1.0,0.8774881078750669
0.0,0.42821868281559616
1.0,0.6590568797909074
1.0,0.6752136209470065
1.0,0.7883745846384956
1.0,0.7323453100174232
1.0,0.5498422327163018
0.0,0.5571909080932401
1.0,0.22451667268192071
0.0,0.15068546425696244
1.0,0.889205435060996
0.0,0.3469978735568577
1.0,0.7513953436016367
1.0,0.8006860698620488
0.0,0.22449207397994106
1.0,0.08946622188799393
1.0,0.6445192418275787
0.0,0.03101224180895946
0.0,0.20339129999634087
0.0,0.6570040173746745
1.0,0.8439459293036973
0.0,0.09018502019579974
0.0,0.046010916470077344
1.0,0.8340455526604281
0.0,0.5627358726420406
1.0,0.8124595182458991
1.0,0.6805749372084575
1.0,0.7119357611662062
0.0,0.1571269804681759
1.0,0.8360653291361677
0.0,0.28387888763712726
1.0,0.6892257450947169
1.0,0.632171563090264
0.0,0.41720475302232407
1.0,0.6809744046956835
0.0,0.4304536452472603
1.0,0.8300688420429273
0.0,0.20105425888456177
1.0,0.5252032561606172
0.0,0.6863675755172395
0.0,0.10982458386359352
1.0,0.8841493030137777
0.0,0.29171437338179346
1.0,0.8394321411742649
1.0,0.316115868732145
1.0,0.6425576778552485
1.0,0.8354864922270705
0.0,0.2598393511815719
1.0,0.8318864819758309
0.0,0.08525317276960222
1.0,0.8307341963965865
0.0,0.5860464803922147
1.0,0.45973352499704645
1.0,0.7957085367603585
1.0,0.320791641809462
0.0,0.5630159265092987
1.0,0.22358459105120507
1.0,0.2063962362679851
0.0,0.25837837962042887
0.0,0.17082174172803558
1.0,0.7261907943507173
1.0,0.8707594374947396
1.0,0.7499154650173654
0.0,0.5814847971411935
1.0,0.8854736739241255
0.0,0.04716643804171761
0.0,0.34700401708017764
0.0,0.15941571930039802
0.0,0.44365194575278394
1.0,0.17062629006211535
0.0,0.1236204200876837
1.0,0.6656220280718721
0.0,0.12626163337834564
1.0,0.7840193158236181
0.0,0.6796424366501072
1.0,0.8412328536630928
1.0,0.274029317632973
1.0,0.6124189196752275
1.0,0.8247773595406522
1.0,0.8590046887034142
1.0,0.7939814969734333
1.0,0.4854621033546183
0.0,0.7521075203009787
0.0,0.28883907543014253
1.0,0.8039809081102108
0.0,0.3516047435740743
1.0,0.7061596123598232
0.0,0.03220694070386467
1.0,0.4562649204505536
1.0,0.7656112995923294
1.0,0.880522701998362
1.0,0.45957490783701005
1.0,0.6064635046430195
0.0,0.02672921552084141
0.0,0.13094563000180784
0.0,0.10065070408640865
0.0,0.5192552295211956
1.0,0.146726678482029
0.0,0.4795837637186083
1.0,0.38757918178466977
1.0,0.7058944630987631
1.0,0.8924472581184607
1.0,0.5773524468824667
1.0,0.7928924041280709
0.0,0.7337788611483521
1.0,0.5046962411216049
0.0,0.815807978981417
1.0,0.5523385624860908
0.0,0.2913156964319008
0.0,0.18009901690591998
1.0,0.8511637615898241
0.0,0.06540086676259839
1.0,0.8447494580040935
0.0,0.5028389431090804
1.0,0.8621591950769435
1.0,0.6966077057581633
1.0,0.5966326075312081
0.0,0.2895640996370072
1.0,0.708931660280822
1.0,0.8100734158157782
0.0,0.12452986005934766
0.0,0.07800145033376929
1.0,0.858131460235736
1.0,0.8477035529702911
0.0,0.17141623360718433
0.0,0.14311320601054803
0.0,0.5444607262028369
0.0,0.5902392605650412
0.0,0.0691632160825568
1.0,0.6629333854427356
0.0,0.027305413035527373
1.0,0.8673497410573433
1.0,0.8786576070700012
1.0,0.8719744303365287
1.0,0.47767567761470714
1.0,0.7596803191119371
0.0,0.035636458870918236
1.0,0.9113643511065602
0.0,0.42965010627719985
1.0,0.7826000598328696
1.0,0.8189395086423683
0.0,0.06113109293813465
0.0,0.2219735128667464
1.0,0.6556104395294178
1.0,0.7150083635702279
1.0,0.8744117139562341
0.0,0.9149125651783443
1.0,0.5594576243612137
0.0,0.5311662581720804
0.0,0.030104095499049233
1.0,0.8779157294917228
1.0,0.5316125913713959
1.0,0.6638083371785799
1.0,0.21315083071266502
0.0,0.5208443172189543
1.0,0.6804784913122031
1.0,0.5292907693149199
0.0,0.9201938421054967
1.0,0.7265032859664391
1.0,0.794014129947142
0.0,0.828212046229506
0.0,0.41804419134220466
0.0,0.7663735919394367
0.0,0.046587828001623914
1.0,0.5127579240748416
0.0,0.4814628146874244
1.0,0.7614397243495491
0.0,0.6174780523920058
0.0,0.28658100808291237
0.0,0.30741911210358464
1.0,0.42254243313637313
1.0,0.5451679431117219
1.0,0.9104526067794396
1.0,0.7175434236450684
1.0,0.7193658671734021
1.0,0.24750857819455674
1.0,0.7588940337876119
0.0,0.6707305236994766
1.0,0.8262226025824774
1.0,0.7683821595936573
1.0,0.5752152534507524
0.0,0.4678057793407432
1.0,0.6963857867070403
0.0,0.7429869604762886
0.0,0.6076899692477493
1.0,0.3910738501854572
1.0,0.07813600310050188
1.0,0.5914791255740227
1.0,0.27256194970871966
0.0,0.22948780526657026
1.0,0.8633179730919768
1.0,0.7707599669934603
0.0,0.11906401581793957
0.0,0.33627456299888964
0.0,0.08492323417616017
1.0,0.4793958613248212
0.0,0.24901797659950214
1.0,0.42129974151733224
0.0,0.8333679712610388
0.0,0.34800511120985156
1.0,0.8894670440778464
1.0,0.8663820179383033
1.0,0.5503934914426768
0.0,0.8058933784045341
1.0,0.5847654585892884
1.0,0.9004331961017017
0.0,0.8408077840714976
0.0,0.35334005386972345
1.0,0.22014657451719938
1.0,0.6509952632664358
0.0,0.1527693760069044
0.0,0.238836125745993
0.0,0.2607611052751998
1.0,0.841134406489888
1.0,0.6827875544413468
0.0,0.6496451264001593
1.0,0.8310884428740665
0.0,0.11061045724574187
0.0,0.038979896488521654
1.0,0.8194962326716047
0.0,0.23559205310980305
0.0,0.3891499482108896
1.0,0.5039453435090746
1.0,0.7781534261959601
0.0,0.19935475989566434
1.0,0.45427188144206315
1.0,0.7352289920464351
0.0,0.5635008503604716
0.0,0.699285048446148
0.0,0.5540091380579978
0.0,0.7184726437706551
1.0,0.4174414460510124
0.0,0.4532726652471332
0.0,0.05516379082896173
1.0,0.6329379628356555
1.0,0.6464324506721078
0.0,0.7742031410614229
1.0,0.40965620025453486
1.0,0.8487570663909292
1.0,0.6217905439844236
0.0,0.7124009538204781
0.0,0.06630010029305317
0.0,0.5066232352147981
0.0,0.3693825804663544
1.0,0.7924424785536205
0.0,0.04866871748358311
1.0,0.7376683928229325
1.0,0.8789969574992933
0.0,0.7349047740217374
0.0,0.06231058063169584
1.0,0.8234087628348514
1.0,0.5097418259961803
1.0,0.7000328211842711
1.0,0.7220534570614818
0.0,0.4515228003598714
0.0,0.06587788422793851
0.0,0.5283053991370134
1.0,0.8190264837497029
1.0,0.8699044001680641
1.0,0.19019305155963098
1.0,0.7361345730437089
1.0,0.9155221413056474
1.0,0.8490468150995535
1.0,0.24707667059516508
0.0,0.3417047105795839
0.0,0.48012096170394836
0.0,0.22218163668764643
0.0,0.39674982115794377
1.0,0.47709714143398485
0.0,0.9036531895781204
0.0,0.06976924743081492
0.0,0.3020917827176837
1.0,0.874140152448997
1.0,0.849428595076596
0.0,0.370691352572336
0.0,0.6111724831479051
0.0,0.85481810763801
1.0,0.32966258725706576
0.0,0.076790594103226
1.0,0.6879622264570742
1.0,0.6178920721160897
0.0,0.14902003441236494
0.0,0.040995256369446766
0.0,0.7013017208532539
0.0,0.3530329536356253
1.0,0.49992871978143255
0.0,0.6976762867039749
1.0,0.6668143187062698
0.0,0.12632032670673637
1.0,0.5416708945922364
0.0,0.2653401547364489
0.0,0.12266674388062752
0.0,0.10236268685323466
0.0,0.18113306823610362
0.0,0.491651534324303
0.0,0.02259209191924823
1.0,0.511372703936377
0.0,0.1395140912952662
0.0,0.5006413687981136
0.0,0.04176349716063371
0.0,0.641740778307456
0.0,0.1286700918499596
0.0,0.08804246829766162
1.0,0.7317046107423663
0.0,0.4132767936402622
1.0,0.9035993345849934
0.0,0.10258515670066053
0.0,0.24084353928484617
0.0,0.4806048915450277
0.0,0.11205068010539783
1.0,0.9164572244808472
1.0,0.5585355991182572
1.0,0.8103826819259223
0.0,0.0731789871445454
1.0,0.9141752280780105
1.0,0.8748391659184831
0.0,0.0796578097309483
0.0,0.07409922812326823
1.0,0.60279899373708
0.0,0.06293673351115378
1.0,0.6139503713210436
1.0,0.6387938496067048
0.0,0.04031193706826612
0.0,0.27879215459850226
0.0,0.06318053074991416
0.0,0.4684867599020193
0.0,0.21120804208679278
1.0,0.7756360033537628
0.0,0.12943798948110963
0.0,0.65395246845156
0.0,0.7738187501415589
1.0,0.8122865871682456
1.0,0.4971763368922882
0.0,0.06306155121075903
1.0,0.3875302775766822
0.0,0.4099033024020613
0.0,0.35271326321031393
1.0,0.6850178186316852
1.0,0.6943064508954138
1.0,0.8514774454844188
1.0,0.8262710114129309
1.0,0.8856379246810465
1.0,0.6485219194742702
0.0,0.6766724714740026
1.0,0.5277217164973744
0.0,0.7116536189521757
1.0,0.7060055562298001
0.0,0.7689095001646902
1.0,0.08142916627781925
0.0,0.21954174131683338
0.0,0.8440379219278099
1.0,0.8233597462908497
0.0,0.5673436672861425
1.0,0.7076302613478784
0.0,0.6831564087992955
1.0,0.8994320963696927
0.0,0.6576305535253758
0.0,0.32141430172129115
1.0,0.6571442785072871
1.0,0.8714070785400209
0.0,0.13489654525076772
0.0,0.07928227990690899
1.0,0.6982880515759672
1.0,0.8128604612611251
0.0,0.6575085212147836
0.0,0.5396764199015489
0.0,0.3711080594484183
1.0,0.8628559346184597
1.0,0.8763210834492496
1.0,0.6762623197845559
1.0,0.43405117185959935
0.0,0.5912983115680498
1.0,0.7940845308673796
1.0,0.8097513956957678
1.0,0.8326399694558879
0.0,0.8551122692907003
1.0,0.6442650397237154
0.0,0.3133331481539209
1.0,0.20960573087328854
0.0,0.8134647400568459
1.0,0.47902475920171494
0.0,0.13329370997827725
1.0,0.6289460228334991
1.0,0.8162598834666233
1.0,0.31161470749501496
0.0,0.6379733850820047
0.0,0.08386024042802971
1.0,0.13427773562529038
0.0,0.5220985632634937
1.0,0.3447382282846464
0.0,0.3512982004125773
1.0,0.26774185338579576
0.0,0.38550911991327136
0.0,0.6211364725088636
0.0,0.10441674998307438
0.0,0.39156880388519
0.0,0.4414407297413326
0.0,0.04661150775617585
0.0,0.19244676313168452
0.0,0.4862765627199215
1.0,0.5727454145622259
1.0,0.2540090762503456
1.0,0.2007806822504987
0.0,0.19993777761815404
0.0,0.43103443074391157
1.0,0.8734609917479214
0.0,0.052964034952117885
1.0,0.8820088038071966
1.0,0.8684212000854125
1.0,0.8310509059939788
0.0,0.0815306840000512
0.0,0.526496228872781
0.0,0.7702933576635227
1.0,0.6664626979023842
1.0,0.8973480348413511
1.0,0.7120543282619414
1.0,0.7620628678863949
0.0,0.09872878258016364
1.0,0.6132058622755482
1.0,0.7099375315018078
1.0,0.8270985162803279
0.0,0.06401045665329068
1.0,0.4462706016781322
1.0,0.6676789388113815
0.0,0.16240292101972276
1.0,0.7722780700863855
0.0,0.19205428772365665
1.0,0.8139170606166409
0.0,0.8013998591348274
0.0,0.24771957625510266
0.0,0.6337160850846674
1.0,0.8426155893777397
0.0,0.7640000309736613
0.0,0.16699601438094333
0.0,0.13187385136339008
0.0,0.08249694799540969
1.0,0.6134558955708149
1.0,0.8465162194321564
1.0,0.8713081424866603
1.0,0.8805740635545192
0.0,0.8006897517851455
1.0,0.4116920069439741
0.0,0.45795806277069767
1.0,0.8426791654068688
0.0,0.28194076872569784
0.0,0.6193239681049797
0.0,0.6998067734825754
0.0,0.07813600310050188
1.0,0.16650495309781743
1.0,0.12226607921845335
0.0,0.23526489818388652
1.0,0.7273396701779863
1.0,0.6451530151818201
0.0,0.8824822088106713
0.0,0.6143761922313034
0.0,0.9215010108035933
0.0,0.6403480325049213
0.0,0.2991521743478577
0.0,0.2379535272488935
1.0,0.7055495149995625
1.0,0.8673952304598078
1.0,0.7001265937312724
0.0,0.5161019432698917
1.0,0.9217440896735769
0.0,0.7902483520976789
0.0,0.8551384357256817
0.0,0.5395068509561103
0.0,0.18857957122271413
0.0,0.09510201463883369
1.0,0.8067982692832155
0.0,0.05132484249418184
0.0,0.523396975449892
0.0,0.14957667556756954
0.0,0.16851790736679903
0.0,0.031062552131309786
0.0,0.49280308190918526
0.0,0.10258515670066053
0.0,0.0797552035241537
1.0,0.4603874106672576
1.0,0.8339146855504023
1.0,0.7790169692428229
1.0,0.10034239772234022
0.0,0.09534173468031253
1.0,0.8927458695503864
1.0,0.21961396700445074
1.0,0.8935575089592744
0.0,0.032927896715092296
0.0,0.4665383038810543
0.0,0.7584584813236306
1.0,0.3094999425145661
1.0,0.7913832927128072
1.0,0.6110997665456807
0.0,0.6405320259399461
1.0,0.5554167748798569
1.0,0.2006234378496139
0.0,0.6752678254350367
1.0,0.8795851581153598
0.0,0.23174818168206618
1.0,0.8278156990608685
1.0,0.8381774938420243
0.0,0.016879292617996533
0.0,0.04712311993182466
0.0,0.37632951788192953
1.0,0.7345036437119179
1.0,0.4649264016367272
0.0,0.5722401507309757
1.0,0.776627547913278
0.0,0.06861922803440226
1.0,0.4478267595686294
0.0,0.4172071337959373
1.0,0.5386782487492741
0.0,0.05299421634498573
1.0,0.8951319645060086
1.0,0.710084420400581
1.0,0.2181186187677002
0.0,0.14975755007030894
0.0,0.8165301299619432
1.0,0.06589799791729055
1.0,0.7617541307850599
0.0,0.5470990596375574
0.0,0.07490123611622612
1.0,0.6019560233670177
0.0,0.13766714730479493
0.0,0.17493321841782158
0.0,0.33815861823914184
1.0,0.5673530766866526
0.0,0.34009547933995404
1.0,0.8763978197972953
0.0,0.09456654537278139
0.0,0.13847762904126001
0.0,0.1679153062945247
0.0,0.25353448983857974
1.0,0.5553185576904572
1.0,0.9001082332036029
1.0,0.9120732988128313
0.0,0.05650116059388271
1.0,0.7398000131274135
1.0,0.5274045589140387
0.0,0.1706593118735217
0.0,0.05770624888054347
1.0,0.7544864037935123
1.0,0.9060505583006674
0.0,0.36674949603172324
1.0,0.7406442398683941
1.0,0.6756268249718702
0.0,0.10381243460378838
1.0,0.42540741813096455
1.0,0.6974081349010982
1.0,0.8358648514575362
1.0,0.4028784686949491
0.0,0.5830123819827849
0.0,0.22713840750380943
0.0,0.5541400642692358
1.0,0.8173003827824797
0.0,0.4331897296496127
0.0,0.27504828130697306
0.0,0.2679746353818271
0.0,0.0726587675660805
1.0,0.29813040672175883
1.0,0.652604276288781
0.0,0.18709335270386176
0.0,0.43308418144920424
0.0,0.13786533169141763
0.0,0.5292068528662165
1.0,0.8620900676543128
0.0,0.056405984896647964
1.0,0.5064664045436874
1.0,0.7885677508109997
0.0,0.3913769108817232
1.0,0.8754713662512787
1.0,0.8630356700824946
1.0,0.7639605797800819
0.0,0.025070039573609773
0.0,0.40144404248344884
1.0,0.8022225120037246
0.0,0.09133758416883125
0.0,0.1150555296357076
1.0,0.7326538452053141
1.0,0.5558538127761607
0.0,0.08836994644128812
0.0,0.4911768802610781
0.0,0.4995065945868271
0.0,0.027305413035527373
1.0,0.8338242476420133
0.0,0.3719259805456007
0.0,0.10930445885013061
1.0,0.6661571403006811
1.0,0.8683625043008624
1.0,0.6154561025566784
1.0,0.707138032515518
1.0,0.5434959951427027
0.0,0.13610837288423522
1.0,0.8590529359278936
1.0,0.5985059745327082
1.0,0.8460334467285618
0.0,0.1539135359317335
1.0,0.36321148186411717
0.0,0.2973524395194506
1.0,0.8343014835804491
1.0,0.8013087642804165
0.0,0.08859535271960604
0.0,0.16576216299878863
1.0,0.7691008527410285
0.0,0.5906085598561035
1.0,0.7643860232806937
1.0,0.40256675008949844
1.0,0.427386517865148
0.0,0.8323026446315652
0.0,0.049485136911147184
1.0,0.8944542226548293
1.0,0.20849968032753868
0.0,0.0462088946836868
0.0,0.14689199800744185
1.0,0.6396940528023874
1.0,0.6901707951710194
0.0,0.6932891011372071
1.0,0.6029454689314893
0.0,0.12679327068139776
1.0,0.9024288729623283
1.0,0.5384315409717391
0.0,0.2169884303324155
1.0,0.8048313419921477
0.0,0.15296230663261853
0.0,0.48274144435682526
1.0,0.5863060063960135
0.0,0.4707979673055456
0.0,0.5768148343994179
1.0,0.52047953570072
1.0,0.6342593694471047
0.0,0.37893506389915715
0.0,0.5245449395950702
1.0,0.6845205651164241
1.0,0.6531299125108385
0.0,0.4135794899876986
1.0,0.7749518696681026
1.0,0.8244093225826201
0.0,0.4330964949836431
1.0,0.513681631713797
1.0,0.22547495827277106
1.0,0.7210222594669494
0.0,0.6038941444601028
1.0,0.37783750401498095
1.0,0.7810057603438536
1.0,0.9292590219059474
1.0,0.44510994578861446
1.0,0.5765194409021751
1.0,0.9152682990844533
0.0,0.2220550529373287
1.0,0.655026583830082
0.0,0.6869011860999877
1.0,0.6628000477797968
1.0,0.6057364840569343
0.0,0.04095388667713061
1.0,0.7664204235483191
0.0,0.29588181077382164
0.0,0.6061952489199486
0.0,0.09464609995576441
0.0,0.13287116029863516
0.0,0.3485621291046888
0.0,0.01843156589468495
1.0,0.7459401365128109
1.0,0.8837869631371821
0.0,0.2510024446675139
0.0,0.23756748689651042
1.0,0.9254518016459471
1.0,0.7088581516063482
1.0,0.13025171692473966
1.0,0.8352282438719382
1.0,0.31112692859344354
1.0,0.6932226270576328
1.0,0.7083963850375855
0.0,0.8253388266969239
1.0,0.561719544961452
1.0,0.7158042194595645
1.0,0.6185186504086956
1.0,0.4400338737605123
0.0,0.04488481853820103
0.0,0.035682963009037824
1.0,0.4332257241437992
1.0,0.33503848143917847
0.0,0.4953225560085799
0.0,0.7260610966683357
1.0,0.8337287197940415
0.0,0.43461091121405937
1.0,0.48479229129021145
1.0,0.8457825375221977
0.0,0.5080221109172864
1.0,0.9085639343135029
0.0,0.24925173650185758
0.0,0.319198537946387
1.0,0.7247678824580792
0.0,0.7260007674721811
0.0,0.42676589996166114
1.0,0.6492966926224735
0.0,0.30259844417686577
1.0,0.6221088097312296
0.0,0.7826711199963823
1.0,0.5411492903833924
1.0,0.8192461456781283
0.0,0.5362756756982984
1.0,0.7193103235339801
1.0,0.8934700909961816
1.0,0.7906051756743125
1.0,0.8554013416916645
1.0,0.539866898117253
1.0,0.6185289969804785
0.0,0.6073540594167252
0.0,0.316132700975121
0.0,0.17647502329915565
0.0,0.6317322512671877
1.0,0.870339585876272
0.0,0.8059163860831268
0.0,0.18941568536098355
0.0,0.15964776065689895
1.0,0.5671760618647906
1.0,0.7003305318169638
0.0,0.5904991817049517
0.0,0.02771841585643304
0.0,0.04955175513870326
0.0,0.06262435832967823
0.0,0.05647661046538428
1.0,0.6530595112758383
1.0,0.37695264053882266
0.0,0.5962343955015621
1.0,0.8581575844853344
1.0,0.791852730702098
0.0,0.05114859242618282
1.0,0.40920717111554694
1.0,0.5630308538413308
0.0,0.24929981627540526
0.0,0.2483984942263528
0.0,0.4204452166828159
0.0,0.08617261283172516
1.0,0.856508687560509
0.0,0.8753195072123601
1.0,0.3276725159702254
0.0,0.07139216797404292
1.0,0.8715526850811431
0.0,0.1136468410269566
1.0,0.7429006214925257
0.0,0.23584188178429819
1.0,0.7165523005660753
1.0,0.7237630578659778
1.0,0.4073970890208953
1.0,0.7916649532119471
1.0,0.9056560293574906
0.0,0.18400084054230367
0.0,0.27849171946775964
1.0,0.4279896514322766
1.0,0.13073526555792142
1.0,0.12167094175702586
1.0,0.7186506765015392
1.0,0.5885914814090538
1.0,0.4842259638927338
1.0,0.894375860606439
1.0,0.4024795147936719
0.0,0.3513655089090967
0.0,0.6569412759325921
0.0,0.6161218689103075
1.0,0.43306669715620255
0.0,0.29220631551326814
1.0,0.9204778865800171
1.0,0.7792628402511029
0.0,0.6588791888309101
1.0,0.7095599800878037
0.0,0.11884379371450472
1.0,0.6085654667356514
1.0,0.830259928533631
1.0,0.1888841137746391
0.0,0.24723331411665878
1.0,0.8295005684727259
1.0,0.2340215569617293
0.0,0.2832037621247198
1.0,0.708758916949517
1.0,0.7386223914617
0.0,0.10529838632860544
1.0,0.8540512894895769
0.0,0.11293390147016195
1.0,0.6256892845263236
0.0,0.5916317427022534
0.0,0.2888566687084749
1.0,0.7057159877339183
1.0,0.8378944541864538
1.0,0.5087418105579837
0.0,0.07339570350847417
1.0,0.9143023078359763
1.0,0.6660518842059133
0.0,0.07728814291371626
1.0,0.6096251722405681
0.0,0.31182423357383243
0.0,0.4646385330285774
0.0,0.5949662265759574
1.0,0.907975444868424
1.0,0.3316447446762179
1.0,0.4040831546318547
0.0,0.7163884448498761
1.0,0.3894977620566683
0.0,0.3447740489111884
0.0,0.05219412097068099
0.0,0.8459241537190964
0.0,0.5744234177911753
0.0,0.058040457012025516
0.0,0.48957516360368764
1.0,0.17916070273556842
0.0,0.060444503238534675
1.0,0.7478825887707811
0.0,0.8924426823814977
1.0,0.3009235503833075
1.0,0.06810927717663863
1.0,0.32023972983800325
0.0,0.24958446114031368
1.0,0.5955534907717961
0.0,0.41110283293642835
0.0,0.22872269268158818
0.0,0.18110622167975982
1.0,0.7517753073165611
0.0,0.18683775599518912
0.0,0.7336891372898791
0.0,0.3488776550693087
1.0,0.6064436848036725
1.0,0.8821877236195673
0.0,0.1536595521490733
0.0,0.6403085311744887
0.0,0.07803150158742217
0.0,0.28737150337713513
0.0,0.4311861208526013
0.0,0.033174750786479926
1.0,0.868997240415296
1.0,0.5669654184361903
1.0,0.7827320207922874
0.0,0.8095940939067827
0.0,0.6681740077578722
0.0,0.035983362013895626
0.0,0.7281003620164451
0.0,0.44042705157577555
0.0,0.6712582312476821
1.0,0.8933917055959409
1.0,0.8190786676949305
1.0,0.3203485467403786
1.0,0.6086662343264181
0.0,0.12312491207715914
0.0,0.405486589600615
1.0,0.4317933883061061
1.0,0.24597619187359213
1.0,0.6976389505430874
0.0,0.06888013747961684
0.0,0.7065055048215106
0.0,0.05928108962584716
1.0,0.8122391760277806
1.0,0.40702487479714045
0.0,0.234860254744709
0.0,0.06661973311031723
1.0,0.5892284332703429
0.0,0.5290256383944563
0.0,0.26551622609622716
0.0,0.8590427274549381
1.0,0.41778780782509023
1.0,0.776678097908328
1.0,0.4671596495461992
0.0,0.04476292431256872
1.0,0.7620013220093216
1.0,0.6360863257810748
1.0,0.5684025618691175
0.0,0.06231058063169584
1.0,0.6947223870087662
0.0,0.9104652572696722
0.0,0.40017886020484467
1.0,0.36335115132002677
1.0,0.32166780892543734
1.0,0.5448589308255744
1.0,0.530759165228278
0.0,0.09100847726330497
1.0,0.5815260565850147
0.0,0.7557834689479999
0.0,0.3772323297329812
1.0,0.5014188015288876
1.0,0.819749549140023
0.0,0.19110713320258207
0.0,0.1938070178890074
0.0,0.34110366435578865
1.0,0.4106036284668496
0.0,0.7680697829605311
0.0,0.2363292923207897
0.0,0.7761212943254808
1.0,0.3483949074721064
1.0,0.5302612809089036
0.0,0.02771841585643304
0.0,0.37048557333681154
1.0,0.8807256599350449
0.0,0.47135949420136836
0.0,0.06073436225612134
1.0,0.6604233551615574
0.0,0.5810530041160353
1.0,0.9002753160205498
0.0,0.6656800346736325
0.0,0.7414580791898775
0.0,0.03518719114184327
0.0,0.10786105791584721
0.0,0.10129929697096386
1.0,0.8125029154152881
0.0,0.30369249639325674
1.0,0.7318202220134828
1.0,0.6421081712298282
1.0,0.7608387048083162
1.0,0.43907451351912163
1.0,0.6912250076045163
0.0,0.08299150060853197
1.0,0.9176446104323653
1.0,0.41099645306053184
1.0,0.7749755027814199
1.0,0.7874552967674003
0.0,0.13708194433940474
1.0,0.8444854570663733
1.0,0.5915400826332498
0.0,0.08857798531367647
0.0,0.19316629754752335
0.0,0.08658385617533951
0.0,0.46760572239233894
1.0,0.8817501345376372
0.0,0.7486614112050896
0.0,0.7450381125154061
0.0,0.07519912294560427
0.0,0.1332074433765535
1.0,0.8546947378208731
1.0,0.7947301101776578
0.0,0.037905194798698555
0.0,0.437498396195611
1.0,0.9160414967715003
1.0,0.8334511023420735
0.0,0.281564101497408
1.0,0.681980063868905
0.0,0.21807296288009045
1.0,0.8280293379334489
1.0,0.6956273749789811
0.0,0.44073497885973845
1.0,0.9037348320769117
1.0,0.7381952009500053
0.0,0.1582333634562578
1.0,0.8745493254184182
1.0,0.8153126363251251
0.0,0.6867358535185073
1.0,0.8994518821888172
0.0,0.264809198158787
1.0,0.598259045980409
0.0,0.9107829147953149
1.0,0.46514737600768236
1.0,0.5847449168177314
1.0,0.4250535847942874
0.0,0.702267976302908
1.0,0.5785621954233421
0.0,0.04024319374951451
0.0,0.7101796638432738
0.0,0.16982618987792564
0.0,0.04987957624761863
1.0,0.5210767459669698
0.0,0.2722256410105981
0.0,0.5798329984265477
0.0,0.760116366318182
0.0,0.7637162070846333
0.0,0.6268657126808929
1.0,0.7799848437104083
0.0,0.9024734706050838
0.0,0.6959399802976878
0.0,0.37501950842569465
0.0,0.04006960241266374
0.0,0.06946467085067273
1.0,0.8399008911180076
1.0,0.8825754064230901
1.0,0.6268555246469351
0.0,0.2938628301183323
0.0,0.19828232056187525
0.0,0.23764589959414523
0.0,0.0767119928892984
0.0,0.6095338677578053
1.0,0.7680020888716994
1.0,0.8363693504671211
0.0,0.31955251341743646
0.0,0.04777903582614858
0.0,0.4895036706017796
0.0,0.2834965333359637
0.0,0.15808789046630725
0.0,0.02771841585643304
0.0,0.29874278533749504
1.0,0.5362264330168944
0.0,0.12474798641439075
0.0,0.2084026951901558
0.0,0.20891705853358802
1.0,0.9095313999141297
1.0,0.7332379766892554
1.0,0.7060269965470128
1.0,0.8136269387896585
0.0,0.6299034256014552
0.0,0.06785027158126486
1.0,0.8356134216001619
1.0,0.811072532266963
1.0,0.8196578479651478
0.0,0.16535148079743864
0.0,0.7338830972995292
0.0,0.04467200833863481
0.0,0.9116729678343535
0.0,0.2463014847077454
0.0,0.13019507887678486
1.0,0.6402001767467889
0.0,0.17992784407672863
1.0,0.8204909286982003
1.0,0.7589186210218131
1.0,0.7625173711486909
1.0,0.8470982799353698
1.0,0.6410420822892264
0.0,0.57790340097051
1.0,0.5312259239658442
1.0,0.7174223200736809
0.0,0.5151352538095771
0.0,0.471980417988826
1.0,0.6281940259811879
1.0,0.8451795937963951
1.0,0.8772820541489129
0.0,0.21121421628831932
0.0,0.06100903682750145
0.0,0.10345563361238576
0.0,0.6137663583810643
1.0,0.47943833664247487
0.0,0.2861740051481403
0.0,0.022116292786276658
1.0,0.7389519575537546
0.0,0.44883631415666
0.0,0.03264564097322827
1.0,0.6690228350085091
0.0,0.8149224267304148
0.0,0.6363235694675616
0.0,0.46398683641196836
1.0,0.8983215416295914
1.0,0.8725845809035275
1.0,0.7978371789652774
0.0,0.13591303460943555
0.0,0.46146435957282267
1.0,0.5690101871521301
1.0,0.7824735592810734
1.0,0.2286118782325764
0.0,0.09397194080793858
1.0,0.8234334005836965
0.0,0.25286462841563423
1.0,0.8269599786048749
0.0,0.02805772072882331
0.0,0.2266640018854817
0.0,0.7629342208729168
1.0,0.7747640403123841
1.0,0.618531872696647
1.0,0.7007083255333434
1.0,0.3109341747074953
1.0,0.6532214473276702
0.0,0.026887402015282814
1.0,0.7417819346645559
0.0,0.6252039562921489
0.0,0.0683299773090097
0.0,0.1996945136314622
1.0,0.47020291246354945
1.0,0.7013856115939017
0.0,0.3600914656883188
0.0,0.05565697782863105
0.0,0.824024514135256
1.0,0.8371042112805167
1.0,0.5479195488441514
0.0,0.6606137769261445
0.0,0.17249381973079736
0.0,0.1494593653451609
0.0,0.15340213821849316
1.0,0.675552362241343
1.0,0.9072617828163991
0.0,0.7697635982347741
1.0,0.888911432558993
0.0,0.3143201446719716
0.0,0.4798856676242811
1.0,0.7598571518173903
0.0,0.361151075502628
0.0,0.1374782254342257
1.0,0.7439581180596313
1.0,0.7635215346570652
1.0,0.5040545040134278
1.0,0.6863603068558498
1.0,0.8356902143942256
0.0,0.13552821503579157
1.0,0.6217959495122187
1.0,0.8779276129143548
0.0,0.5105322485140753
0.0,0.16519307501176492
0.0,0.3781046053032883
0.0,0.052098126870977146
0.0,0.03415956848900705
0.0,0.2620328109451516
1.0,0.12549489894827998
0.0,0.5263577989584763
1.0,0.7629668197625866
0.0,0.463633941377541
1.0,0.484961605743749
0.0,0.13343690790000062
0.0,0.600703372812059
1.0,0.5675028139247306
0.0,0.6410898316293938
1.0,0.8353635657627512
0.0,0.5929912460410538
0.0,0.06231058063169584
1.0,0.6415316398114697
1.0,0.5651351990048145
0.0,0.20327184249416366
1.0,0.7679587550949278
1.0,0.9262993938818163
0.0,0.3537700532829384
0.0,0.14299652927214
1.0,0.6917472442166379
1.0,0.23529418061410928
0.0,0.07943923956499262
0.0,0.0597564910364382
1.0,0.6162367534339872
0.0,0.18378816912645615
1.0,0.5446030729426057
0.0,0.608419136897531
0.0,0.1268013753142554
1.0,0.7098427730041756
1.0,0.7879911921436392
1.0,0.7463813536237572
0.0,0.04898418717633458
0.0,0.06884049616490462
0.0,0.34724464719738
1.0,0.1508228149948613
1.0,0.8317918936087384
0.0,0.4100980746412496
0.0,0.06434703951605805
1.0,0.8189087648210804
1.0,0.798989531434983
0.0,0.6632466364899142
0.0,0.7571208095905501
0.0,0.23946802973793355
0.0,0.11366940568245076
0.0,0.026149044238822198
0.0,0.1254643742120425
0.0,0.1644373636035118
0.0,0.4211734037854102
0.0,0.32668227939734124
1.0,0.5528503287494548
1.0,0.6593800117699857
1.0,0.6091997570890958
0.0,0.835962306252089
1.0,0.5880170148768983
0.0,0.5137305475907146
1.0,0.8391293809239135
0.0,0.2651308516115057
0.0,0.17107284753341223
0.0,0.6371206560278372
0.0,0.25579935758626215
0.0,0.5830364163253349
1.0,0.5117113810605467
1.0,0.6507130171720149
1.0,0.760588765246254
0.0,0.7617774617103593
1.0,0.8033448757193693
1.0,0.7495368464263571
0.0,0.7927463352780648
0.0,0.6967479837066523
1.0,0.877964811765933
0.0,0.6696168080369732
0.0,0.13874935304644911
0.0,0.47224322358316845
1.0,0.5915776068923719
0.0,0.8265510090283191
0.0,0.19510592563118742
1.0,0.7809195192724147
0.0,0.06967484101675143
0.0,0.7518841523961199
1.0,0.7570517845838016
1.0,0.26561546783143813
0.0,0.047963878435145484
0.0,0.7831432703519832
0.0,0.6579681477167653
1.0,0.5548220813953723
0.0,0.06404035060292032
1.0,0.7372936682287025
0.0,0.07803150158742217
0.0,0.4889293757208869
1.0,0.8393512412891443
0.0,0.26954184030610934
0.0,0.08596297217433566
1.0,0.6083057231127138
1.0,0.5467427883742898
0.0,0.7234699788984142
1.0,0.7521654741751336
1.0,0.8216592854929885
0.0,0.7751346048840049
1.0,0.6606169577442597
0.0,0.143766035100388
0.0,0.45056325587532586
1.0,0.8728023023139747
1.0,0.8228233106431274
0.0,0.24662666057289478
1.0,0.8506512812686319
0.0,0.7396766155588526
0.0,0.0581690867298173
0.0,0.10949725331351126
1.0,0.5009586930629842
0.0,0.5161459798427495
1.0,0.8364999013562497
0.0,0.21598564435064116
1.0,0.5932733380641513
0.0,0.11226435243469857
1.0,0.47573760777791196
0.0,0.47458618070926367
0.0,0.1719821808740319
0.0,0.2877031870899533
0.0,0.015097039930390084
0.0,0.820974881160834
1.0,0.8782210117536686
0.0,0.5068890558258526
0.0,0.6528371645054623
1.0,0.6127692396973478
1.0,0.7005571490539517
0.0,0.5055461950326369
1.0,0.4843032685741732
0.0,0.5763760846896308
0.0,0.03779653070385662
0.0,0.2890143209417358
0.0,0.20540869726399855
0.0,0.11030192390247719
1.0,0.5105875664335866
1.0,0.6391769603678105
1.0,0.8546237785574128
0.0,0.01675043441372893
0.0,0.5342553315835915
0.0,0.2915727511707511
1.0,0.8386791642841831
0.0,0.20984176011162375
1.0,0.7477464267971337
1.0,0.7696422940700495
1.0,0.8360653291361677
1.0,0.8356355041997268
0.0,0.3937059835824791
0.0,0.3611508293980758
0.0,0.7524314080179502
0.0,0.1842835118393031
1.0,0.6643719469040732
1.0,0.8196003273068414
0.0,0.022455832553277304
1.0,0.8827432715480806
1.0,0.12576654097993906
0.0,0.030380226109693556
1.0,0.813044125984197
0.0,0.06046396634562254
1.0,0.7758841227935814
0.0,0.14927759644063984
0.0,0.6805225650108592
1.0,0.9296545899218431
1.0,0.8016220918504026
1.0,0.8669812239127518
1.0,0.3967522182864031
0.0,0.49187186461019755
0.0,0.0943942587491356
0.0,0.20244495173644908
0.0,0.729140684581937
1.0,0.8540732846821532
1.0,0.23816108526653568
0.0,0.6965897746831794
1.0,0.42489173153565857
0.0,0.04091654691027952
0.0,0.06669421973889521
0.0,0.49221847328949453
0.0,0.2755445721656923
0.0,0.5302827890587177
0.0,0.18322552110769583
1.0,0.7866551492187914
0.0,0.12438381708865222
1.0,0.8676374084685011
0.0,0.047035994809420424
0.0,0.2684791228239609
0.0,0.22981820891439633
0.0,0.49164727460181423
0.0,0.23123129162722453
0.0,0.06954913051194882
1.0,0.8322268679285795
1.0,0.822251421865804
1.0,0.8572226038142493
0.0,0.20156544890562395
0.0,0.2426816962940538
1.0,0.809186236611542
0.0,0.047236827074661855
0.0,0.6506449128919144
0.0,0.12758449314399095
0.0,0.19188180264190102
1.0,0.6812741118879108
1.0,0.10560783692351514
0.0,0.7414883239110936
0.0,0.09294897111384565
0.0,0.5143476061311602
1.0,0.32389055626841873
1.0,0.9143566674692138
1.0,0.7073556455328109
0.0,0.4520759209495221
1.0,0.510132569997748
0.0,0.05168153093812528
0.0,0.07010704936704693
0.0,0.8328914183116293
0.0,0.04876076342635627
0.0,0.1415313052021108
0.0,0.48418645071681593
0.0,0.24841846925242878
0.0,0.08170611268988083
1.0,0.6652068210555844
0.0,0.46796105767594065
0.0,0.7373687882599915
1.0,0.8995751321512697
1.0,0.32255386795117874
0.0,0.647489122782157
0.0,0.6762450500020367
0.0,0.031778838388240783
1.0,0.8404829477042791
0.0,0.10355382513360892
1.0,0.5614631482050942
0.0,0.03477151705583024
1.0,0.5636861035547432
0.0,0.06209755300159308
1.0,0.7334252301434705
1.0,0.635012323929893
1.0,0.8293092041469755
0.0,0.8303152398203933
0.0,0.2848435434530562
0.0,0.3695695198154848
1.0,0.7348226732343844
1.0,0.9025232585392279
0.0,0.6132760687401213
1.0,0.7549284858159623
1.0,0.845028331513065
0.0,0.09929147876966318
1.0,0.6680366008471256
1.0,0.8384755200335504
0.0,0.14618851809284766
0.0,0.5663654317357174
0.0,0.556087095914095
0.0,0.18487765080403337
0.0,0.7404491736256303
1.0,0.6574406503176364
1.0,0.773753338481972
0.0,0.021929677434081633
1.0,0.7990329328746856
1.0,0.4292160835970025
0.0,0.602197942884773
1.0,0.3895882865613842
1.0,0.211083930581426
0.0,0.26998327621943685
1.0,0.8534025069865688
1.0,0.1514125718498879
1.0,0.6863304026232174
1.0,0.8183284432120479
0.0,0.7812509985311249
1.0,0.895590936171937
0.0,0.20332635890201428
1.0,0.4839948420279712
0.0,0.06480691506024158
1.0,0.8240229198017942
1.0,0.8820283201375578
1.0,0.901175411135284
0.0,0.2372047395104934
0.0,0.6104743418139592
0.0,0.8519309003550938
1.0,0.3996688077764695
0.0,0.5608055474336804
1.0,0.8893380628315398
1.0,0.6501474367558676
1.0,0.7179050084983264
0.0,0.05642995433462024
0.0,0.42895991998349375
1.0,0.7745578267956894
0.0,0.6666666594462348
0.0,0.05624680187784549
1.0,0.838051614253548
1.0,0.7797455903989052
1.0,0.7570759887935037
1.0,0.8203399635243108
0.0,0.29932346991837944
1.0,0.3937716999392778
0.0,0.43261700743363546
0.0,0.8717570970830583
1.0,0.897853261113126
0.0,0.6883314080211124
0.0,0.02910299575484813
0.0,0.07057659433341808
0.0,0.06128364426322538
0.0,0.7495014987939714
0.0,0.03245099436707574
0.0,0.05509728791976212
1.0,0.6686196144669247
0.0,0.13095012612570214
1.0,0.1964265345137482
0.0,0.45235536045512104
0.0,0.6737191820662137
0.0,0.6111361196304247
1.0,0.7917010795556967
0.0,0.03766761639700645
1.0,0.8204028131855153
1.0,0.899793608938331
1.0,0.5798818297499253
1.0,0.5874589931107996
1.0,0.1985927451625585
0.0,0.2524402379738731
1.0,0.5790987781352704
1.0,0.21586395195236235
1.0,0.25554142129601215
1.0,0.5671181607813308
0.0,0.03247852275208359
1.0,0.7750224922442747
1.0,0.8743048602004351
1.0,0.7488692212255471
0.0,0.05679325516010544
0.0,0.06893354474890682
0.0,0.3939045243349725
1.0,0.856727671806108
1.0,0.701740726573091
0.0,0.28310711361008917
0.0,0.3574187999465681
1.0,0.8604472278379507
1.0,0.6945463689966089
0.0,0.769000336159795
1.0,0.183466835887069
0.0,0.4325444402696489
0.0,0.31087809583754883
1.0,0.3413963013441445
0.0,0.8416650442149906
0.0,0.2176126670376053
0.0,0.06405250779317828
1.0,0.32924625640750255
0.0,0.2475912020797852
1.0,0.6554146564374785
0.0,0.47615852921135765
1.0,0.9102063344589839
0.0,0.6613803438903225
0.0,0.23314042281391523
0.0,0.30197660006116256
0.0,0.29030962875145544
0.0,0.07829495251567822
0.0,0.09129883443958527
1.0,0.37854404949792575
0.0,0.7951497466164612
0.0,0.07825832237293959
0.0,0.436796210561684
0.0,0.7816840116355556
1.0,0.48290624441605823
0.0,0.800926264569799
1.0,0.5562520758201187
1.0,0.46064754111231143
0.0,0.14347213677004422
1.0,0.7564053998723963
1.0,0.7205472547240594
0.0,0.6830981590386769
0.0,0.21315083071266502
0.0,0.6763652108697389
0.0,0.4068839481825336
0.0,0.11134181476401057
0.0,0.06759175693380731
0.0,0.06299151841399538
1.0,0.23938512719897187
0.0,0.8111333684512362
0.0,0.7321036668126262
1.0,0.9182807324134529
0.0,0.6577623933390444
0.0,0.7719685669286804
0.0,0.8445734327222337
1.0,0.7850135404386597
1.0,0.6605572602218637
0.0,0.43260108623983917
0.0,0.8231467159624403
1.0,0.6702516075461161
0.0,0.7035106225918969
1.0,0.876682034756297
0.0,0.4116604856864224
0.0,0.0708004042437985
1.0,0.7281973095809392
1.0,0.9182385443025093
0.0,0.6939381472372096
0.0,0.17713395252961
0.0,0.2139611870862395
0.0,0.7473848806715755
1.0,0.6563141319071427
1.0,0.8461338224929426
0.0,0.32630466569750294
1.0,0.5078810067607852
1.0,0.7393470517950386
1.0,0.3964601857311443
0.0,0.17886499053860033
1.0,0.9026348479561248
1.0,0.9235444239760642
0.0,0.08481292663625262
1.0,0.6744333781889241
1.0,0.7484164306992308
1.0,0.4185336991036946
1.0,0.6803449150393422
0.0,0.1553613455714084
0.0,0.26887472314949223
0.0,0.5140642061918035
1.0,0.5250528468865723
0.0,0.41298981768373305
1.0,0.9001191102420565
0.0,0.8767096344150835
1.0,0.49970338549087634
0.0,0.33751905228672935
1.0,0.87876914246338
0.0,0.8135180335707702
1.0,0.78253264126265
1.0,0.8779336457500696
1.0,0.5967132472418828
0.0,0.2735998761556271
1.0,0.8099033402715374
1.0,0.8189325319001597
1.0,0.6896624929601265
1.0,0.4078511689199385
1.0,0.8826426347044769
1.0,0.815144127737927
1.0,0.5678611446252264
0.0,0.47147442676571555
1.0,0.6661571403006811
1.0,0.5959565840981638
1.0,0.8343935577058127
1.0,0.7165343868222244
1.0,0.9044998826446486
0.0,0.14541885549578693
0.0,0.05673818569829829
1.0,0.6577013685075077
0.0,0.17456807598775198
0.0,0.45975351332578307
1.0,0.7960758435484737
0.0,0.15251584741763094
0.0,0.6839797496784498
1.0,0.7895678355239696
1.0,0.7766858201384841
1.0,0.8209565001332026
0.0,0.46921216631423485
0.0,0.3211176408283102
1.0,0.6848756223905976
0.0,0.5626239359958175
0.0,0.8339018244147373
0.0,0.6281958614237299
0.0,0.21693039619992205
0.0,0.10222001644784247
0.0,0.6782974878328037
0.0,0.0500319453154334
0.0,0.21984438941514234
0.0,0.3059021018097553
0.0,0.041633224362461266
0.0,0.06211484263944472
0.0,0.0314679661584814
1.0,0.6064569740035828
1.0,0.7627546963365736
0.0,0.6550540596403374
0.0,0.5391281061224654
0.0,0.7038525374526785
1.0,0.7567433937325794
0.0,0.047822505848442984
0.0,0.19969757121560774
1.0,0.8666938555074729
0.0,0.46803657808226945
1.0,0.8471360599819129
1.0,0.34878299936328583
0.0,0.1977508030215753
0.0,0.22959003666185887
1.0,0.7799963819395384
1.0,0.5676046914357147
1.0,0.681405141473928
1.0,0.8908555805659208
1.0,0.19487448215541006
1.0,0.7936964299091712
1.0,0.46052551171763795
1.0,0.6622443553466901
1.0,0.8156319022587961
0.0,0.2363255594623897
0.0,0.515698831995028
0.0,0.5827350465896793
1.0,0.5607841450088497
0.0,0.7887672452848522
0.0,0.05503940365755552
1.0,0.6542904467176929
0.0,0.0733598359418075
0.0,0.054027445190218085
1.0,0.6122100016922943
0.0,0.800852003279151
0.0,0.25901109497756347
1.0,0.1708947971072092
0.0,0.1478197340550269
1.0,0.7614397243495491
1.0,0.4694588174033976
1.0,0.4785390485279279
1.0,0.6145199841764962
0.0,0.04199950375341375
0.0,0.5602026589583345
1.0,0.27531184909370454
0.0,0.050180147539183595
0.0,0.4557178666138732
0.0,0.06776579494632526
0.0,0.24640397468509292
0.0,0.6846021328657188
1.0,0.8881816605123577
1.0,0.5817845014146804
0.0,0.6209731668081188
1.0,0.6291045465244279
1.0,0.8239099571539901
0.0,0.16863988127144436
1.0,0.6830226394792808
0.0,0.03336113351639318
1.0,0.5534700271769236
0.0,0.09849241166777901
1.0,0.8916221178320831
1.0,0.7161374076181138
1.0,0.6561484196666821
0.0,0.158844302618515
1.0,0.7759603933946858
0.0,0.8234184774370246
0.0,0.6302568319715758
1.0,0.8328572295744234
1.0,0.6777048509394402
1.0,0.716321058051943
0.0,0.033950367535119694
0.0,0.5441529328583722
0.0,0.13427773562529038
0.0,0.12429333213242512
1.0,0.3628768518390456
1.0,0.8037990880191875
1.0,0.8182146580415067
0.0,0.30843620548076495
0.0,0.053886237026501756
0.0,0.8793958354283526
0.0,0.19641077882056063
0.0,0.1363628705050846
0.0,0.3595869988627693
0.0,0.09663118590963851
0.0,0.2887501299522514
0.0,0.5924458225328132
1.0,0.6523123762672508
0.0,0.540733059622126
0.0,0.8155276025254276
1.0,0.5392190505129962
1.0,0.6607607431245124
0.0,0.029208314597362624
1.0,0.8352572508954235
1.0,0.6706923034879435
0.0,0.7206400716611487
0.0,0.042249697797990336
1.0,0.7329340887173427
1.0,0.8074119519229478
1.0,0.5882820617690864
0.0,0.802683534084824
0.0,0.6203081610462087
1.0,0.893228770790403
1.0,0.8023645221822157
0.0,0.37435495159380006
0.0,0.13819124057207166
1.0,0.7122561620520951
0.0,0.34493603136192985
0.0,0.03298577230759245
1.0,0.9049552068079332
0.0,0.0481917272161241
1.0,0.5545584264940577
0.0,0.1512217818792193
1.0,0.3676033491796345
1.0,0.8427638149240609
1.0,0.8669174993197277
1.0,0.8455434320465096
1.0,0.48275174573457597
0.0,0.06438116665403851
0.0,0.028393520472842857
1.0,0.3423517779701705
0.0,0.25664457728843376
1.0,0.43691084221539356
1.0,0.8016213100208871
1.0,0.8502017584207732
0.0,0.11626346365945482
0.0,0.47120538421118985
0.0,0.20128964742409947
0.0,0.04028910478647009
0.0,0.08371653109280856
1.0,0.6641301617691265
1.0,0.5157122313522119
1.0,0.23297644176829832
0.0,0.3082224795387418
0.0,0.49021680431574954
0.0,0.15108069595279924
0.0,0.09921131351730003
0.0,0.26920695581401155
0.0,0.4562556745727998
0.0,0.048186493170990746
0.0,0.5347642261575236
1.0,0.5245747317432428
1.0,0.6078509003423619
0.0,0.05414346578769276
1.0,0.3875977869096235
1.0,0.7623753577756068
1.0,0.7770860866258564
1.0,0.8335814498314331
1.0,0.4469624493200306
1.0,0.26236735149679796
0.0,0.22748161366824526
0.0,0.06762033992174958
1.0,0.7753293959150113
1.0,0.7377103271376838
0.0,0.08995024434333668
1.0,0.48424882660087853
0.0,0.059947088390660805
0.0,0.08754726681479486
1.0,0.810154975590696
1.0,0.5135529413857541
0.0,0.42117766940208734
0.0,0.22493538606546418
0.0,0.7486614112050896
1.0,0.10410366070267614
0.0,0.0353162431228706
1.0,0.8849365940427429
0.0,0.606965736862442
1.0,0.811127665739049
0.0,0.8411942702148436
1.0,0.7274047790957836
1.0,0.9051097720120731
0.0,0.4568198222728958
0.0,0.22635831901774373
1.0,0.8964728555989708
1.0,0.3952639358900974
1.0,0.6574900255697002
0.0,0.21185318872536169
0.0,0.12334281431359657
1.0,0.6499226368752186
1.0,0.8684953884711714
0.0,0.3306246572637229
0.0,0.4817155048962304
1.0,0.8024079853525046
1.0,0.8159695410564516
0.0,0.14546440601848307
1.0,0.40515539458678457
1.0,0.4284550860220002
0.0,0.0905658216579286
1.0,0.7265454055670796
0.0,0.08252011061818064
1.0,0.9158378615927323
1.0,0.6787465109585824
1.0,0.4297809516278536
0.0,0.1460571996819533
1.0,0.4358407278535541
0.0,0.48247796548230426
1.0,0.4206464229254824
1.0,0.7565781132227504
1.0,0.1955496718353461
0.0,0.30245307563867196
0.0,0.8652149925439853
1.0,0.5134005499608348
0.0,0.6789416625612211
0.0,0.37870118357787935
0.0,0.46050488197452055
0.0,0.04056613379542326
1.0,0.8339591975180484
1.0,0.8314020502076493
0.0,0.728571491682327
0.0,0.4807594050865028
0.0,0.512138024113384
0.0,0.06893354474890682
0.0,0.8977470462016769
0.0,0.14416762738473207
0.0,0.09817747611888625
1.0,0.8903775026431705
1.0,0.7727643732661744
1.0,0.8475477550112962
0.0,0.2823917060585811
0.0,0.060924597878996234
0.0,0.5426703377991022
0.0,0.743073074544343
0.0,0.1017316300137839
1.0,0.44514097643232536
1.0,0.7551019724420223
1.0,0.7027048622020986
1.0,0.622292687225844
1.0,0.8649524615926737
0.0,0.6460145330655023
0.0,0.22333419330056872
1.0,0.5775246957757991
0.0,0.6564926899231034
0.0,0.33604729437000797
0.0,0.732437173353165
0.0,0.6378440797142668
0.0,0.4933637568069526
0.0,0.36065615591208866
1.0,0.3184426935940836
0.0,0.6044488831777332
1.0,0.788873367945295
0.0,0.21519380910912178
1.0,0.8309226592000344
0.0,0.9171292159279535
0.0,0.3940115455781856
0.0,0.12546587200947915
0.0,0.845639871488027
0.0,0.37043191701645056
0.0,0.8262756538792183
1.0,0.4484797556672881
0.0,0.35750437702879123
0.0,0.40497553536480907
0.0,0.4988621738854456
0.0,0.2695835534015711
1.0,0.5804173000632628
0.0,0.8255932173403491
0.0,0.4106266392615774
1.0,0.7456482106049747
1.0,0.7077271082826855
0.0,0.33451992668827724
0.0,0.5007389844115564
1.0,0.7799170166760375
1.0,0.8762036499089622
0.0,0.059281257051971396
1.0,0.36756853566062764
1.0,0.4426069369661617
0.0,0.08111789249806875
1.0,0.4317770625469122
1.0,0.3432613077965934
1.0,0.7250262911265614
1.0,0.5061445189833114
0.0,0.4651647630197047
1.0,0.7911068603407366
1.0,0.796290472529674
1.0,0.3686723829975252
0.0,0.06046632706608406
1.0,0.81125778831406
0.0,0.40057641369093294
1.0,0.9018929519164596
0.0,0.5078133105133397
1.0,0.7659915212600699
1.0,0.5970563734740784
1.0,0.6291088548077092
1.0,0.1229521281230331
1.0,0.8997355203772698
0.0,0.3381087411149863
0.0,0.6446209945409
0.0,0.49713943549100864
1.0,0.670780722629768
1.0,0.7051521745852901
0.0,0.813222204446199
0.0,0.08310482122697821
0.0,0.027236833153233147
0.0,0.47350142694379554
1.0,0.6387496421477951
0.0,0.05184755821674409
0.0,0.10811941442867065
0.0,0.2811656609473038
0.0,0.5260581215905035
0.0,0.13216382294399193
1.0,0.8344527606240458
0.0,0.2605335217323403
0.0,0.04795796606487872
1.0,0.5149863380119896
0.0,0.1911433432125085
0.0,0.04288064624550726
0.0,0.12387011894943797
0.0,0.6204225576436768
1.0,0.8334049647564742
0.0,0.11576031033603904
1.0,0.6967144452921515
0.0,0.3280176330894944
0.0,0.06596015201465318
1.0,0.8527671064157659
0.0,0.8443343682114935
1.0,0.7078272766688837
0.0,0.36503279666556404
1.0,0.8460035993376741
1.0,0.8598232821945496
1.0,0.6512749014926713
0.0,0.13343197461278525
1.0,0.8300044944278785
1.0,0.7188533981856225
0.0,0.18704715443505748
1.0,0.8227765651720002
1.0,0.8660666270086534
0.0,0.12983038006908784
0.0,0.8686024804912111
1.0,0.7765108982524471
1.0,0.7551606954833331
1.0,0.6381425887033125
1.0,0.8859026455233016
1.0,0.7583862434249038
1.0,0.8058753425727966
1.0,0.66010054808938
0.0,0.11308640834719208
1.0,0.25451761734031003
0.0,0.06292451303915027
0.0,0.39831719511438707
1.0,0.41924493591729006
1.0,0.7662356915647229
0.0,0.1405066018263227
0.0,0.34348424644497216
0.0,0.36234681445274436
1.0,0.6463262118724489
0.0,0.10588527767104546
0.0,0.08024714120111709
0.0,0.20150575592179376
1.0,0.7943869227758438
1.0,0.7225893485584389
0.0,0.24394198550340895
0.0,0.5626506831888517
0.0,0.6232499952696287
1.0,0.5528843658590774
0.0,0.2858251832214521
1.0,0.3286104804627264
0.0,0.1822012408846389
0.0,0.043685452447399034
1.0,0.7776497498993662
0.0,0.3194297795041271
0.0,0.4350011377637835
0.0,0.2790866657531939
0.0,0.13847200783226624
0.0,0.14713603841965714
0.0,0.3095190166544349
0.0,0.5049917300161406
1.0,0.891563271363517
1.0,0.5842383414484665
0.0,0.11278579371052598
1.0,0.8603227083722433
1.0,0.36515300872659534
1.0,0.8214675913249687
0.0,0.46922639656065124
1.0,0.8512186445374195
1.0,0.7847819234546346
1.0,0.7267821836951455
1.0,0.9198940214573944
1.0,0.8079770864420901
0.0,0.2832037621247198
0.0,0.10123100096354751
0.0,0.6602387548216291
1.0,0.7782946066260434
1.0,0.8191870869336345
1.0,0.677423662849003
0.0,0.5146618106149127
0.0,0.06976924743081492
0.0,0.16787722726430013
1.0,0.8400808466119211
1.0,0.167815775219001
1.0,0.8802224360913857
0.0,0.08052143009006338
0.0,0.04678889382731673
1.0,0.8156309928792008
1.0,0.7724142575843046
0.0,0.5234863988114195
0.0,0.13541245174931002
1.0,0.6959551343420373
1.0,0.40414761566797874
0.0,0.37662964924732667
1.0,0.8060143956306376
0.0,0.21998460989283422
1.0,0.5205662442588442
1.0,0.6244267178778118
0.0,0.3716820552294963
0.0,0.07403860024048962
1.0,0.8236099556079741
0.0,0.6581405630113806
1.0,0.784026381760978
0.0,0.33751640356662255
1.0,0.5187674977810978
1.0,0.616078213570112
0.0,0.8010680885822147
0.0,0.4706888910081528
1.0,0.8683642824582662
1.0,0.486495557729806
1.0,0.8532322101420315
0.0,0.16637912358945045
0.0,0.03382674362549622
1.0,0.7371894155233188
0.0,0.44817741586921356
1.0,0.7108323520399887
0.0,0.3364268165401788
1.0,0.780743186802181
0.0,0.10253092279463953
1.0,0.7665782281428879
0.0,0.6428281972824407
1.0,0.8404550901564978
0.0,0.3275192411937668
1.0,0.6673125121338097
0.0,0.631958389503494
0.0,0.4449594195265606
1.0,0.46064754111231143
1.0,0.49650691487423865
1.0,0.8957474323631645
0.0,0.6236305793703824
0.0,0.12955540232071236
0.0,0.09441347339649196
0.0,0.07041060011484593
1.0,0.7838063889558669
1.0,0.8695709191992076
0.0,0.1380085602164931
0.0,0.45301117553486486
1.0,0.5716732498954428
1.0,0.1255670031934502
0.0,0.5768337385676952
1.0,0.28657768107552917
1.0,0.5852246863364007
0.0,0.03340512240129276
0.0,0.2162379362479938
1.0,0.2247558613488838
0.0,0.12529781398178988
0.0,0.8387139034668056
1.0,0.8103869314762128
0.0,0.07850956126688267
0.0,0.5682175634674819
0.0,0.07302425724579492
0.0,0.764394887248107
0.0,0.15598371079132886
0.0,0.6900039577233636
1.0,0.6039013535742492
0.0,0.7718627692409004
1.0,0.6774457736077721
1.0,0.5863106808520759
1.0,0.6437764649524198
0.0,0.1272226504999137
0.0,0.21317170154159046
0.0,0.022846419126305802
1.0,0.7457423128675218
1.0,0.8066857092390357
1.0,0.8897615140057051
1.0,0.687088404158763
0.0,0.06492163383886232
1.0,0.823193636209837
0.0,0.06888013747961684
1.0,0.664939011467916
1.0,0.480240535104741
1.0,0.4721660128118476
0.0,0.04642956824784687
1.0,0.6240323693846891
1.0,0.6433051984040319
1.0,0.7134932541462067
1.0,0.5785361104993937
1.0,0.8067956771674305
1.0,0.5366452391893055
0.0,0.39645924172165425
1.0,0.906283350046373
0.0,0.22844171275684585
0.0,0.15151396292148034
0.0,0.09799740247436745
0.0,0.8795220531700398
1.0,0.5402873651953355
1.0,0.32378573302029295
0.0,0.15270386285001034
0.0,0.18726470068980144
0.0,0.8375126848223985
0.0,0.6828862322443938
0.0,0.5189354107816909
1.0,0.7209386380083448
0.0,0.0857418747189861
0.0,0.28700771152628907
1.0,0.7655539762780905
0.0,0.21843481401157352
0.0,0.2725117614161449
0.0,0.5265509011202552
1.0,0.7694381852589289
1.0,0.8195185865488774
1.0,0.40517480671739897
0.0,0.1691218853351876
1.0,0.7745679774745201
1.0,0.8079863024421082
1.0,0.8801710556897702
0.0,0.024906087216697154
0.0,0.16952563419666725
0.0,0.13991875423822456
0.0,0.19858490990664648
0.0,0.06266864375062535
1.0,0.8682716232459712
1.0,0.6624894249757719
0.0,0.4991389506524368
1.0,0.7995960022445818
0.0,0.4484215367391265
1.0,0.5476990828035015
1.0,0.42116409340324934
1.0,0.6034740264486285
1.0,0.2997407357658397
1.0,0.4782066865709081
1.0,0.4384423706376172
1.0,0.8578828026337237
0.0,0.8156535995785038
0.0,0.21496094966538115
1.0,0.3980061498147194
0.0,0.28869195093732725
1.0,0.7948515442491493
1.0,0.7242522396830514
0.0,0.015669096102188616
0.0,0.07560252636186375
0.0,0.5870923119695652
1.0,0.46280857114940227
1.0,0.8968519096239658
0.0,0.031138129144935318
0.0,0.0998539016389276
0.0,0.05667717885270303
1.0,0.5006664103461815
1.0,0.13552634982675565
0.0,0.17728957946710086
1.0,0.7320847584986704
1.0,0.9182325790648772
1.0,0.7200100016427375
0.0,0.40257091201106965
1.0,0.7560064150192508
1.0,0.7162105156209922
0.0,0.21017073580167897
1.0,0.6405888001028376
0.0,0.029471828664508905
1.0,0.7357767276536844
0.0,0.0781874266085038
1.0,0.8082295384961027
1.0,0.34379230312618453
1.0,0.744360852229009
1.0,0.8844029986043036
1.0,0.9272480611962476
0.0,0.3654967025892289
1.0,0.8647850244645485
0.0,0.4775782680094288
1.0,0.45543185063331904
1.0,0.8378863856739525
1.0,0.5343807352666894
0.0,0.14967865913326045
0.0,0.09554386563446071
0.0,0.7075444214302686
1.0,0.7258603019094758
1.0,0.8235254084398224
0.0,0.3927603136619286
0.0,0.36170891622165785
1.0,0.8331958021267739
1.0,0.2994030383790061
1.0,0.6713146852102082
1.0,0.6218701810727877
1.0,0.16938954040107462
1.0,0.8553419917450303
0.0,0.3469978735568577
1.0,0.7666024583717462
0.0,0.03871713481084233
0.0,0.688661076125105
0.0,0.1600400257678629
0.0,0.8932375609944553
1.0,0.7347798059750291
1.0,0.857463691742462
1.0,0.8386071978863809
1.0,0.8099628141275438
0.0,0.13782052396719216
0.0,0.05263065304247706
1.0,0.8253531654999932
1.0,0.763734462888103
1.0,0.5352138887176955
1.0,0.7062051801660078
1.0,0.7744173025361288
0.0,0.1384177800179008
0.0,0.21316131828817644
0.0,0.21645050626552859
0.0,0.18605731874305192
1.0,0.5547929052085331
1.0,0.2754703242692208
0.0,0.6214964913638178
1.0,0.53350598067085
1.0,0.6985860389625701
0.0,0.8042188046302298
0.0,0.6379231851812377
0.0,0.4262026735214032
1.0,0.9241909053533212
0.0,0.04016764689763483
1.0,0.38956562953896245
1.0,0.19990582428462744
1.0,0.8300609955927446
1.0,0.24221371243497875
1.0,0.7883085165416513
0.0,0.2299610986422173
1.0,0.4695151156059139
1.0,0.4961411821611605
0.0,0.7223789174487871
0.0,0.12210180529419712
1.0,0.829716587856981
1.0,0.44280456919133804
1.0,0.801625465396952
1.0,0.7029020386112063
1.0,0.9200084225201953
0.0,0.10530998590480926
0.0,0.2574396815057537
0.0,0.2625671990997455
1.0,0.8474052116218191
0.0,0.2302574732250955
1.0,0.6920133512860552
1.0,0.115913036071908
1.0,0.6609412393337695
0.0,0.11712635710057352
1.0,0.7743448990377629
0.0,0.20020631134712083
0.0,0.17809809445289482
0.0,0.082380092815455
0.0,0.6823058289783314
1.0,0.8288504536051385
0.0,0.3476475770205909
1.0,0.9164541547141483
1.0,0.7595659739648585
1.0,0.8703282850376528
0.0,0.3512545644052558
0.0,0.32697839789866223
1.0,0.685734166265837
1.0,0.6622406433444045
1.0,0.4731099511161319
0.0,0.04081051591890862
0.0,0.8418544294374332
0.0,0.11872796944197159
0.0,0.05767192679877142
0.0,0.11052893665711681
1.0,0.7245469154512143
1.0,0.26121421846341975
1.0,0.5658141929982465
0.0,0.6838373228267901
1.0,0.604755738496866
1.0,0.21536016518835427
0.0,0.020055511662729092
1.0,0.891250693511778
0.0,0.062381324581577594
0.0,0.4146344236338562
0.0,0.8030688717244024
0.0,0.14357818951319087
1.0,0.7733332680741867
0.0,0.047544817394929946
1.0,0.7988892870045384
0.0,0.1288740160738541
1.0,0.7199551469567529
1.0,0.8545092714864485
1.0,0.1551258799708934
1.0,0.3666289368507732
0.0,0.30498844071210224
0.0,0.7655656412287662
1.0,0.17474854060326295
0.0,0.6836069351165682
0.0,0.4021457407955842
0.0,0.3598482142613363
0.0,0.2547757443754798
1.0,0.8301134383074243
0.0,0.30746634083281216
0.0,0.176851619227882
1.0,0.4525387465857649
0.0,0.7424338471787056
0.0,0.6562628307327364
1.0,0.28830107797254617
0.0,0.44761644790083843
0.0,0.26291367296176377
0.0,0.5832042306283864
0.0,0.08024835301812563
0.0,0.46778346880922483
1.0,0.8298950305105304
1.0,0.8337944843747925
0.0,0.7464741091800976
1.0,0.7373379886402642
1.0,0.2142577215597928
1.0,0.5262308381885187
0.0,0.028519631344145015
1.0,0.23723122749445655
1.0,0.31903567844828834
0.0,0.0483321114374281
0.0,0.5359250119914588
1.0,0.8478834372521432
0.0,0.1692198934896623
0.0,0.231206147479803
0.0,0.29370611415895453
0.0,0.14252105058421258
0.0,0.16390913535191154
1.0,0.7242486945399196
0.0,0.6354238701286072
1.0,0.8442143159169732
1.0,0.631844711836388
0.0,0.6271055967118198
0.0,0.13091586542187458
0.0,0.243334059727596
0.0,0.16236258267213213
0.0,0.3040122380462794
0.0,0.8291867872752869
0.0,0.16380414865030787
0.0,0.3332107005328509
0.0,0.713995813784474
0.0,0.050105463183230656
1.0,0.5128515100966992
0.0,0.45404012567484187
1.0,0.3805050113640312
0.0,0.4910123254261634
0.0,0.17366256973200217
1.0,0.8959548651564642
1.0,0.5999496285383739
0.0,0.29266022946824216
0.0,0.08251164934489226
0.0,0.5534269613730849
0.0,0.096578838772656
1.0,0.1862331307103018
1.0,0.752079023992455
0.0,0.039244619854439305
1.0,0.8077453071778097
0.0,0.12385237813601147
1.0,0.7606167730560943
0.0,0.11832835200812053
1.0,0.8055078960067876
1.0,0.6536107160062831
0.0,0.5294725617450127
0.0,0.06540086676259839
1.0,0.4253070180486945
1.0,0.7954902406103376
1.0,0.6374717605099085
0.0,0.05254421187603698
0.0,0.2297959267244592
1.0,0.3825076083633371
0.0,0.18196365664841888
0.0,0.7392900089839883
1.0,0.5730136968041604
1.0,0.8080838909843507
1.0,0.8784872803156184
1.0,0.8631018402879675
0.0,0.1323151923964156
1.0,0.6117270110734767
1.0,0.7649878428738962
0.0,0.32883550030659714
0.0,0.06168088220907034
0.0,0.18599046993017407
0.0,0.4476987358727966
1.0,0.6489717316330107
1.0,0.338180443098472
1.0,0.8094027378542742
0.0,0.06107515359529485
0.0,0.08000178006631328
0.0,0.29080370693288315
0.0,0.19528559134149606
0.0,0.3825695237704774
1.0,0.7485974582361483
1.0,0.8377765168504466
0.0,0.1172326382462985
1.0,0.9225664540482705
0.0,0.11579100352612529
0.0,0.2982930474532351
1.0,0.627574889566551
1.0,0.6098113236938274
0.0,0.2907862622452372
1.0,0.3856784832543305
1.0,0.6274237151508942
1.0,0.7363460104256337
0.0,0.11357383971245312
1.0,0.5679929183600563
1.0,0.7289617894593033
0.0,0.10480393195692907
0.0,0.04409982110732723
1.0,0.832271166194391
1.0,0.5920329547633436
0.0,0.10329307809715023
0.0,0.22200434073870304
0.0,0.0333347907817711
0.0,0.05067439378529085
0.0,0.1302959497566045
0.0,0.09393980576573366
1.0,0.5734297208231207
0.0,0.18660140866447253
0.0,0.07050675001180556
0.0,0.2804217417350248
1.0,0.4492651931325599
1.0,0.8477942900689146
1.0,0.8257688446996446
1.0,0.816753559869526
1.0,0.7660537956480347
1.0,0.8863920222651608
0.0,0.016500146114822166
0.0,0.23703618327190862
0.0,0.838099565760142
1.0,0.5291536858579086
1.0,0.85637006635667
1.0,0.753331033465496
0.0,0.39831719511438707
0.0,0.7635672262804968
1.0,0.7875998227624023
1.0,0.6162944971889226
0.0,0.05907023852396436
1.0,0.48274144435682526
0.0,0.39288837859638753
1.0,0.6353298937355745
0.0,0.3171826967614246
0.0,0.05293680084395871
0.0,0.40940173163195476
1.0,0.8944596248324779
0.0,0.6582405106369564
1.0,0.7249787364386847
1.0,0.8464069548826008
0.0,0.1020100545742909
1.0,0.8062226185274028
1.0,0.6852069845178614
1.0,0.5411145061766336
0.0,0.12873430281517564
0.0,0.0903074657934025
0.0,0.7467971816511344
1.0,0.45914225802925024
0.0,0.11965177074304167
0.0,0.04742907056963602
0.0,0.053617755091781454
1.0,0.6897405340150297
0.0,0.07360885254851639
0.0,0.15791154130680077
0.0,0.4852063842041238
0.0,0.02335986566096709
0.0,0.0574216320578088
1.0,0.7002480441655842
0.0,0.8321828002978454
0.0,0.06519380424973908
0.0,0.7251059844311412
1.0,0.7390022563867978
1.0,0.5643927777315765
0.0,0.8533975961045498
0.0,0.41833065053732066
1.0,0.7057910365662939
0.0,0.1843233914502554
1.0,0.8910631415290684
0.0,0.1082525568560536
1.0,0.6941297284732572
1.0,0.27185690103484683
0.0,0.5002829182630458
1.0,0.743969529981739
0.0,0.2308508162949839
1.0,0.6297402210962343
1.0,0.745455150698415
0.0,0.12406226567285265
0.0,0.022521386704266688
1.0,0.8210570981221396
0.0,0.21476356991018022
0.0,0.2753396360871043
1.0,0.9048228417728349
1.0,0.7896098221656772
0.0,0.14193810996773215
1.0,0.7052044452388133
0.0,0.09318214128460892
1.0,0.7734959764524789
1.0,0.9203614998613323
0.0,0.19883236394507647
0.0,0.41049495702497896
1.0,0.05894707244805958
0.0,0.43750886616516105
1.0,0.4985218601611547
0.0,0.5254524813529057
1.0,0.3934693124909071
0.0,0.4507770584427656
0.0,0.15816273368786662
0.0,0.06171040343321703
1.0,0.495596482834059
1.0,0.7641233691070404
1.0,0.3131848399366392
0.0,0.7400418507990036
0.0,0.41597507802509887
0.0,0.12024034497411233
0.0,0.6756225366421286
0.0,0.09760300931287538
1.0,0.526617323857854
0.0,0.028737006948374735
1.0,0.6538292081308529
0.0,0.02753231101115347
0.0,0.6365617384525022
0.0,0.6863660252102015
0.0,0.04931875019584659
1.0,0.2272197495475913
0.0,0.09467149800410356
1.0,0.9129410191718692
0.0,0.7249489312586781
1.0,0.8685104420911948
1.0,0.7412627268445023
1.0,0.8188134517414871
1.0,0.8778802503748657
0.0,0.07078362844726134
1.0,0.8124250583469813
1.0,0.5464379226716609
0.0,0.10634350428516763
1.0,0.655340518678156
0.0,0.2303888254641524
0.0,0.2739930714120658
1.0,0.8423976526577799
1.0,0.8332895723101369
0.0,0.10835724676182364
1.0,0.6154319780103753
0.0,0.6468554620607675
0.0,0.857920046382467
0.0,0.2779884853709224
1.0,0.7840117736261989
1.0,0.43866130586173024
0.0,0.02742064468796847
0.0,0.6531905938525087
1.0,0.7809406951698613
1.0,0.8342647650463808
0.0,0.1875039880144437
0.0,0.05732326721871585
0.0,0.14867770681708206
1.0,0.6061669942545349
1.0,0.8849772469576027
1.0,0.3623146184078033
1.0,0.8597629289421979
1.0,0.9165197232101111
0.0,0.26767602142434627
0.0,0.42678002914473767
1.0,0.7311816748382978
0.0,0.3819905895613393
1.0,0.9192542830076005
1.0,0.6649094318152139
1.0,0.5212314600101984
0.0,0.6754415957512914
1.0,0.6708186343700467
0.0,0.31571436163744326
0.0,0.11265951563642516
0.0,0.22282562428989403
0.0,0.7049715552927276
0.0,0.17750882886136946
1.0,0.24707667059516508
0.0,0.1155842766213099
0.0,0.059392881155932734
0.0,0.1474883168990961
0.0,0.7580004575573938
0.0,0.6621282286279536
1.0,0.23557060194117393
1.0,0.5781531109882352
1.0,0.4101978431982672
0.0,0.34549060524899095
1.0,0.2599795143425576
1.0,0.5447386352825878
0.0,0.0663335131002041
0.0,0.25451761734031003
1.0,0.8846702654356353
1.0,0.5351040482252216
0.0,0.07490123611622612
0.0,0.7100273574017867
0.0,0.035589875387661334
1.0,0.7230542534774042
0.0,0.13331254476218682
0.0,0.18579471542239523
0.0,0.5540937595158524
1.0,0.5512749268937311
0.0,0.2041995491597127
1.0,0.5733176772207524
0.0,0.20332887403837918
1.0,0.6985486201330663
0.0,0.1634352445310514
0.0,0.580337962593556
1.0,0.7444652386608221
0.0,0.3799279969508034
0.0,0.710673499639777
1.0,0.5483979003882038
0.0,0.44512127107080435
1.0,0.6028381250107749
0.0,0.07688258764601463
1.0,0.8849493094783396
1.0,0.4289073506468856
0.0,0.14172594538517994
1.0,0.8796810147701798
1.0,0.9047875465874274
0.0,0.6537400061688056
1.0,0.6884719532781849
1.0,0.8912557106800774
0.0,0.3098056264916658
0.0,0.2950507934579828
0.0,0.6038889405795218
0.0,0.06190046518263922
0.0,0.49854881743844154
1.0,0.6669839946906965
0.0,0.5545757827185449
0.0,0.1305703748661095
0.0,0.15178526639133902
1.0,0.28904992279937186
1.0,0.8285590310892039
0.0,0.04611617098674787
0.0,0.7939638202440553
0.0,0.10431410949435015
1.0,0.691603884186374
1.0,0.6830700261528457
0.0,0.7734471979411671
1.0,0.7630207056870858
1.0,0.7414134176735382
0.0,0.7495149817725933
0.0,0.08683760706634726
1.0,0.7603529600257333
1.0,0.6900544555656406
0.0,0.4385277177085849
1.0,0.5056895306127145
0.0,0.5035471256264332
1.0,0.4081554675655422
0.0,0.2156666423403628
1.0,0.8046091433458246
1.0,0.8850135485615818
1.0,0.6635595049867665
1.0,0.22497743403231746
0.0,0.19199656403125387
0.0,0.8092357482750103
0.0,0.2461014677367392
1.0,0.24937035176450437
0.0,0.07154097554620334
0.0,0.14812664132886272
0.0,0.018794045200632128
1.0,0.8312247323837685
1.0,0.6068386843932132
0.0,0.5361657666341514
1.0,0.30035516134424284
0.0,0.39810538283665653
0.0,0.5553209611158828
0.0,0.7935655786514516
0.0,0.05503940365755552
0.0,0.6828196760846211
1.0,0.3344879381632581
1.0,0.8917832590579842
0.0,0.12429502355093813
0.0,0.3678227571553373
0.0,0.03860057800051086
1.0,0.7374958545119581
1.0,0.7755486686421972
1.0,0.9089412321889798
0.0,0.12225473734010099
1.0,0.6552498009880967
0.0,0.08426481113312796
1.0,0.5623125049073744
0.0,0.12256244947911371
1.0,0.7932537307235771
1.0,0.23657071395138654
0.0,0.1640007117061065
0.0,0.08552742515759318
1.0,0.8362929621261259
0.0,0.03408298092996929
0.0,0.35197061126182194
1.0,0.19357419616835334
0.0,0.15199978566748448
0.0,0.40724952483063853
1.0,0.8788189655332621
0.0,0.04862760495465756
1.0,0.6401354695768657
0.0,0.6237421961937221
1.0,0.28053294939002504
0.0,0.21785121558031648
1.0,0.7317797642979282
0.0,0.2469149335578972
1.0,0.834823414259775
1.0,0.7916708400000595
1.0,0.7589634389617179
0.0,0.25451761734031003
0.0,0.7817369929947718
0.0,0.46856423345072035
0.0,0.409726684404688
1.0,0.7629506818624247
0.0,0.22360456078594182
0.0,0.2535363865978796
1.0,0.5809898378840979
1.0,0.6326543839165634
1.0,0.7998980093249438
1.0,0.6886970609917018
0.0,0.7411302720718291
1.0,0.7639189230313945
0.0,0.08534340898272841
0.0,0.017068276218741667
1.0,0.8415574484004645
1.0,0.8785190027315207
1.0,0.17124771336855385
1.0,0.8239770826391292
0.0,0.5101456102091697
0.0,0.0639682210653858
0.0,0.02090910118909766
1.0,0.6103760534504217
0.0,0.3712103153870779
0.0,0.11784340860313103
0.0,0.23620003755992477
0.0,0.5970252750340833
1.0,0.7327281924026448
1.0,0.8721703908378201
0.0,0.21075204373433673
0.0,0.028841846528761917
1.0,0.8784352098139182
1.0,0.34197235153261435
0.0,0.3095895421481985
1.0,0.7472944472308971
0.0,0.07488565343847434
0.0,0.12190585713367114
1.0,0.8625053649994069
0.0,0.17892533759588816
0.0,0.17962727764149
0.0,0.7664816274836658
0.0,0.05589004519713487
1.0,0.8882728393500111
0.0,0.09910179189356187
1.0,0.6095154557658559
0.0,0.09040462411873247
0.0,0.17949133449054167
0.0,0.7736754840515043
0.0,0.10503059814503266
1.0,0.49230164286837685
0.0,0.13995740656331135
1.0,0.39671873334218166
0.0,0.270959892270568
0.0,0.6501564184943237
0.0,0.021047514910280105
1.0,0.6577778463542112
0.0,0.8455175378009879
1.0,0.9016526230843513
1.0,0.6605572602218637
0.0,0.7182654214387357
0.0,0.11168172633007138
1.0,0.08526110361590326
1.0,0.8941714438242869
0.0,0.6453113533158973
1.0,0.5857907808091156
0.0,0.0967724260402889
1.0,0.6973754479128156
0.0,0.20753553749227877
1.0,0.8036627360032105
1.0,0.055915603657877025
0.0,0.13514652555022105
0.0,0.3551170927883458
1.0,0.6929213428800343
1.0,0.8974713216433947
1.0,0.6625349932980158
0.0,0.04474753970888868
1.0,0.5035364409018439
0.0,0.8247670115202149
1.0,0.716863931857398
0.0,0.18408019511702453
0.0,0.600291790019277
0.0,0.07679789087720264
0.0,0.25441976370283925
0.0,0.07667896017371997
1.0,0.3738700908607849
0.0,0.14805163606939833
1.0,0.7325157633444366
0.0,0.08319162912722526
0.0,0.47059212741997775
0.0,0.14050084145208588
1.0,0.25056197550144177
1.0,0.9068303084173149
1.0,0.8808268635580073
0.0,0.4775203405029231
1.0,0.5584008699728567
0.0,0.8745477360807035
0.0,0.16889704921664403
0.0,0.37467498228276064
0.0,0.03878385182152716
1.0,0.4927517604935736
0.0,0.2896684992471977
0.0,0.2766787394085412
0.0,0.08345013564185982
0.0,0.6391751144223377
1.0,0.6321660731883425
1.0,0.9073002521718112
0.0,0.38904020440434317
0.0,0.22575110604056933
0.0,0.24304699173754005
0.0,0.4711553792628413
0.0,0.16119152855437194
0.0,0.10170432790920997
1.0,0.3911972969557723
0.0,0.8170738828298924
0.0,0.336494828455414
1.0,0.6808332885524464
1.0,0.8764293555066693
1.0,0.829881265314619
0.0,0.07018048536369312
0.0,0.740446204557649
1.0,0.8940953556149552
0.0,0.06863938984772971
1.0,0.4686587926007808
1.0,0.7115033377952581
1.0,0.7730216355107262
1.0,0.7897478604765805
1.0,0.84033211897071
0.0,0.28634803134038
0.0,0.0458936622418406
1.0,0.8011308721977924
1.0,0.9005796780180058
1.0,0.4834988584579272
0.0,0.04359133937716548
0.0,0.5184407192716226
0.0,0.5053021751297431
0.0,0.7577149165619875
1.0,0.3566993125329992
1.0,0.7320760031336245
1.0,0.11244827793312233
1.0,0.4328665868795627
1.0,0.3308377890646231
0.0,0.6972933552759363
1.0,0.8957203052421117
1.0,0.7156450521530806
1.0,0.895870100386108
0.0,0.5231409322269333
0.0,0.5747805488229243
0.0,0.0608553918946259
1.0,0.8244368856766489
0.0,0.16155547593134684
0.0,0.5428379359403124
1.0,0.6986616467187595
1.0,0.39394943088549783
0.0,0.7475335957323754
1.0,0.7573325401095111
1.0,0.7862257605996458
0.0,0.11167884540787328
0.0,0.27361095909039634
1.0,0.6132354632519171
0.0,0.20927281803499853
0.0,0.03396898214421539
0.0,0.3003961085931228
0.0,0.1967585103699615
0.0,0.5976389916794734
1.0,0.3490695901570543
0.0,0.5649621484699296
1.0,0.6405320259399461
0.0,0.1987268914997709
0.0,0.08011983451927296
1.0,0.875611018957806
0.0,0.17240647480927337
0.0,0.21821311841727412
0.0,0.0905658216579286
1.0,0.8667202009459923
1.0,0.5066970219576394
0.0,0.4913312720678919
1.0,0.5124409163573166
0.0,0.07875068192102533
0.0,0.7591827960090876
0.0,0.09783227607118375
1.0,0.8041377288729765
1.0,0.8521432638365923
1.0,0.833614853594683
0.0,0.22908383027260196
1.0,0.8242031085802052
0.0,0.7027718016664989
0.0,0.16834776372998697
1.0,0.24946129166777695
1.0,0.4613897367935395
0.0,0.07274477655433773
0.0,0.04090299596134755
1.0,0.7539678814743218
0.0,0.435060215271005
1.0,0.8323166750750183
1.0,0.8792542433162975
1.0,0.7688911380471556
1.0,0.7945965775700684
1.0,0.8990462850481667
1.0,0.7579565558126248
0.0,0.3359368581618257
0.0,0.8971136500294296
0.0,0.6839627280449986
1.0,0.7046279604849857
1.0,0.6670933890672749
1.0,0.7118421288246369
0.0,0.855666175511491
1.0,0.3530761180932529
0.0,0.18695415812700877
1.0,0.6862267559079096
0.0,0.13271816689789342
0.0,0.6429502271090021
1.0,0.6876893105407301
0.0,0.350124255858351
1.0,0.8087890992700292
1.0,0.25064702292323787
0.0,0.5818056272317235
1.0,0.7604501635924851
1.0,0.9354408092815862
0.0,0.06665899576655629
1.0,0.48849404067010543
0.0,0.7684457461232893
1.0,0.8912442433078376
0.0,0.30906927760549446
1.0,0.45499714528800833
1.0,0.8268403255980595
0.0,0.1579671056840146
1.0,0.577840203097769
1.0,0.8338049799556162
0.0,0.703232022074027
0.0,0.05854281589404391
0.0,0.03075108401546344
0.0,0.24048128811924074
1.0,0.6994656899183785
0.0,0.6831779938919236
0.0,0.14321523054750057
0.0,0.08948468392233053
1.0,0.6580898134094963
0.0,0.43797480197366956
1.0,0.15918961964431283
1.0,0.6115359552669838
1.0,0.747817720938485
0.0,0.7066335967302161
1.0,0.6598843037204793
1.0,0.3861587541228881
0.0,0.6799577569791575
1.0,0.921808447190734
0.0,0.7157524743047508
0.0,0.022536020714638526
0.0,0.23895988014042183
0.0,0.12141352967441905
1.0,0.9192558535553461
1.0,0.6637889589583919
1.0,0.506490790779491
0.0,0.9210980521930942
1.0,0.8528945871175733
1.0,0.5276556622913423
1.0,0.5835760422623468
0.0,0.661650240197443
0.0,0.4941678724414482
1.0,0.49784033263447086
1.0,0.6663898764437242
0.0,0.24431377545878658
0.0,0.4040229396419037
0.0,0.12101729827577556
0.0,0.08147121578973159
0.0,0.378908491705422
0.0,0.598557648914068
1.0,0.8606958175653812
1.0,0.8731367388674721
0.0,0.7414867070628888
0.0,0.7633625474960506
0.0,0.23537746242287738
1.0,0.8281393070860426
1.0,0.5021762993512378
0.0,0.40407581853085595
1.0,0.8013667142194986
1.0,0.4039168335895968
1.0,0.3335601877334645
1.0,0.7000732477194561
0.0,0.6776495065476217
0.0,0.049765085321911075
0.0,0.12382951809613582
1.0,0.8217911109509519
0.0,0.26809912187659385
1.0,0.8851043641695752
0.0,0.49178686920593534
1.0,0.8145751972855986
0.0,0.4229775944723825
0.0,0.8465985226034191
0.0,0.5393629607611604
0.0,0.49417950648209186
1.0,0.791610111918316
0.0,0.08405576849097195
0.0,0.07861850414927694
0.0,0.42507172787353364
0.0,0.8036933215215227
1.0,0.6362060327041155
1.0,0.5364790066627448
0.0,0.4501849761320836
0.0,0.37749688118597696
1.0,0.8259915705754028
0.0,0.5571462389116918
1.0,0.9138815267326734
1.0,0.6397939694128363
1.0,0.861879252367707
1.0,0.6994202182428879
0.0,0.5341832293463735
1.0,0.6231509856496368
1.0,0.9181420349809427
1.0,0.7736803447633235
1.0,0.6971117708483183
0.0,0.22816306554292973
0.0,0.884215580464877
1.0,0.7157213598776336
1.0,0.7028422025291245
1.0,0.6280640801224748
0.0,0.08859599468731968
0.0,0.05560387999452914
1.0,0.8565528571517166
1.0,0.8364387719436259
1.0,0.7040948632288447
1.0,0.7079024225316
1.0,0.25570610922801285
1.0,0.8983593608724395
1.0,0.8677800450534899
0.0,0.3356668355290003
1.0,0.7205620453722055
1.0,0.7261914428901505
1.0,0.7101793074678877
1.0,0.7812805834317973
1.0,0.9073010861842029
1.0,0.7427402373581409
1.0,0.10188892380235402
1.0,0.8559073692435124
0.0,0.036166647971954805
1.0,0.7224716190019723
0.0,0.48776795835821884
1.0,0.8321069851890828
0.0,0.5554767662144238
1.0,0.7061120368163423
1.0,0.8560420489953422
0.0,0.48053835215288127
1.0,0.6304164754105112
1.0,0.8321692327160144
1.0,0.4469115373409403
1.0,0.7820180453078027
0.0,0.762324437744068
0.0,0.037124188384279985
0.0,0.6622802663228368
1.0,0.7029129252082624
0.0,0.036171809808557165
1.0,0.8697929629047155
0.0,0.0127303018932152
0.0,0.5749202217874614
1.0,0.2644827259293677
0.0,0.756993205692458
0.0,0.5801748461682852
0.0,0.7757616519461508
1.0,0.7149018549652488
1.0,0.8048620048197902
0.0,0.03882264723318887
0.0,0.5632731137238717
0.0,0.44516974225168554
1.0,0.6993445808492231
1.0,0.2519917694920323
0.0,0.860941410893487
1.0,0.9067756902527002
0.0,0.30654420294293894
0.0,0.032214050371634974
1.0,0.719960829309782
0.0,0.042844838634593964
0.0,0.4549344004564819
0.0,0.5544432475149159
1.0,0.5417467455052702
0.0,0.47565294907263145
0.0,0.6554426185172781
1.0,0.7442797259669932
0.0,0.5193846247103057
1.0,0.7003467881209106
0.0,0.8276485814925381
1.0,0.908962905641629
1.0,0.8033472072514612
0.0,0.45530977017293006
0.0,0.11899252364136782
1.0,0.6993423831352295
0.0,0.07956494801277471
0.0,0.2035001637137249
1.0,0.912383532132248
0.0,0.36167599855936255
1.0,0.6871857332950193
1.0,0.6414791338560786
1.0,0.7789279037797445
0.0,0.7755083797454999
0.0,0.8622396305038886
1.0,0.2127981660212726
0.0,0.668470943999901
1.0,0.6313641184484966
0.0,0.06132335200087134
0.0,0.5015866298643192
1.0,0.8595407499833053
1.0,0.8065362154972396
0.0,0.11598095879583514
1.0,0.45695737057088653
1.0,0.6480880435520743
0.0,0.6968183232204175
1.0,0.820533317928806
0.0,0.1785833521408881
1.0,0.6301043203784155
0.0,0.735221559706669
0.0,0.30190376448749545
0.0,0.4142899707775588
0.0,0.04745245066875358
0.0,0.42609033735150764
1.0,0.7194603843021496
0.0,0.18213900161957886
0.0,0.02636112294193865
0.0,0.025897659620812908
1.0,0.8717841282910102
0.0,0.028846575759820886
1.0,0.800656339239867
0.0,0.10755195610009935
0.0,0.6334097070626861
0.0,0.4149164063200707
0.0,0.6042597626702629
1.0,0.4085797506290012
0.0,0.14495124908452617
1.0,0.8855972858610419
0.0,0.4625521284195324
0.0,0.13484022902828924
0.0,0.032546753083256365
1.0,0.8063458428989767
1.0,0.47118519071972176
1.0,0.7993632189328872
1.0,0.8796223017788728
1.0,0.7632800674599571
1.0,0.6436356940263088
1.0,0.20275704072470377
0.0,0.20783925227318173
0.0,0.024156823367911303
0.0,0.07873385146496058
1.0,0.7078737096980748
1.0,0.8554439072158059
0.0,0.44519558010657445
0.0,0.6933346884376178
1.0,0.22133019992322694
1.0,0.5161666035765374
0.0,0.25500561650517994
0.0,0.14556515924945546
0.0,0.117488992346242
0.0,0.4534890378110994
0.0,0.3092756867158211
1.0,0.7432381979717911
0.0,0.6275875682813279
1.0,0.6003146662355847
1.0,0.8772749779675614
0.0,0.333837755045325
1.0,0.6847820673945709
0.0,0.7313859206744314
1.0,0.7395523645102103
0.0,0.03215907041261304
0.0,0.34324686940470617
0.0,0.06759100615678437
1.0,0.8972644169649068
1.0,0.6813671769438245
1.0,0.6647383579307737
0.0,0.07102722067260507
1.0,0.6820948666937734
1.0,0.8542731426894045
1.0,0.8382239151008859
1.0,0.25207616662843546
1.0,0.9079640908116998
1.0,0.7567264622789234
1.0,0.8132095840175705
0.0,0.1713852883576775
0.0,0.5265509011202552
1.0,0.7258986207472857
1.0,0.8203698949893159
0.0,0.11702677343307777
1.0,0.6552498009880967
1.0,0.5152461213754791
1.0,0.7293339034942123
1.0,0.2487023395366663
1.0,0.8794599123415883
0.0,0.45376934975614497
1.0,0.35204338969873816
1.0,0.14442134193804881
1.0,0.2435303021557569
0.0,0.4553652609587013
0.0,0.17754329107945224
0.0,0.4006645977478737
0.0,0.057332576539551865
1.0,0.7642048725427965
0.0,0.032367731884486474
1.0,0.8330200818156442
0.0,0.7808745748807506
0.0,0.3791807156720113
1.0,0.849491553010593
1.0,0.7842367658882724
0.0,0.4121742099049057
1.0,0.7432911051700112
1.0,0.5888317814252089
1.0,0.6352263381182881
1.0,0.7756666133614303
1.0,0.9232439701898951
1.0,0.5798126459964312
0.0,0.47869958875445995
0.0,0.03874302404833663
1.0,0.90218494661251
0.0,0.2028867861101829
1.0,0.8893232659489498
0.0,0.3705277670842992
1.0,0.7851380789083142
1.0,0.7777534981377926
1.0,0.8380408717869917
0.0,0.9014575566097149
1.0,0.4028472994355451
0.0,0.2747448069382806
1.0,0.829972908196782
0.0,0.29180596877312875
1.0,0.7892082764090803
0.0,0.4292160835970025
1.0,0.6459948489768912
0.0,0.891566014272608
0.0,0.037026862931569794
1.0,0.7473987326206708
0.0,0.043594386211730986
0.0,0.6786906418981742
0.0,0.8047507945117625
1.0,0.044732358301384445
0.0,0.8722690575923824
1.0,0.15549455387494257
1.0,0.9026071892853658
1.0,0.7706914469822175
1.0,0.734359675689273
1.0,0.521439276658658
0.0,0.7756450104689416
1.0,0.8034401363569583
1.0,0.7715195751287857
0.0,0.31781441114287523
1.0,0.43762224676809675
1.0,0.755782923552636
0.0,0.05672605884662507
1.0,0.8290757728735708
0.0,0.25873189815382497
0.0,0.17419455593236982
1.0,0.9039158237551288
1.0,0.6737760735513344
1.0,0.6331275551552233
0.0,0.10865038833777797
1.0,0.14598352909617582
1.0,0.8946618871622046
1.0,0.6808328588251241
1.0,0.7159566327872439
1.0,0.6852268719498251
0.0,0.5396964189411154
1.0,0.4218532365704264
1.0,0.4412560542027227
1.0,0.9069193760853544
0.0,0.32931274407306255
0.0,0.8168286559949226
1.0,0.1574611820595962
1.0,0.8663370852138389
0.0,0.03735491304673379
1.0,0.6324721494240364
1.0,0.6385530166718913
1.0,0.8212352223088113
0.0,0.5099372471091832
0.0,0.026766636285191103
0.0,0.19188180264190102
0.0,0.12330542898910038
1.0,0.8796769878252328
0.0,0.103043151734205
0.0,0.6518652541337872
0.0,0.4572098894352743
0.0,0.15235858288349755
0.0,0.06231058063169584
0.0,0.3656234561568215
0.0,0.7374266435641591
1.0,0.7447036233063229
1.0,0.518545883932464
0.0,0.8235744658627804
0.0,0.19574420013779711
0.0,0.7171464550102701
0.0,0.7207255270647447
0.0,0.042085568738174844
1.0,0.9316244644922805
0.0,0.4063883035775404
1.0,0.3541743113201634
1.0,0.8239715737069419
1.0,0.74732590679846
0.0,0.044543423906871916
0.0,0.7150085346880184
1.0,0.16652007398658028
0.0,0.21038120850107284
1.0,0.12990480513732758
0.0,0.12158115683487535
0.0,0.47384351297267785
0.0,0.09404869415073785
0.0,0.1214206380355564
1.0,0.7325157633444366
0.0,0.8304393526056197
1.0,0.6446848380582586
0.0,0.5465181057789791
1.0,0.32877692797145225
0.0,0.7296065068223251
1.0,0.7729775514086097
1.0,0.6600434588519671
1.0,0.23113859084056657
1.0,0.764780841224239
1.0,0.8817231898353004
1.0,0.8171305533162686
0.0,0.892603521638901
0.0,0.8440554446416682
0.0,0.05789399101091091
0.0,0.06594072281983637
1.0,0.5913376460140063
1.0,0.6996441719838042
1.0,0.5915015383444021
0.0,0.39035494110275093
0.0,0.03394006847891362
1.0,0.9049775719363508
0.0,0.26331251051260435
1.0,0.7305616691368425
0.0,0.22846849260444366
1.0,0.9133401746027919
1.0,0.8002042401961843
1.0,0.8398888165220108
0.0,0.036783615317132
0.0,0.4866581950817897
0.0,0.021818987206885392
1.0,0.2469681675350839
0.0,0.15249311392705583
0.0,0.5719472750239765
1.0,0.9048324447262966
0.0,0.19929312383126274
1.0,0.8490923242090548
0.0,0.7156025754419607
0.0,0.46748624380138276
1.0,0.8136563925108713
0.0,0.12067758604585292
0.0,0.5040283563407705
1.0,0.7844473175753552
0.0,0.5446193879936048
0.0,0.10345563361238576
0.0,0.12858611197243325
1.0,0.24795093626318182
0.0,0.4002744244180225
1.0,0.6633328907378451
1.0,0.7346698547988465
1.0,0.43429116105466836
0.0,0.528831175638876
0.0,0.1815256600971182
1.0,0.7124917555111385
0.0,0.3885789474148887
0.0,0.2141418517107802
1.0,0.6751100521986729
0.0,0.7241899921540599
1.0,0.5260036358125953
1.0,0.8103683106697896
1.0,0.6126720632087301
0.0,0.811459189826125
0.0,0.47987975513413705
0.0,0.15166710251982332
0.0,0.05944091420945488
0.0,0.4635349965339767
0.0,0.12468124965173333
1.0,0.8265620998523886
0.0,0.21856293719156913
0.0,0.2908866399658595
1.0,0.38630645713925627
1.0,0.7789399494294629
0.0,0.7444935093907801
1.0,0.5443640088445582
1.0,0.46524314698126445
1.0,0.2542952470719385
0.0,0.7916874533919068
1.0,0.7481741503010543
0.0,0.366782500110321
1.0,0.7906552691171423
0.0,0.16385639358456391
1.0,0.8899068839953842
0.0,0.38940772504897586
0.0,0.05199099662533134
1.0,0.6708489158038411
1.0,0.4371334746065725
1.0,0.9089284764199104
1.0,0.8868911943555731
0.0,0.09466437654541243
0.0,0.14996731246634618
0.0,0.27424296638298845
1.0,0.2583966996172011
1.0,0.3901464542373908
1.0,0.8390680625474819
0.0,0.32416103165966714
0.0,0.04809276602821382
0.0,0.07397326936131231
1.0,0.7859165651817653
0.0,0.15957308542222076
1.0,0.28850939857486163
0.0,0.030380226109693556
0.0,0.18525831685663205
1.0,0.6769791772899735
0.0,0.34309292755305454
1.0,0.6379900035337353
0.0,0.11642208378292403
1.0,0.6020358471837067
0.0,0.5644223272734545
1.0,0.6045044961906862
1.0,0.4413655866711547
1.0,0.5909421761143164
1.0,0.8556917886033726
0.0,0.8198805686385148
1.0,0.14339752468205536
0.0,0.2386559724203141
0.0,0.6291088548077092
0.0,0.074906526142567
0.0,0.3012990063398011
0.0,0.5657755042189323
0.0,0.6319289548356939
1.0,0.9192734088246166
0.0,0.34803043521667504
0.0,0.6318132795457125
0.0,0.4276706864978518
1.0,0.806059455454773
1.0,0.8605952325275545
0.0,0.358846308679691
0.0,0.0841227518230855
1.0,0.4706899436686308
0.0,0.07320975755017878
0.0,0.38083697218380397
0.0,0.8839373623337544
1.0,0.766925035471508
1.0,0.7996802289956499
0.0,0.3798813993185124
1.0,0.817985550232767
0.0,0.10401663120037433
1.0,0.7702469697270092
1.0,0.892071680908522
1.0,0.7320966122535306
0.0,0.08860975036609976
0.0,0.30472059146630137
0.0,0.24761182274376728
0.0,0.2605254520431103
1.0,0.10979382475129598
0.0,0.22128898678149067
1.0,0.7810714470287909
1.0,0.7527037257173528
1.0,0.8457912907297611
0.0,0.08455439658590702
1.0,0.5520467959136237
0.0,0.1430784653232367
1.0,0.7430734670304537
0.0,0.019789404497297106
1.0,0.4709256358749836
1.0,0.5070317691947672
0.0,0.23300347055866155
0.0,0.6089139335765923
0.0,0.06233263761422553
1.0,0.41504341171074555
0.0,0.12404346429153446
1.0,0.029812136394168912
1.0,0.8308127307647699
0.0,0.6414130244292973
0.0,0.4646582003685729
1.0,0.4959896038977765
0.0,0.5315382618216442
1.0,0.05510507222272486
0.0,0.03947370166760582
1.0,0.8628559346184597
1.0,0.6929065111200526
0.0,0.35159015390798926
1.0,0.721370035852287
0.0,0.28657612979085134
1.0,0.864890328592529
0.0,0.027160839225407487
1.0,0.7970974477794635
0.0,0.0343970308802307
0.0,0.875323277614343
1.0,0.712632207411998
1.0,0.5766223364170467
1.0,0.7350388549591238
0.0,0.3017417408747209
1.0,0.6561913491151017
0.0,0.6134536634521369
1.0,0.4946797730585331
0.0,0.11087787188677778
1.0,0.6404975310400258
0.0,0.5454032290262253
0.0,0.3781216728404125
0.0,0.5870949438781459
0.0,0.8282773720051926
0.0,0.047885665639847905
1.0,0.6592862284323147
0.0,0.3290391397378847
1.0,0.8476730122992072
0.0,0.022960242260699957
0.0,0.3755782048333394
1.0,0.9096974374690775
1.0,0.8671344551139903
1.0,0.17630616826801887
1.0,0.6033282537898145
1.0,0.7869227850143112
0.0,0.47961344667553407
1.0,0.7875927541693147
0.0,0.11727323530916889
1.0,0.5413851381415765
0.0,0.48622843002638083
0.0,0.20240588666131237
1.0,0.7070872859221781
1.0,0.9157919588000781
1.0,0.8116481717674306
0.0,0.0538447480630949
1.0,0.7722832419230365
1.0,0.09574858649615482
0.0,0.6422971485681629
1.0,0.8741468828239952
0.0,0.6841834866873945
0.0,0.14950918565571208
0.0,0.5399570752391878
1.0,0.8507500723829873
0.0,0.039083874172587824
0.0,0.7366023976473082
1.0,0.8396525259033503
1.0,0.8868018569952925
1.0,0.8939629989428791
0.0,0.5018993253799605
1.0,0.7442847178359903
0.0,0.0598332417210372
0.0,0.14703490337612302
1.0,0.5078446242750421
1.0,0.8259855685417052
0.0,0.11013288356448889
0.0,0.7450747393908103
1.0,0.5596177881090073
1.0,0.849916307322484
1.0,0.4725412291981637
0.0,0.03690744564396691
1.0,0.7686034932552787
0.0,0.03894217750843376
0.0,0.3784778846838147
1.0,0.694185331994041
1.0,0.3489359472381324
0.0,0.3642627569375065
0.0,0.5883165144741744
1.0,0.8006859323378271
0.0,0.4663462251458424
0.0,0.026842097467329355
1.0,0.9279195739545992
0.0,0.671518369808846
0.0,0.3185595071616287
0.0,0.7901159590961293
0.0,0.1970458305401586
0.0,0.7742225502503274
1.0,0.8877877708395758
1.0,0.6533429796801264
1.0,0.40912663444594777
1.0,0.900431083644264
0.0,0.05429313311435412
1.0,0.8613053873995802
1.0,0.5562875819661566
1.0,0.8492290783434805
1.0,0.7861050868340638
0.0,0.669320574125659
1.0,0.5873906021690276
1.0,0.7005990517755917
1.0,0.7762400567101543
0.0,0.02347818531748151
1.0,0.7784929553405014
1.0,0.8745614981258929
1.0,0.828519608989213
0.0,0.23555237218969968
1.0,0.6922353644235784
0.0,0.3459188576530444
0.0,0.22023181878684636
0.0,0.3836944061437796
1.0,0.6763370814558793
0.0,0.058464696784480484
0.0,0.37285400603631413
0.0,0.0849430175328793
0.0,0.64501086484053
1.0,0.7437238523411109
1.0,0.8480939823628327
0.0,0.034947523102674294
1.0,0.4794078062726835
1.0,0.6044449792884312
1.0,0.3595985221719683
0.0,0.7643444163116042
0.0,0.5562046002848562
1.0,0.9181645928918861
0.0,0.1505627046516632
1.0,0.18308714052809938
0.0,0.17588343373478152
1.0,0.2694297255632211
0.0,0.31512525799526087
1.0,0.6480292997156869
0.0,0.4510530389399611
1.0,0.8206423726883549
0.0,0.3213205964920956
0.0,0.22815528753722106
1.0,0.7208227678545739
0.0,0.09576063839810549
1.0,0.6896980436218265
1.0,0.36435301244395385
1.0,0.7994525308532059
0.0,0.06976924743081492
1.0,0.7753062839543529
0.0,0.4001593844961606
0.0,0.31728198988051814
1.0,0.6679208860228052
1.0,0.4972913644161124
1.0,0.3339899001538179
1.0,0.4081832397376923
1.0,0.5263982669000017
1.0,0.8913598694237574
0.0,0.7185475120992987
1.0,0.22540821577516396
1.0,0.8079361620789531
1.0,0.6952659411093661
1.0,0.2176591938331378
1.0,0.3047233197779103
0.0,0.8044906213430256
0.0,0.8105700056122876
0.0,0.14050084145208588
1.0,0.884627129772102
0.0,0.06421152041741927
0.0,0.8901046314143162
0.0,0.09058748579838222
0.0,0.13080630201098675
1.0,0.8162750514478865
0.0,0.32944950809486784
1.0,0.845336858743838
1.0,0.8549965168463446
0.0,0.8948772281873941
1.0,0.5678699507596168
0.0,0.1035517283384955
1.0,0.7568168817726337
1.0,0.8442230462867732
1.0,0.16879804045956795
0.0,0.04250637897349076
0.0,0.6651138759572243
0.0,0.4887316141636435
0.0,0.3454398237874682
0.0,0.7018177774443366
1.0,0.5137983697154667
0.0,0.4558801079951983
1.0,0.622453869178786
1.0,0.8553252194243771
1.0,0.704187048141585
1.0,0.6707930096252103
0.0,0.10010116623465919
0.0,0.036454601061947915
0.0,0.5660372758599581
0.0,0.47902475920171494
0.0,0.4083250285462549
1.0,0.8858961670186914
0.0,0.2426368459939982
0.0,0.401036832152062
1.0,0.3821449312885259
1.0,0.7606442742827676
0.0,0.323505047379963
0.0,0.06548991518354354
0.0,0.5667001704766442
0.0,0.5292907693149199
0.0,0.218918046499367
1.0,0.7842199919046137
1.0,0.7063458340115167
1.0,0.7326286432995013
1.0,0.2171554552363627
0.0,0.056896106870085957
0.0,0.16421919021826328
0.0,0.23822922502039032
1.0,0.5976986714457694
0.0,0.04995893683978444
0.0,0.22399466303297705
1.0,0.6270491987954181
0.0,0.6555475398973877
1.0,0.8110535573158861
1.0,0.45586745343823654
1.0,0.8365042963066698
1.0,0.7186694786961177
1.0,0.8258077215932025
0.0,0.02771841585643304
0.0,0.8021408038388043
1.0,0.8907443693945345
0.0,0.39614776058122475
1.0,0.6148751513520826
0.0,0.02805772072882331
0.0,0.047648035062181446
1.0,0.549972376649135
1.0,0.2846483545960011
1.0,0.8238976529153371
1.0,0.7572485670887755
0.0,0.5569561950280827
0.0,0.7385311193183465
1.0,0.20998860397762947
0.0,0.25756469469363863
1.0,0.8894336705243482
1.0,0.6590027334535674
0.0,0.33997507214392697
1.0,0.4528088281682382
1.0,0.6483902422819902
0.0,0.7420690133255445
0.0,0.5148820643194637
1.0,0.13061525235445137
0.0,0.07817705282786194
1.0,0.8607872632913671
0.0,0.06703435405918723
0.0,0.5969223673587434
1.0,0.9002511527194941
0.0,0.668601256828018
1.0,0.520647384419552
0.0,0.5251218962376029
1.0,0.6379434806519163
0.0,0.4616585604512182
0.0,0.15226860194386502
0.0,0.2778997807408267
1.0,0.7020773270369218
0.0,0.15550371293828275
0.0,0.19956862701349826
1.0,0.7932089831008684
0.0,0.34497738606228806
1.0,0.513703297972226
0.0,0.09811784514865314
1.0,0.824996918718597
1.0,0.3358812650452331
1.0,0.8217275372361926
1.0,0.90470271061285
0.0,0.49479811701702514
1.0,0.900987336610877
0.0,0.05364709052441382
0.0,0.6872477274874415
0.0,0.37079679213693895
1.0,0.31330959590656027
1.0,0.7527767901774142
0.0,0.5003864436689597
1.0,0.547079594805625
0.0,0.736580493724796
0.0,0.4969286567886587
1.0,0.40611754066172595
1.0,0.3498651829275804
0.0,0.31954584786711054
0.0,0.16071631253364263
1.0,0.6736448975633708
1.0,0.7880768326435588
0.0,0.5052496783902269
1.0,0.050194284948413145
0.0,0.11842680879957765
0.0,0.5422243668107786
1.0,0.8363319792311542
1.0,0.8882923749027679
0.0,0.32304898792362885
1.0,0.49856220536933515
1.0,0.773269649152768
0.0,0.06375687177936554
0.0,0.03308391048461629
0.0,0.900521803220001
1.0,0.820514791401084
1.0,0.7961364567085117
1.0,0.8518111161416372
1.0,0.8299430211126736
0.0,0.18288460167699375
0.0,0.03477952538887484
1.0,0.7674446409026667
0.0,0.11860014640576587
0.0,0.574081252101635
1.0,0.9272742047991538
0.0,0.40607305310561204
0.0,0.5431527247994632
0.0,0.7082013197761482
0.0,0.05895445303611067
0.0,0.10285110030574976
1.0,0.849225470894925
1.0,0.7698561205956909
0.0,0.04568705600815304
0.0,0.32610686581991705
1.0,0.9044117702420381
1.0,0.7652114229757666
0.0,0.1754864653704621
0.0,0.09892191006411874
1.0,0.7220680081584695
1.0,0.9122104902573184
1.0,0.8301344390215196
0.0,0.08188962945284756
0.0,0.44954585160663063
1.0,0.9030241653970479
0.0,0.11139269725778933
1.0,0.7205620467643767
1.0,0.7336372339736453
0.0,0.16339963090171764
0.0,0.547921217189502
1.0,0.7740636239609986
1.0,0.9168776052351288
1.0,0.4663462251458424
0.0,0.07644881157687912
0.0,0.4293799101902392
0.0,0.0514181190546578
0.0,0.3395287305407643
1.0,0.15385852961789337
0.0,0.6225631541619261
0.0,0.17668512088324403
1.0,0.8302247616558158
1.0,0.7037307411298678
0.0,0.4086060629094075
1.0,0.9184080581289451
0.0,0.37328396957727294
0.0,0.6001563458545628
0.0,0.07084503352991392
1.0,0.7117330842561481
0.0,0.2307612973914828
0.0,0.01729494053102582
1.0,0.7732688552781891
1.0,0.5732863435948962
0.0,0.3231970504198488
1.0,0.7918929648540676
1.0,0.792937948207542
1.0,0.19956683570286307
0.0,0.0776165574397407
0.0,0.5377284483744978
1.0,0.8217797206645179
1.0,0.8259305775729279
1.0,0.6335510995572182
1.0,0.7221118618245129
0.0,0.5960150967929045
1.0,0.7076456860943255
0.0,0.3948581959541823
1.0,0.914680086957559
1.0,0.1828711093196923
0.0,0.8330421181707496
0.0,0.8133323322796833
1.0,0.8966422923418698
1.0,0.8065058761429296
1.0,0.8579620597155124
1.0,0.7956231966655302
0.0,0.3306100755458927
1.0,0.13318748911718883
0.0,0.22915966499047424
0.0,0.07921070198764468
1.0,0.699470558524101
0.0,0.32132343414725745
1.0,0.6723704918301956
1.0,0.7085017445057891
1.0,0.91138309487729
0.0,0.13421799309072158
1.0,0.8543447308729682
0.0,0.8824470958810264
1.0,0.5912353478745656
0.0,0.02517371722110564
1.0,0.7670506572634264
0.0,0.7846848041488682
1.0,0.6858331511352993
1.0,0.863951772589894
1.0,0.6034436579475455
1.0,0.45966911996880755
0.0,0.670323794267686
1.0,0.8817219020365201
1.0,0.6173074998983684
1.0,0.24494893037571516
0.0,0.6270434543198653
1.0,0.7827861892193054
1.0,0.853204172577348
0.0,0.32569802990214913
0.0,0.06902103719319536
0.0,0.6899249986775181
1.0,0.4794105215180811
1.0,0.5213827771850377
0.0,0.0601829205325032
0.0,0.10873754716200999
0.0,0.052476942137160594
0.0,0.8115624829209446
0.0,0.40321796571631396
0.0,0.07796575657840059
0.0,0.6701859434886702
1.0,0.7186541736413271
0.0,0.19826038642488086
1.0,0.8437422484398049
1.0,0.7792717547659684
1.0,0.850993708882486
0.0,0.06037810637629652
0.0,0.06412467283354482
1.0,0.7378033362305855
1.0,0.3607956291458024
1.0,0.5076045615770871
1.0,0.16063307930825024
1.0,0.7370812399657451
0.0,0.06371333965189031
1.0,0.528026741035847
1.0,0.8311307060164055
0.0,0.07388667121243062
1.0,0.4028053139142094
1.0,0.6664637779105859
1.0,0.8299214137593086
0.0,0.12741840024514609
0.0,0.834829429146983
1.0,0.8384251162466736
1.0,0.6953460614192191
0.0,0.5347512761588316
1.0,0.6794603763723687
1.0,0.07268067459587936
1.0,0.6970585696549365
0.0,0.7229167557317419
1.0,0.5963307701016152
1.0,0.7915278414130874
0.0,0.3899070431597757
0.0,0.35564509277222317
1.0,0.7476499929531636
0.0,0.06274654751815163
1.0,0.6885163347044347
0.0,0.028805958777398298
1.0,0.8142089459097611
0.0,0.2839954012027621
1.0,0.6915985140687739
0.0,0.5891005948591033
0.0,0.37067343603894753
1.0,0.9135600235803748
1.0,0.18373396719435345
1.0,0.8754301904502952
0.0,0.5651094390220058
1.0,0.8684753699052093
0.0,0.47732051634041467
0.0,0.672005894641149
1.0,0.8310466321565093
0.0,0.3765403090843655
0.0,0.1822438042952669
0.0,0.759383666455669
0.0,0.441492943325648
1.0,0.408265116270449
0.0,0.3230703987118767
1.0,0.8984768751557995
1.0,0.8727162967034311
1.0,0.5305744858425118
0.0,0.17102094233979642
1.0,0.4765781246021466
0.0,0.5207579057827727
1.0,0.447222159644242
0.0,0.394677401091317
1.0,0.9193826060365387
0.0,0.4910735907416599
0.0,0.32691992958493266
1.0,0.8203231465440929
1.0,0.8892961317788802
0.0,0.10156660292036995
0.0,0.5204130564834046
0.0,0.10238800887057369
0.0,0.6424775766489643
1.0,0.6527644495926872
0.0,0.6734646911247625
1.0,0.5829654676519611
1.0,0.8050055289681052
0.0,0.03048130819852003
0.0,0.1407654008426254
1.0,0.26086862749957374
1.0,0.32071931439470985
1.0,0.6524779318172199
1.0,0.40541107536310295
0.0,0.4958735338490503
1.0,0.9314330970659034
1.0,0.8348576092367818
1.0,0.7459611759285776
0.0,0.03288889578328669
1.0,0.8121036413443332
0.0,0.45944065023275094
0.0,0.8441987619537986
0.0,0.29170768854911855
1.0,0.6427791279887343
0.0,0.03197715795347108
0.0,0.05712143063345241
0.0,0.7925850694750552
1.0,0.5115326488637075
1.0,0.9369794073932936
1.0,0.9135168006754797
0.0,0.4165079417173541
0.0,0.7263090210594386
1.0,0.5719201597924631
1.0,0.10695823782203212
1.0,0.692955049736412
0.0,0.43438999320753907
1.0,0.4363907936000794
0.0,0.16469246289445716
1.0,0.908033649803293
1.0,0.761260102122916
0.0,0.09455096789558373
0.0,0.11151519575183656
0.0,0.06571587817046527
1.0,0.64039531773955
1.0,0.7851887685270005
1.0,0.7206351329182448
1.0,0.08572073025379916
0.0,0.1631778480115146
1.0,0.7918086244309476
1.0,0.7017960599631887
1.0,0.36049401828157257
0.0,0.6980296363716577
1.0,0.7116722700176235
0.0,0.5160802830359961
1.0,0.8087243482068025
0.0,0.3899696654650925
1.0,0.29996179282472935
0.0,0.8472174146518161
1.0,0.7570960262135134
0.0,0.11180802413735198
1.0,0.8400327176947789
0.0,0.8306686097039272
0.0,0.10349743561829729
0.0,0.037457611376084374
0.0,0.5691316662898778
0.0,0.5044963780045022
0.0,0.4618782308808262
1.0,0.6613751809485989
1.0,0.8273473761569309
1.0,0.5478725238089308
1.0,0.6069521261860872
0.0,0.2907838464995271
1.0,0.807535616341738
0.0,0.3667017048852395
0.0,0.3248726316742917
0.0,0.08293870427714285
0.0,0.03243961342531935
0.0,0.04740920618214625
0.0,0.3590490083570222
0.0,0.605595250033387
1.0,0.9240130732876226
1.0,0.7137304524227226
0.0,0.38699106633612607
1.0,0.7334347187158566
1.0,0.25243553972006133
1.0,0.3561951068072911
1.0,0.9202715797339853
0.0,0.8430563808919985
0.0,0.25138347747476336
1.0,0.9002208622986008
1.0,0.7011372898648961
0.0,0.027914208363965434
0.0,0.07014150988771338
1.0,0.604187404084954
0.0,0.11151519575183656
1.0,0.613519061480107
1.0,0.3838112407844452
0.0,0.8135226621400412
1.0,0.3671716745786331
0.0,0.6068639850085941
0.0,0.5505548186703826
0.0,0.23755308470197356
1.0,0.6310283483057193
1.0,0.563586199907726
1.0,0.7397407714543428
0.0,0.0570889110304765
0.0,0.1580642106518121
0.0,0.8772988784865707
0.0,0.04161523649251097
0.0,0.6533369687038544
1.0,0.3125659083689648
1.0,0.7573865412488769
0.0,0.2599034765315521
0.0,0.3038280697610788
0.0,0.09621545971607788
0.0,0.22039802326374483
1.0,0.4533262421626586
0.0,0.24241041939441005
1.0,0.44983861479958503
1.0,0.8381879825304809
1.0,0.6785836316771935
0.0,0.2048795259115376
0.0,0.7691566794085174
0.0,0.525088241169967
0.0,0.4131140407705465
1.0,0.4636243457176129
1.0,0.7711120599656939
1.0,0.6300118950571337
1.0,0.7679821420192336
1.0,0.6559793882737314
0.0,0.8014765593833121
1.0,0.34530743798274927
0.0,0.3401347421126388
0.0,0.3332107005328509
0.0,0.16902541084904882
1.0,0.7766278732255902
0.0,0.6920264696191812
0.0,0.029396437996399908
1.0,0.8684229644991998
0.0,0.1756757480299065
0.0,0.6906796185517452
0.0,0.09089682868454844
0.0,0.024585338302952786
0.0,0.03316236064568587
0.0,0.2585066908839166
1.0,0.655427978845682
1.0,0.7956501633021394
0.0,0.412678121199269
0.0,0.15768526168803515
1.0,0.9184003178340469
1.0,0.8882471359685544
0.0,0.10382437777916981
