Actual,Predicted_Prob
1.0,0.9642010842760769
0.0,0.8417439872266629
1.0,0.6614697590741502
0.0,0.046935816410708125
1.0,0.709095075220817
0.0,0.851637855141641
1.0,0.5717324319111354
1.0,0.8775383675418047
1.0,0.5294758922339226
0.0,0.5016204693135584
1.0,0.6963766999874861
1.0,0.6828725490744642
1.0,0.9304492878460874
1.0,0.17623962759349313
1.0,0.9358165466888559
1.0,0.5083434064269104
0.0,0.4446286106754845
0.0,0.10189438952460535
1.0,0.5842632891173654
1.0,0.8822317655158688
0.0,0.5719551216232033
1.0,0.9509876900586468
0.0,0.6051728717086204
0.0,0.6045027200167067
0.0,0.8979046608696688
1.0,0.46182274373981025
0.0,0.5487243036391043
0.0,0.6082505476995397
1.0,0.6023630677117497
1.0,0.37924847576583226
0.0,0.41694099063778217
1.0,0.32919670748545915
1.0,0.6241164903801895
1.0,0.7133952418782621
1.0,0.5173155336839633
1.0,0.9685072274974571
0.0,0.1821698669010498
0.0,0.07799782591595658
1.0,0.9228231176271068
0.0,0.3986206084713737
1.0,0.5740999409773319
1.0,0.9417152009838657
0.0,0.5816913800966873
0.0,0.8235980781001544
1.0,0.7427106799588448
1.0,0.8943422346923647
0.0,0.33403575844943456
1.0,0.5995398139758041
1.0,0.8406082345244043
0.0,0.9473185135643446
1.0,0.1929089884732252
1.0,0.835141405472476
1.0,0.7927685115527415
1.0,0.6799130423519268
1.0,0.7291178300804682
1.0,0.39771298971105773
0.0,0.06105037415127877
1.0,0.6301441417041684
0.0,0.6736495365701932
1.0,0.8813301375394269
1.0,0.5850825138609528
0.0,0.09229384335787091
0.0,0.11306733496988612
1.0,0.6440156070381684
0.0,0.583360077938762
1.0,0.45815229806238955
0.0,0.13964435009169796
0.0,0.691527556252322
1.0,0.8638497841684758
1.0,0.8336422539132343
0.0,0.09979913016455697
1.0,0.5876486649698742
1.0,0.8264978234721427
0.0,0.13210360741345967
1.0,0.5437973631573959
0.0,0.7424113985081223
1.0,0.5395975599442785
1.0,0.7618938678891192
1.0,0.6200682213520381
1.0,0.8217728659393403
1.0,0.7787082292746709
0.0,0.7933027198044502
1.0,0.943015800724315
0.0,0.04148368170084358
1.0,0.5773361706287263
0.0,0.550879796717442
1.0,0.8463602996918211
0.0,0.18075136393779326
0.0,0.043487159338129945
1.0,0.2907122765173894
0.0,0.520675558783189
1.0,0.9401699191662429
0.0,0.1956390890917376
0.0,0.051879643864445255
0.0,0.2679627302398539
0.0,0.11040415553066316
1.0,0.09571866592133126
1.0,0.500943650848937
0.0,0.10014957757454881
0.0,0.05210703385113389
1.0,0.8164760282297518
0.0,0.46445841914849223
1.0,0.5929275889236356
0.0,0.19926497409748978
1.0,0.7056097170401741
1.0,0.7731564480746898
1.0,0.20664794881425402
1.0,0.8911651345047182
0.0,0.7995887745099202
1.0,0.26374532189085376
1.0,0.8421586155856353
0.0,0.13310093775408283
0.0,0.5092479932342495
1.0,0.7784120097485234
1.0,0.5362557331751037
1.0,0.818400869140661
0.0,0.10363203219571655
1.0,0.39599823510814347
1.0,0.706294756453686
0.0,0.09729584736955135
0.0,0.36596317496974745
1.0,0.9182546303067592
0.0,0.1330530826436679
1.0,0.5056552750654075
1.0,0.9379629273104604
0.0,0.41814032880801816
1.0,0.7973944391268495
0.0,0.2543575480317112
1.0,0.6907514822039049
0.0,0.6112507442700027
0.0,0.5925710677360592
0.0,0.2753768909146669
0.0,0.28870877387763544
0.0,0.10037365685757904
0.0,0.14579385779671847
0.0,0.09600634101131315
1.0,0.6782502222355151
0.0,0.30578687260483334
1.0,0.7133115518283966
0.0,0.29088059013732914
1.0,0.8250919488199646
1.0,0.7020661015858451
1.0,0.7898832953839775
1.0,0.1547392587667999
0.0,0.12718504322697635
1.0,0.953821751806055
1.0,0.6146731605455061
1.0,0.8200589551252729
1.0,0.7207594982505054
1.0,0.5249978843388398
0.0,0.18643481692111
0.0,0.4575516273768422
0.0,0.18998321926505318
0.0,0.5909093128095353
1.0,0.6607897077742378
0.0,0.4652454822334026
0.0,0.05604366897991694
1.0,0.5439770015080345
1.0,0.750806161007814
1.0,0.43623331871537163
1.0,0.9208647788558662
0.0,0.111832394624931
1.0,0.18660371691313332
1.0,0.9592834384176994
1.0,0.8873994748428558
1.0,0.751602657471352
0.0,0.5157849736165884
1.0,0.862892936074099
1.0,0.7112530042227092
0.0,0.2667891506282304
1.0,0.7926662561040229
1.0,0.17459423385130482
0.0,0.18237184980149923
1.0,0.5941935369980624
0.0,0.5049732661568257
1.0,0.4504191254612969
1.0,0.6982687979704807
0.0,0.05149561442426563
0.0,0.11656632773865264
0.0,0.1231662318810001
1.0,0.494240684917726
0.0,0.8235457448259069
1.0,0.33484235666869566
1.0,0.7148601182217444
1.0,0.7251980876933144
1.0,0.7154851261965073
0.0,0.08871465642077037
1.0,0.5893906574914614
0.0,0.5750647960593922
0.0,0.4516855878605866
0.0,0.11968057939993733
0.0,0.6718386237380959
0.0,0.1461710685114836
1.0,0.7498309067772965
1.0,0.914552034922035
1.0,0.9708353338250589
1.0,0.6446483513939978
1.0,0.7393168896767943
1.0,0.9203409861977525
1.0,0.4790666871511621
1.0,0.8037549528957395
0.0,0.020631020766205883
1.0,0.6651783634082974
1.0,0.7331159306539059
1.0,0.6916705691951436
1.0,0.09097078094690929
1.0,0.2947851838819148
1.0,0.7840786762839327
1.0,0.6610020330036885
0.0,0.25050518988815873
1.0,0.693789072375367
1.0,0.8940391444226108
0.0,0.04420400317097805
1.0,0.809688053824215
0.0,0.42015369899511557
1.0,0.6611490046217234
0.0,0.23008579623765174
0.0,0.238820852679391
1.0,0.6686061750094299
0.0,0.2100081146639463
1.0,0.32061162686361083
1.0,0.8177078300662597
0.0,0.08232761262108416
0.0,0.18913161800386763
1.0,0.7814869692262387
0.0,0.46239985115438487
0.0,0.17409591262662735
1.0,0.8396799969993106
0.0,0.21418215590774886
1.0,0.5288666905605511
0.0,0.520896805879014
0.0,0.22700215181020286
1.0,0.4691808871669876
0.0,0.5548048455562771
1.0,0.2814617893803343
0.0,0.179888430619298
1.0,0.8601661207930388
1.0,0.8288779010228131
1.0,0.867793383988405
1.0,0.20636703307565715
1.0,0.34258959483142276
0.0,0.41268374588077583
0.0,0.032304302224544085
0.0,0.17273102450456762
1.0,0.7920056278124779
1.0,0.6491228950986668
1.0,0.7725389231123432
1.0,0.8519851340544738
1.0,0.6155081698376922
1.0,0.7810992396350189
1.0,0.8795980605009743
0.0,0.07534628582480313
1.0,0.8868757553594003
1.0,0.8862437954018605
1.0,0.24613426490253137
1.0,0.6515256006035318
0.0,0.7648637007599832
1.0,0.9702445534225618
1.0,0.5431832135400505
1.0,0.5984406782869021
0.0,0.4922566423260033
0.0,0.5967509165086133
1.0,0.205656195241562
1.0,0.8302484749003328
1.0,0.35064355997536556
1.0,0.8011041304485944
1.0,0.7639709984536142
1.0,0.5080912830393467
1.0,0.8101493462764701
1.0,0.38259470684359037
1.0,0.494138837664792
1.0,0.7257042816441351
0.0,0.7870108676775899
1.0,0.27065446946867017
0.0,0.039643209146972495
1.0,0.6709081982048065
0.0,0.12901434824640887
1.0,0.43402672693069916
0.0,0.20401928081417847
0.0,0.3798321455081469
1.0,0.7429260603084489
1.0,0.796180421435243
1.0,0.20137844458174178
1.0,0.9202636107940672
1.0,0.2337051701006902
0.0,0.12473371912784248
1.0,0.7479968151741608
0.0,0.5290203737532547
1.0,0.9374648658423821
0.0,0.1132562403117241
0.0,0.7732905052632624
1.0,0.40652438540097097
1.0,0.805191899668501
0.0,0.932310383217871
1.0,0.18447042077300707
0.0,0.202900169624657
1.0,0.4929873563807658
0.0,0.2695082756494092
1.0,0.9348934182660689
1.0,0.7968501275525413
1.0,0.5533068732293779
0.0,0.06324262098557813
1.0,0.7279191651951404
1.0,0.8091440151532453
0.0,0.5179116434783696
0.0,0.10682643684171858
0.0,0.0850565301182628
0.0,0.5511487066622937
1.0,0.6024929769435831
0.0,0.02120349837938103
1.0,0.8412017043673089
0.0,0.7722291075168982
1.0,0.815959871465336
0.0,0.8292004061288637
1.0,0.861946857497261
0.0,0.16070956824166555
1.0,0.7062786620612815
0.0,0.053908189789019366
1.0,0.8389502589274425
0.0,0.6155044140402101
0.0,0.1873166166576
0.0,0.11450515513698004
0.0,0.2010815398227705
1.0,0.768987909535572
0.0,0.8015513037571717
0.0,0.1397096605969919
1.0,0.9295070980866671
1.0,0.3017917994294563
1.0,0.6658655427919121
1.0,0.9180509436948425
0.0,0.49166080907654053
0.0,0.3951868054993432
0.0,0.2523842560030156
1.0,0.6951292681627084
0.0,0.5437128615487492
0.0,0.49495052541117185
0.0,0.10081244187677321
0.0,0.08207552546595076
1.0,0.43891027687378636
0.0,0.0792366605084794
1.0,0.6922988061060357
1.0,0.8568684075089662
1.0,0.8332839802423712
1.0,0.7621644995534972
1.0,0.7872017106876125
1.0,0.7090596764117943
1.0,0.8195499908042769
0.0,0.583079734481158
1.0,0.5940931049428086
1.0,0.4064982865845635
1.0,0.7160732144982542
1.0,0.8504890110903851
1.0,0.740423966574518
0.0,0.04348597283318793
0.0,0.1078707338649915
1.0,0.8944779555615128
1.0,0.44779697482288106
1.0,0.9498757182060837
1.0,0.5911972561001914
0.0,0.7973216923475241
1.0,0.07262128015064992
1.0,0.8798146176567005
0.0,0.12439681195183354
0.0,0.592418444146341
1.0,0.8415598452602093
1.0,0.4592160130767057
1.0,0.5373748141051997
1.0,0.8923838430436681
0.0,0.22710614245529342
1.0,0.5955765423204719
0.0,0.866673181184878
1.0,0.6017412583696427
0.0,0.1311565625044016
1.0,0.5625723720803862
1.0,0.42278017915944466
1.0,0.6364244324965507
0.0,0.033421839177510224
1.0,0.6109577076257848
1.0,0.9404117334514229
0.0,0.30598474766041284
1.0,0.3495820490699579
1.0,0.8605620103746314
1.0,0.8646925446011153
1.0,0.7237988425362859
0.0,0.09698259982502924
0.0,0.05716000072685652
1.0,0.8946387648750616
0.0,0.43536062095614775
1.0,0.6177466642358747
0.0,0.0705715163682372
1.0,0.7098032524518814
1.0,0.6744421673710395
1.0,0.639261339652811
0.0,0.7087783245297328
1.0,0.7214531945868167
0.0,0.21336896773537894
0.0,0.06112391741752761
0.0,0.3233720925985909
1.0,0.916166032511522
0.0,0.052060390881339444
0.0,0.14241460675191592
1.0,0.7867656028061053
0.0,0.17993882066400602
0.0,0.10844735608652803
0.0,0.38492181550309257
0.0,0.04011863705161335
0.0,0.2531520108584913
0.0,0.10647459737961093
1.0,0.9060495965136031
0.0,0.5008124849242007
1.0,0.5992803488771283
1.0,0.845783168549705
1.0,0.5421635411110877
0.0,0.13618800372130932
0.0,0.14318665530561228
1.0,0.7831235943080338
0.0,0.9848834793003995
0.0,0.3696685523708041
1.0,0.7289612066344615
0.0,0.16670267784404003
0.0,0.39723670329755556
0.0,0.18775123815465128
1.0,0.9418668498383477
0.0,0.2180277896329968
0.0,0.02407923317204581
1.0,0.6596873757223753
1.0,0.8082539295900976
0.0,0.4993460305160161
0.0,0.2540028372665135
0.0,0.20857185519713167
1.0,0.38498169813730543
1.0,0.8619937315075731
1.0,0.5969875630563473
1.0,0.7797379496842487
1.0,0.1772538570915894
0.0,0.17574883181040463
0.0,0.1332877963157368
0.0,0.7875832339364401
0.0,0.4785137858149742
1.0,0.9258504585773863
0.0,0.23010011553463933
0.0,0.5489211615002839
1.0,0.9021965662811077
0.0,0.03127470381988555
1.0,0.303619450845432
0.0,0.7849921385113899
0.0,0.5977844174665101
0.0,0.7198458520450873
0.0,0.5608348264543748
1.0,0.5879013578796906
0.0,0.08805891785451278
1.0,0.6773007487924002
1.0,0.7665720488479753
1.0,0.8987769115651185
0.0,0.8441224309025408
0.0,0.41867478881710773
0.0,0.05015912849163736
1.0,0.7160816692603199
0.0,0.6738258179544329
1.0,0.8802603564939316
1.0,0.3988464337762664
1.0,0.7458714118222021
0.0,0.1972195749693136
1.0,0.9274318304757841
1.0,0.7471441250326427
0.0,0.348864418947854
1.0,0.8221280497443741
1.0,0.23053068256965675
0.0,0.6698761452301307
1.0,0.9233280916039591
0.0,0.6387209093211641
0.0,0.11808169602832144
0.0,0.45949379863355666
0.0,0.06136211996384187
0.0,0.1943236443548469
1.0,0.6091735745825576
1.0,0.593198250677967
0.0,0.3640751532243295
0.0,0.562998933006569
0.0,0.13549349962514545
1.0,0.7460217493663828
1.0,0.8643990909302159
1.0,0.8371810135127411
1.0,0.37657514229892847
1.0,0.9274597559682054
1.0,0.819996694824067
0.0,0.07844006280919377
1.0,0.6938379854909861
0.0,0.5486678076085509
1.0,0.27336909587661695
1.0,0.6983023411282858
0.0,0.19566105242454152
0.0,0.4656523968422041
1.0,0.35057250523297
0.0,0.5221669719259523
0.0,0.8205448382208645
0.0,0.24580024248644458
1.0,0.4204902674852595
0.0,0.14565106353986182
0.0,0.45438265694470337
1.0,0.3199379121553146
1.0,0.42660387911624975
0.0,0.2852639604655375
0.0,0.14425754962989554
1.0,0.8499779231777633
1.0,0.3674068209207323
0.0,0.3503611362667917
1.0,0.7442348120665209
1.0,0.4618618714947954
1.0,0.773779916845471
1.0,0.8006764779040253
0.0,0.20045573237315475
1.0,0.3996196364863876
0.0,0.5530432580531188
1.0,0.7957518495576592
0.0,0.15447901907295314
0.0,0.21195456089411885
1.0,0.6840677687303443
1.0,0.8722361785253661
1.0,0.505917095882064
1.0,0.9655036739000853
0.0,0.7555403814670756
1.0,0.8168819485969362
0.0,0.6979742194304995
1.0,0.8586256802323071
1.0,0.6288324679944048
1.0,0.6128212504609992
1.0,0.7886930900218825
0.0,0.06508081951804139
1.0,0.94207951529233
0.0,0.10346842075289811
0.0,0.12542166151735296
1.0,0.28517711358691405
1.0,0.4953659838913803
1.0,0.7020072920718855
0.0,0.15387041735933937
1.0,0.915208096560276
0.0,0.3706878038465119
1.0,0.9316182246196885
1.0,0.7041439445640482
0.0,0.3313866051554724
1.0,0.4291251065042488
0.0,0.25951795677268774
0.0,0.2762510637919744
1.0,0.795225915023488
1.0,0.5245171637953188
1.0,0.8920532094012353
1.0,0.3703550822304164
0.0,0.4428619001684053
1.0,0.8843940110109877
0.0,0.021364625983185153
0.0,0.4353508499257755
1.0,0.26391096083510285
1.0,0.475775054620233
1.0,0.3723126807789928
1.0,0.501659539433531
1.0,0.7583786132498653
1.0,0.6446714831523503
0.0,0.18988251338218398
0.0,0.19001977978602208
0.0,0.35163292797339646
1.0,0.4884200309572074
1.0,0.8694627118283235
1.0,0.9424487744379471
0.0,0.20935330992975026
0.0,0.7969051734120447
0.0,0.18667715593596554
0.0,0.058315635417910947
1.0,0.7142326695619255
0.0,0.48577749026143946
1.0,0.758777277873319
1.0,0.5902378240043826
0.0,0.28815728969336724
1.0,0.502350969891469
0.0,0.5397367969368447
0.0,0.028646409270203076
1.0,0.933711432832973
1.0,0.9335895190210222
1.0,0.830872911958067
0.0,0.6766537606344383
0.0,0.48140728924721393
1.0,0.5176224051715319
1.0,0.9512310538452503
0.0,0.16712608792644984
0.0,0.12032976786984531
0.0,0.022887522247949724
1.0,0.966639865287813
0.0,0.1160808079140814
1.0,0.43815017152088637
1.0,0.7023226731729981
1.0,0.8858497875915529
1.0,0.41277802071677827
1.0,0.6567883718342081
1.0,0.3906655651755401
0.0,0.32173029349356874
0.0,0.5558890585637031
1.0,0.7858510629126287
1.0,0.16724269436135675
0.0,0.7478209860744263
0.0,0.45848716788655997
0.0,0.263544044852914
0.0,0.6403644830490572
1.0,0.20423560709874639
0.0,0.03863699240868191
0.0,0.5203205182359301
1.0,0.7540448169745658
0.0,0.07531019554403463
1.0,0.25666393893358863
0.0,0.047343104846139225
1.0,0.9285193059128319
1.0,0.4047438641728432
1.0,0.6032472605372157
1.0,0.8515666617327782
0.0,0.3489175842796944
1.0,0.6139425422270065
1.0,0.6200913442393517
1.0,0.631254278318201
1.0,0.8964250938928723
0.0,0.3511294186773732
1.0,0.6090604816233725
1.0,0.7267362664367851
0.0,0.17515118862519116
1.0,0.8143888784468614
0.0,0.3487078223960419
1.0,0.2136269241526855
1.0,0.598918599759895
0.0,0.10399856056582228
0.0,0.016697725736137446
1.0,0.6205451976109214
1.0,0.2566020113712225
1.0,0.7095053602532455
1.0,0.31466708283088557
1.0,0.6982654926265353
1.0,0.20421155073082167
1.0,0.5746336383533881
0.0,0.7009928016479512
1.0,0.2700857319245837
0.0,0.628258347713719
0.0,0.878234639942139
0.0,0.6910457413345485
0.0,0.3083304629780135
1.0,0.9503223342330465
1.0,0.8234063555962126
1.0,0.4021789576099063
0.0,0.3916935190624094
0.0,0.131785283956915
1.0,0.44402160035572324
1.0,0.7236319955684319
0.0,0.690332285571691
0.0,0.23222699530358412
0.0,0.06264193794048925
0.0,0.5915402109090445
0.0,0.4609288545258588
0.0,0.0731277283610956
0.0,0.19615191886132102
1.0,0.8992899718044969
0.0,0.24820125972660056
1.0,0.7536310158627921
1.0,0.9076466828659893
1.0,0.6181199637114082
0.0,0.7216291190666693
0.0,0.11044654718708222
1.0,0.6879992567901159
0.0,0.11150703332426733
1.0,0.8166621177855389
1.0,0.7106855611906446
0.0,0.09967377020464012
1.0,0.3003316626232548
0.0,0.1467616499617227
0.0,0.17385512883132406
0.0,0.05503266977556505
0.0,0.8350202106478314
0.0,0.6626894014516785
1.0,0.5452985807258148
1.0,0.31245806860213604
0.0,0.5674853400666652
1.0,0.6151415340473747
0.0,0.5638983606407502
0.0,0.13954667725304176
0.0,0.45875321309177536
1.0,0.6821284662475534
0.0,0.09519571714156874
0.0,0.07440268722468896
0.0,0.4125420089138114
0.0,0.23425611483756487
1.0,0.6200998089120454
1.0,0.8250626325321173
1.0,0.909565439934221
1.0,0.7378061390089069
1.0,0.6207598320852477
1.0,0.548431711847146
1.0,0.48364716001328345
0.0,0.381435552566147
1.0,0.48398910474455487
0.0,0.08718426090688616
0.0,0.2910785642090014
0.0,0.6370996304154974
1.0,0.7417082064826375
0.0,0.2901649795469649
0.0,0.03901155266409477
0.0,0.31179537495181026
1.0,0.9300355617417392
1.0,0.6060675181749291
1.0,0.8060959738595399
1.0,0.32266219756656656
0.0,0.23471840521670898
0.0,0.21175281585343214
0.0,0.13118437763595175
1.0,0.8933575963855086
1.0,0.898220729186922
1.0,0.6174803816940709
0.0,0.12769810709271423
0.0,0.13562176425473038
1.0,0.46885248582084715
1.0,0.6865550188212054
1.0,0.5388711060242762
1.0,0.9384474989315409
0.0,0.2184535193299369
0.0,0.6168640235808328
0.0,0.11439841193811048
0.0,0.08161787311831654
1.0,0.5671999944999327
0.0,0.018216491886404344
0.0,0.11016725393031775
0.0,0.12295030389704567
0.0,0.29221190251793827
1.0,0.40499326417977255
1.0,0.5952692222738512
1.0,0.950807083625552
0.0,0.48664928793717765
0.0,0.525829029421354
0.0,0.05617916504975858
1.0,0.837670657433964
1.0,0.7784813977446781
0.0,0.3917744390483353
1.0,0.6831510976201354
1.0,0.6581722863835415
1.0,0.22028947836176083
1.0,0.5006716857925583
0.0,0.8661389029311323
1.0,0.638495003311704
1.0,0.1491004808030242
1.0,0.9368296905667236
0.0,0.06181965207937845
1.0,0.33372508090220837
1.0,0.536765847845933
1.0,0.9078349345918625
1.0,0.5459049719103982
1.0,0.4895363064888646
1.0,0.17326824413983538
1.0,0.12267654137215225
0.0,0.8208093445568846
1.0,0.6415646791293039
0.0,0.27258324032867054
0.0,0.21028618914464464
1.0,0.554666600596396
1.0,0.8246933933505805
1.0,0.3896956908652379
0.0,0.22149756990664882
1.0,0.5862488296885903
0.0,0.3166332276474905
1.0,0.5170936222662206
1.0,0.4623142358397162
1.0,0.2746618588564428
1.0,0.5213902222558051
1.0,0.924413624080127
1.0,0.20405949145246308
0.0,0.38643168088657454
0.0,0.6100584641681024
0.0,0.30224918565955744
1.0,0.45045026302778474
1.0,0.8479421472184399
0.0,0.4683421680875085
0.0,0.06825704613458206
1.0,0.822477757017058
0.0,0.16992652510299439
1.0,0.7728637291392114
1.0,0.5882717164173268
0.0,0.6593279398975993
1.0,0.8040206595767586
0.0,0.39691921886653725
0.0,0.6100197269515798
1.0,0.9018351987844027
0.0,0.4836620350486812
0.0,0.6434892252216116
1.0,0.78312300172292
0.0,0.2846263035394282
0.0,0.022033973885423906
0.0,0.45342502084219866
1.0,0.9404798970815662
0.0,0.15277820832278227
0.0,0.5230938718550486
1.0,0.2581816094963588
1.0,0.5747301512535524
1.0,0.8554774875204633
1.0,0.8102792372968508
0.0,0.414179662069279
1.0,0.9230677589744289
1.0,0.4472064735608784
1.0,0.5330951957262977
0.0,0.7001966424696248
0.0,0.5067186887177382
0.0,0.3757634196173315
0.0,0.13525547053425185
1.0,0.8726679064881525
0.0,0.2394697409247048
1.0,0.6234270550190232
1.0,0.6680157283350269
0.0,0.1544760356974055
1.0,0.7959059070849539
0.0,0.04256749896432163
0.0,0.206182781479085
0.0,0.8622991249451486
1.0,0.8553590100872894
0.0,0.20768949238179418
1.0,0.832592643996722
1.0,0.8240677560150969
1.0,0.05382661955947512
0.0,0.5640950688461135
0.0,0.35643356174271706
0.0,0.047343104846139225
1.0,0.7241842447856099
0.0,0.5471192462797855
1.0,0.6152427283633666
1.0,0.6260826538015418
0.0,0.37451919079632867
0.0,0.17596469423834232
1.0,0.828797981437773
1.0,0.16203282442951242
1.0,0.7843775965129558
0.0,0.4396671365159322
1.0,0.84049792217359
1.0,0.5117579962765009
1.0,0.7652345504354175
1.0,0.7053825150839348
0.0,0.1232428949327344
0.0,0.3550077993584827
1.0,0.7407876794988699
1.0,0.408935594922302
1.0,0.8985498032144988
0.0,0.539555819106653
1.0,0.9740664460970235
1.0,0.967992112675816
0.0,0.21007041034687832
1.0,0.44218769837672955
1.0,0.5770385164717843
1.0,0.6885067848893268
1.0,0.6143926209675408
0.0,0.7705780526510801
1.0,0.8256258669557326
1.0,0.5085099234743138
0.0,0.1064993248191592
1.0,0.6676462650018425
1.0,0.6189478379546541
0.0,0.5578341608591185
0.0,0.7027390808409568
1.0,0.8388075409451308
1.0,0.8831283313591982
1.0,0.42326717317699025
0.0,0.4131590517309961
1.0,0.8489074942879313
1.0,0.7687439828053376
1.0,0.18868951168604847
0.0,0.17537294494737368
0.0,0.2588448002894914
0.0,0.10392682908788997
1.0,0.559271084231513
1.0,0.42265480110191656
1.0,0.8947707652598467
0.0,0.8822427741984908
0.0,0.7962101901745614
0.0,0.6389595010265428
1.0,0.7220028479892745
0.0,0.0920621059920912
1.0,0.850415198736618
0.0,0.926683376949585
0.0,0.425412128575108
0.0,0.08003858289177809
0.0,0.31826332089735987
0.0,0.14804364371131148
0.0,0.09787014976666374
0.0,0.09504154489315916
0.0,0.1478673693166995
0.0,0.0175959624641606
0.0,0.045378591205588736
0.0,0.1387768245876819
0.0,0.23465882569952806
1.0,0.932347586543736
0.0,0.06855451401464142
1.0,0.8276074504494904
0.0,0.6616839350581799
1.0,0.5840505386988817
1.0,0.6651601541294834
1.0,0.9184262964911516
0.0,0.09824588936124552
0.0,0.7942130496525296
0.0,0.17153549727779605
1.0,0.43481261367056473
1.0,0.387018393077566
0.0,0.09436844094354387
0.0,0.7510340255542655
0.0,0.6707196294993144
0.0,0.1357886582721744
0.0,0.09386481379772049
1.0,0.6514141537598521
0.0,0.27845294733804415
0.0,0.29978224276317
0.0,0.7609162089907413
0.0,0.2529090655643847
0.0,0.6816600127678092
1.0,0.6659300181877891
0.0,0.4915645032696693
1.0,0.4879388962009674
0.0,0.41680559694723673
0.0,0.1476570855841839
1.0,0.9106642889419649
0.0,0.24427348958434042
1.0,0.7622595432631021
0.0,0.3647565273043418
1.0,0.8227586384510902
1.0,0.654287350197216
1.0,0.731797706324843
0.0,0.12739673783862585
1.0,0.6219139202677576
0.0,0.06813174806983671
1.0,0.7296460628926027
0.0,0.025630859408921826
0.0,0.4996157292875624
1.0,0.6708018725574247
1.0,0.8695008944755303
1.0,0.7803633511244492
1.0,0.5518352182249715
0.0,0.19871118094310664
0.0,0.2012754087039203
1.0,0.9715016150689546
0.0,0.19753885554790807
0.0,0.17893872042060346
1.0,0.8572108478241087
0.0,0.5455920619183889
0.0,0.19371960689323206
1.0,0.5273904861152634
0.0,0.2702971190047879
1.0,0.893011580704678
0.0,0.08117058530025963
1.0,0.8748791102897059
0.0,0.4524020515436886
1.0,0.40054025762225115
1.0,0.7117049254370604
0.0,0.20795980975222056
1.0,0.6383877304896391
1.0,0.7650379386360762
1.0,0.37660419333438055
0.0,0.16749123355852258
0.0,0.7874241036943083
1.0,0.43276529936271907
1.0,0.7815765199410244
1.0,0.9044107680096527
0.0,0.6986577902417634
0.0,0.1365183955878655
1.0,0.4602491050574445
0.0,0.18880013797209994
0.0,0.6533937440113682
0.0,0.32839888745470364
1.0,0.5908561051076915
1.0,0.6443618659971345
1.0,0.6655701750924892
0.0,0.06635292366329622
1.0,0.7891137525134709
0.0,0.6530662332592773
1.0,0.3534605371531743
0.0,0.5359385744479598
0.0,0.4113710501231928
1.0,0.423300398931168
0.0,0.7693667893893426
1.0,0.5235816146217432
1.0,0.8540032040978497
1.0,0.8889269165547791
1.0,0.3998677642087933
0.0,0.8435938859829808
0.0,0.5416605836468433
1.0,0.28360124708693474
1.0,0.2715768724822256
1.0,0.9011341844947361
1.0,0.817921229198876
0.0,0.47526533688580697
1.0,0.40797767082851627
0.0,0.01021470500525481
1.0,0.29825963580550596
1.0,0.7402040374413875
1.0,0.6955278148537554
1.0,0.6156983723854259
0.0,0.6059314779606495
0.0,0.7416348777478723
0.0,0.40217440758059525
1.0,0.7475967904768688
0.0,0.24492703552780934
0.0,0.3174507963138333
1.0,0.8154838185623723
1.0,0.3838955768012523
0.0,0.24361053411392158
1.0,0.9038388363155538
1.0,0.7885174005666554
0.0,0.7356597840221695
0.0,0.05015912849163736
1.0,0.8381668830250468
0.0,0.6844628268140188
1.0,0.32507285939917085
0.0,0.6674276469316565
1.0,0.7886299850909448
0.0,0.44942106946695964
0.0,0.20795714944654806
0.0,0.3436488639293043
1.0,0.5902512365576424
1.0,0.7315757576920445
1.0,0.5281937216670103
0.0,0.07428143223539097
1.0,0.3657801834864446
1.0,0.7434618273335987
1.0,0.5408492557127326
0.0,0.06335174898983173
1.0,0.8692116782519091
1.0,0.6085792702419838
1.0,0.9093753998634565
0.0,0.6662525585993513
1.0,0.9333992654447508
1.0,0.8127745930571322
1.0,0.6426287790119741
1.0,0.6578276831567036
1.0,0.6498493295464203
0.0,0.15414354996525675
1.0,0.6666590867422024
0.0,0.3501137495421337
1.0,0.8009528608990418
0.0,0.9201027926494509
0.0,0.18939927917451946
0.0,0.343635952172882
1.0,0.28383147207316445
1.0,0.6695275879238118
0.0,0.17835018720793866
0.0,0.10133066851681312
0.0,0.24835163904937607
1.0,0.8722573487706973
1.0,0.6617822326069288
1.0,0.7887837978019732
0.0,0.48287569986700163
1.0,0.6461314376355065
1.0,0.8067103769945605
0.0,0.7202683768470421
0.0,0.020476947028091597
1.0,0.19682046484172172
0.0,0.9046984549170636
1.0,0.7808747610712277
1.0,0.7578550828704225
0.0,0.15107270283226396
0.0,0.6080395991742288
1.0,0.3880741564762534
1.0,0.7728534861419517
0.0,0.9093577914181823
0.0,0.29087776266077975
1.0,0.6582159616677019
1.0,0.6146019401208694
1.0,0.12485223635009164
1.0,0.4138583661231241
1.0,0.6913839774085896
1.0,0.6735349000900126
1.0,0.9053946540359752
1.0,0.8818643139410673
0.0,0.11205230221511116
0.0,0.11124550949562992
1.0,0.396507839659029
1.0,0.270880202740689
1.0,0.804265377265102
0.0,0.1283634167014995
1.0,0.8849518359700209
0.0,0.43514335748491834
0.0,0.42822576102177967
1.0,0.7588333767988338
1.0,0.691945976396307
0.0,0.09382127851828864
0.0,0.18480561158090608
0.0,0.5336536299841447
1.0,0.7079357927175927
0.0,0.13755947969637947
0.0,0.4860382469320491
0.0,0.3196092071687233
1.0,0.2343067176947879
0.0,0.33208767901419983
0.0,0.4301320001265626
0.0,0.07973205991266913
0.0,0.5346840883483525
0.0,0.024595858666305693
0.0,0.06899597940542554
0.0,0.3436703906718197
1.0,0.5525052553033831
1.0,0.8752011327705072
0.0,0.6723696472009293
1.0,0.8777420390560936
0.0,0.5885312044249182
0.0,0.9332309948263214
1.0,0.7725783746762243
1.0,0.6948783661992989
0.0,0.25538952041835605
1.0,0.7196273460225695
1.0,0.5181060142097866
0.0,0.803489088758641
0.0,0.19156023717360623
0.0,0.6042673533288314
0.0,0.0760963286906832
0.0,0.3760975676495336
1.0,0.4968960524639643
0.0,0.15014282208821927
0.0,0.7418597684774948
1.0,0.7460855830183125
0.0,0.6417304001156696
0.0,0.11013253706649917
1.0,0.8142010592627231
1.0,0.8864996551668767
0.0,0.23299608322634574
0.0,0.4631056273480535
0.0,0.40425308812751337
0.0,0.41339871503769865
1.0,0.8510171090206775
1.0,0.860284333609477
0.0,0.13746472596191828
1.0,0.677735343638743
1.0,0.8295379905953872
0.0,0.559449797802599
1.0,0.9037538284800988
1.0,0.9134394393714385
1.0,0.23073815911065418
1.0,0.7264092168099149
0.0,0.19146467850848542
1.0,0.9772880723654473
1.0,0.6935425836775478
0.0,0.537654247639094
1.0,0.7106621338718808
0.0,0.06464172831826223
0.0,0.09448268240583049
0.0,0.5093836662567138
1.0,0.4888764831135514
1.0,0.5576606041162331
0.0,0.43670228932122274
0.0,0.18775123815465128
0.0,0.14264151534933522
1.0,0.14504216059196845
1.0,0.79972726122934
0.0,0.14242584733564836
1.0,0.8703896652246929
0.0,0.5734920092501954
0.0,0.2205753324733526
0.0,0.35982821711075164
1.0,0.33641607636407517
0.0,0.04481427928481897
0.0,0.5056809838400472
0.0,0.06788171499349335
0.0,0.06347027931185191
0.0,0.5516139485334375
0.0,0.1417317503825553
1.0,0.863318868145593
0.0,0.18746947333474967
1.0,0.5096830108538326
0.0,0.15673226235162127
0.0,0.15673308320324836
1.0,0.7059099730194858
0.0,0.3536517170257689
1.0,0.5112164421877775
0.0,0.05877834140508661
0.0,0.1254205727637545
0.0,0.16478577691072938
0.0,0.6895267736534577
1.0,0.9191291034081521
0.0,0.10555042655681687
0.0,0.18655768482899643
1.0,0.35574120091721423
1.0,0.8125951299272464
0.0,0.5005804015999471
0.0,0.08679663457400319
1.0,0.2486098632774898
0.0,0.031487778047699644
0.0,0.23445537511440145
1.0,0.7716437119050112
1.0,0.8329535814818761
0.0,0.12819850462740554
1.0,0.10638249205562422
1.0,0.8860444556275094
0.0,0.1781951662933465
1.0,0.45948509051216907
1.0,0.775252389779931
0.0,0.2469178644099294
0.0,0.1811645356521573
1.0,0.5641770582347557
1.0,0.25798045571937406
0.0,0.8897636589448874
1.0,0.6079839322531362
0.0,0.044821445361965875
0.0,0.5500710942255562
0.0,0.3365397544206309
0.0,0.09233775752771105
0.0,0.10686821593729542
1.0,0.6999662616579944
0.0,0.08777756278598212
1.0,0.6068032170225899
1.0,0.35238688190616085
1.0,0.645560554724196
0.0,0.051211745232660144
0.0,0.08671112197875293
0.0,0.16136963668674595
0.0,0.08261152003250355
1.0,0.31371519036752143
0.0,0.6556245790757023
0.0,0.1232921827422639
0.0,0.5575894260933892
1.0,0.6096508671686958
0.0,0.05210028176670263
1.0,0.7212644733376193
0.0,0.801036427479206
1.0,0.7277740443616496
1.0,0.8854108153115187
1.0,0.8621720106650947
1.0,0.2112759000894871
0.0,0.2512405932632852
1.0,0.8310340994047627
0.0,0.4955192729937101
1.0,0.25046279105671043
1.0,0.5634891786383541
0.0,0.33651496962555366
0.0,0.04526833326120454
0.0,0.6797692268181517
0.0,0.08859886634145955
1.0,0.5101904762278864
0.0,0.2741127021675914
0.0,0.24854772641162545
1.0,0.6298286675095615
1.0,0.3470922175299531
1.0,0.6665564326992113
1.0,0.5001207676757209
1.0,0.8983814695146972
1.0,0.9310983230375885
1.0,0.7691936450623817
1.0,0.9356465006609666
0.0,0.7027487175426255
0.0,0.06136818159573276
0.0,0.1133900654772531
0.0,0.10066147401863419
0.0,0.8495138209268278
1.0,0.6420558423601042
0.0,0.03285134475057908
1.0,0.7956426654903029
0.0,0.649715084202504
1.0,0.6441198110745104
0.0,0.32135961903972554
0.0,0.11951940721250123
0.0,0.4054308710070729
0.0,0.8999999230291247
1.0,0.8689308588754603
1.0,0.5695393004714876
1.0,0.6408180278480052
1.0,0.8390120615689269
1.0,0.8989638497850745
1.0,0.647608885562944
1.0,0.8108636953932201
0.0,0.09382512691561543
1.0,0.7548872432006102
1.0,0.6408453173964855
1.0,0.6423290141754748
1.0,0.5535088797708125
0.0,0.16626773749357107
0.0,0.13073186904268203
1.0,0.9505888574516883
0.0,0.059109922536102796
1.0,0.45589078619018214
0.0,0.35984350785168023
1.0,0.16030685350649643
1.0,0.5643658287883093
1.0,0.7650876401495676
0.0,0.06130030385652392
0.0,0.4849185166059957
1.0,0.7233519505623826
1.0,0.4119299112176251
1.0,0.9516532074959935
0.0,0.6078743461257723
0.0,0.23686846448072046
0.0,0.34758623303347363
0.0,0.1300236842526944
0.0,0.6910788576726115
0.0,0.12083942515742141
0.0,0.3516451736392232
0.0,0.7663012530776242
1.0,0.4549719102711485
1.0,0.36814539080458564
1.0,0.6182950154096364
0.0,0.21856125506772212
0.0,0.03399887009744893
1.0,0.9481696573891645
1.0,0.8836835749037375
0.0,0.07949834828291909
1.0,0.7733763780140508
0.0,0.10271723067689195
1.0,0.9039865499036681
0.0,0.6648206145507018
1.0,0.6764363128476968
0.0,0.15812868480350623
1.0,0.7399039958962608
0.0,0.2644997660329486
0.0,0.5079473719889774
1.0,0.7461957547317043
1.0,0.9159916623160063
1.0,0.7511455090343785
0.0,0.10893663160206109
0.0,0.14158079813118007
0.0,0.047326531193200044
0.0,0.23701927415384222
0.0,0.05062748951668775
1.0,0.5003535065144658
1.0,0.7100612613980835
1.0,0.20653889132169553
1.0,0.7061966620800852
1.0,0.6884865516871904
1.0,0.9237293602886428
0.0,0.45111534020326605
1.0,0.21607724081938873
1.0,0.3964254384996345
0.0,0.1686856051713539
1.0,0.4361526472293164
0.0,0.24957780792641496
1.0,0.9751617643172464
0.0,0.04169531091070755
1.0,0.6725375262856332
1.0,0.3877172792479703
0.0,0.36632995075635383
0.0,0.39999560369003145
0.0,0.08235692167822435
1.0,0.8794768437612832
0.0,0.623819092005774
1.0,0.7663347820659006
1.0,0.35191908600339816
0.0,0.8261321513271135
1.0,0.9768126864730586
0.0,0.41783363061735806
0.0,0.13377958303531198
0.0,0.07792326596432209
1.0,0.6124434396739085
1.0,0.9435068658040248
0.0,0.025630859408921826
0.0,0.29721336741459703
1.0,0.8703970081742659
1.0,0.885824004210399
1.0,0.6870326868239618
1.0,0.46831082116750117
0.0,0.08781781921570556
0.0,0.4788024556039221
0.0,0.34012484879313737
1.0,0.8071337071646113
0.0,0.36228912246625444
0.0,0.07996468527049701
1.0,0.6532444133053195
0.0,0.8581053436420388
1.0,0.7844749245681073
0.0,0.35204315609828607
0.0,0.26384273161074817
0.0,0.23801630286168668
0.0,0.8772077520976277
0.0,0.1355328889509603
0.0,0.9768411275485877
0.0,0.5421888840064512
1.0,0.9092045350378477
0.0,0.053693626715263496
1.0,0.8566480183690987
1.0,0.8939875838952893
0.0,0.1418404520721841
0.0,0.12463899493761574
0.0,0.06288941814823186
1.0,0.7161316613317543
1.0,0.8040615382133358
1.0,0.75782770305471
0.0,0.8832194905922977
0.0,0.4693664914129906
0.0,0.0868238937884136
0.0,0.35338928668116515
0.0,0.21610024402343458
1.0,0.5085129324975692
0.0,0.20914930767161968
1.0,0.5665059061593235
1.0,0.8090215651349922
1.0,0.9762610350730432
1.0,0.8232893474022752
0.0,0.5882343118412322
1.0,0.9724208656756943
1.0,0.6376016677606594
1.0,0.34877992139566766
1.0,0.854167431710952
1.0,0.24124911671992474
1.0,0.510006410542925
0.0,0.3292696926183455
1.0,0.3164545099079298
1.0,0.9312104565179331
0.0,0.20898238579077816
1.0,0.6871367232884463
1.0,0.48462385163772337
0.0,0.5122720270236478
1.0,0.8923822012928658
0.0,0.031108261629703975
1.0,0.28481506403462997
1.0,0.8643479371756664
1.0,0.7060860830679859
0.0,0.400674049381706
0.0,0.6468553807540007
1.0,0.4152452551200373
1.0,0.7378090623700353
1.0,0.8161135701402819
1.0,0.42181901823365875
0.0,0.02218656409835989
1.0,0.42591885543231395
0.0,0.18482405396541401
0.0,0.07378497233384007
0.0,0.08321989257979452
1.0,0.8819545912637865
1.0,0.20129455208261798
0.0,0.37850720137522925
1.0,0.3312547653990175
0.0,0.8438355214802961
1.0,0.5361698413160472
1.0,0.8547259653645327
0.0,0.18044380456058356
1.0,0.8290654086997536
1.0,0.33997850974526544
1.0,0.7117189282826893
1.0,0.7398558406154416
1.0,0.7735360272816423
0.0,0.16261898688026846
1.0,0.8404907355227976
0.0,0.3852562137178114
1.0,0.851811358464382
0.0,0.15690594080733894
0.0,0.3190225629408727
1.0,0.8098735404038996
1.0,0.1346024200082533
0.0,0.3207484522448487
1.0,0.97933055410845
0.0,0.5460697292571429
1.0,0.7140040459178195
0.0,0.5180647188348625
0.0,0.8860180048647223
0.0,0.9061008175809884
1.0,0.3835435317617074
1.0,0.3021237890686083
0.0,0.08784465800158567
0.0,0.012084247703291017
0.0,0.33173980714148055
0.0,0.05590778866011359
0.0,0.3412671976268043
0.0,0.2591283420112772
0.0,0.06396250298669345
1.0,0.9437252140133158
1.0,0.510839156622146
0.0,0.2066459893000705
0.0,0.9597265753002062
0.0,0.08304230094893346
1.0,0.9649963210567648
0.0,0.35278227006164836
0.0,0.2306669408114545
0.0,0.06111247392486724
1.0,0.8997077183951498
1.0,0.8866083608571159
1.0,0.9085549453093957
1.0,0.6383974759801454
0.0,0.10614742013856109
1.0,0.7442594428296092
1.0,0.5541968444565224
0.0,0.824718333679541
0.0,0.8471444726303015
1.0,0.284643213025468
1.0,0.7950638773440725
1.0,0.7010982604530505
0.0,0.22735995805518053
1.0,0.8842483809737203
1.0,0.988922265412597
1.0,0.7955757758553059
1.0,0.38608282314127995
0.0,0.3109346268016431
1.0,0.7652174755017471
1.0,0.5300060174357573
0.0,0.5947524033681291
0.0,0.19635145987886868
1.0,0.9296725377330384
1.0,0.8921049282193977
0.0,0.040601317848222976
1.0,0.6590424421888004
1.0,0.7716453114426922
1.0,0.8954054825863373
0.0,0.4345691864532123
1.0,0.7484596394359642
0.0,0.21418630551049683
1.0,0.9332902427812317
1.0,0.7640093179228293
1.0,0.7507033820687616
1.0,0.6852609220383379
1.0,0.8108681239507828
0.0,0.29347801375492166
1.0,0.3253138022890082
0.0,0.5223059378353108
1.0,0.8813760618578845
1.0,0.5593028528002291
1.0,0.4754829781671173
1.0,0.2674068117953108
1.0,0.20506723367094878
1.0,0.9644107822150387
1.0,0.7049036220252721
1.0,0.9195773654086933
1.0,0.8737250761078676
1.0,0.7465311862889182
0.0,0.5991918713791076
1.0,0.9276906418018473
0.0,0.20358943155026946
1.0,0.24750034399040888
1.0,0.8170442345999266
0.0,0.379016799133815
1.0,0.39601021617098475
1.0,0.8420527076244205
0.0,0.08225362855127981
1.0,0.900715536241721
0.0,0.21433419751598742
0.0,0.04902134765390615
1.0,0.9435336981327893
0.0,0.033730410005859274
1.0,0.7033705330169019
0.0,0.6265805745205288
0.0,0.04008909447995657
0.0,0.5633872459584844
1.0,0.5690948290466412
1.0,0.8173525012771428
1.0,0.8218253133201412
0.0,0.7464133138473663
0.0,0.6251797366885776
1.0,0.840706773094344
0.0,0.3929509447397912
1.0,0.3488525784869679
1.0,0.3866952404576471
1.0,0.5489873761341273
1.0,0.7530958890765501
1.0,0.809082183188036
0.0,0.12069975722890273
0.0,0.5616430657354765
0.0,0.04091050808546315
1.0,0.5596790074317755
1.0,0.8929276980779746
1.0,0.643256905854072
0.0,0.3991043492576069
1.0,0.8560123491180398
0.0,0.15136367198609074
1.0,0.7117941827711272
0.0,0.11595168678904881
0.0,0.7904065624059251
0.0,0.1506472385074464
1.0,0.3538793703906399
0.0,0.29661972623932764
1.0,0.8689740101702987
0.0,0.06523769451499134
0.0,0.3512332755518667
0.0,0.037161028674018284
0.0,0.10999620396896634
0.0,0.4106365321215025
1.0,0.9249496212811626
0.0,0.02516537852417212
0.0,0.04972757842836985
1.0,0.6793548028799561
0.0,0.5110912891147164
1.0,0.8539710934998599
0.0,0.1868980269634759
0.0,0.1535934404370697
0.0,0.7795293449844631
0.0,0.7220733116806558
0.0,0.11196936990037865
0.0,0.3970999963592551
1.0,0.6212629478513746
0.0,0.3592382272221864
0.0,0.030416392340719613
1.0,0.6544102377460387
0.0,0.02063226610683954
0.0,0.4396742054653731
1.0,0.4286247194974255
1.0,0.8469967963663105
0.0,0.1851575788640628
0.0,0.36665491239718495
1.0,0.8924582661430414
0.0,0.6039080072558997
0.0,0.6952266882918562
0.0,0.16070107222688645
1.0,0.19845414290449245
1.0,0.8658078745879889
1.0,0.9118000174155266
1.0,0.9197494606629164
1.0,0.6753613023941177
1.0,0.9960886589801111
1.0,0.5567093065660188
1.0,0.5763163480213032
0.0,0.8473662969772553
1.0,0.49156119205265575
1.0,0.4249664666926982
0.0,0.5170008998990927
0.0,0.6585715262258849
1.0,0.6852230567406229
0.0,0.09113611365032356
1.0,0.6351664860899207
1.0,0.6055787178461821
0.0,0.38112699653074195
1.0,0.6783227764648727
0.0,0.1241155060718359
1.0,0.7346252255418936
0.0,0.21800976269081945
1.0,0.933063772688881
0.0,0.6262539140927971
1.0,0.7657750572059514
0.0,0.04508333042614869
1.0,0.7497622744568757
0.0,0.04653181811523574
1.0,0.8489894168851994
0.0,0.018755115400951525
1.0,0.6875194677642974
0.0,0.5423434995149086
1.0,0.7982322452852783
1.0,0.7501138516547281
1.0,0.7233937391130116
0.0,0.917456741551594
1.0,0.9419244268847555
0.0,0.1139517249079077
0.0,0.8888787559688482
1.0,0.5802984730119671
1.0,0.5644195386726252
0.0,0.03870937530475439
0.0,0.14830043139109444
1.0,0.7395541355092302
1.0,0.6737835649761695
1.0,0.8013891241734667
1.0,0.870305209251242
1.0,0.8942650300175948
1.0,0.4428360954542196
0.0,0.615131996443105
1.0,0.8797878864264066
1.0,0.8001336969121345
1.0,0.7112849279205086
1.0,0.5482387410472834
1.0,0.8123760843537177
0.0,0.6095348459798892
0.0,0.34167248532878464
0.0,0.2794553977649725
0.0,0.057148420578793394
1.0,0.42527921005326697
0.0,0.18332317913286067
1.0,0.20031815349134244
0.0,0.1358901040622736
0.0,0.4157094925989925
0.0,0.5753706441331217
1.0,0.41149244042269884
1.0,0.4189325372167089
1.0,0.7585114592085922
0.0,0.5446129345470415
1.0,0.5779867897675148
0.0,0.09258135571034895
1.0,0.7549485817493478
1.0,0.7959176461494996
0.0,0.09605603486966952
1.0,0.9502648705764821
0.0,0.48119946294049337
0.0,0.09709008703612307
0.0,0.655745898840754
1.0,0.5407334326209629
0.0,0.706074268169435
1.0,0.16820123426524997
0.0,0.8590272901484728
1.0,0.8122136085563364
1.0,0.7722910437406039
1.0,0.527091976468457
1.0,0.41510733450099035
1.0,0.86165984211257
0.0,0.12744548459918376
0.0,0.5272745356813846
0.0,0.29493666647203093
0.0,0.1311546462910253
1.0,0.7523561565564764
1.0,0.9064646703895406
1.0,0.6788196250372266
1.0,0.8694309622193886
1.0,0.9087477657166447
0.0,0.2626846616384927
0.0,0.3254192027421739
1.0,0.5982626847382975
1.0,0.6262661715364166
0.0,0.5017069242573136
0.0,0.20894727365444643
0.0,0.2996670880687157
0.0,0.34350650991679405
0.0,0.4764097753594473
1.0,0.24082041837807938
1.0,0.4698193341034836
0.0,0.13210658311323073
0.0,0.5173881176788937
1.0,0.5738390724729922
0.0,0.2610205849088804
0.0,0.40255193721794563
0.0,0.3316808212011223
0.0,0.030783854737593708
0.0,0.1953514187293644
1.0,0.928610965210859
0.0,0.7616034502832872
1.0,0.12779649270501794
1.0,0.783883012600531
0.0,0.06891291890543974
1.0,0.8333125101165255
1.0,0.4290653153631473
0.0,0.46082326612861585
1.0,0.5952393718811015
0.0,0.2171949132811628
1.0,0.494814462625217
0.0,0.40816772543480007
1.0,0.7605801493938682
1.0,0.950325241857637
1.0,0.8287397979923219
0.0,0.7774895033815209
0.0,0.11721465750174494
0.0,0.3779946173030783
1.0,0.5627766402983416
1.0,0.7905987153427442
0.0,0.1760964529305805
0.0,0.3551316609651904
0.0,0.8063846508374324
1.0,0.3414591643781007
0.0,0.7623190518406397
0.0,0.37705103677845003
0.0,0.1267398863738739
0.0,0.05437022157025982
1.0,0.8680646915367187
0.0,0.10972608302317532
1.0,0.2670263910436533
0.0,0.4244159572362552
0.0,0.09270637559958408
1.0,0.7784578536355146
1.0,0.8775506992773785
0.0,0.2987846119784502
1.0,0.9457491977029961
0.0,0.051879643864445255
1.0,0.3571847226437991
0.0,0.07305054189773788
1.0,0.8425763994123876
0.0,0.16872316339768578
0.0,0.8109523323093999
0.0,0.2704583751386421
1.0,0.8775879473732623
0.0,0.39398897725632126
0.0,0.47905723871127126
1.0,0.8067960902835182
1.0,0.15748327076878613
1.0,0.7814692759225014
1.0,0.8105344560382189
1.0,0.8533256045866793
0.0,0.105200515557802
0.0,0.18598134435131547
1.0,0.3054834750091213
0.0,0.03610100063580281
1.0,0.6062076424165153
0.0,0.06626911638212116
0.0,0.4017279885983493
1.0,0.6355739391016124
0.0,0.24318830363694816
0.0,0.09018262288583402
0.0,0.8202806466158012
0.0,0.05228534752727424
0.0,0.10189438952460535
1.0,0.8443164921682265
1.0,0.9250124555655199
0.0,0.775292859221866
0.0,0.1818848442590478
0.0,0.21660092413136392
0.0,0.22692495592930503
0.0,0.5713883556117455
0.0,0.8480587615357118
0.0,0.24736411499578695
0.0,0.09388930228797832
0.0,0.1379217984929143
1.0,0.5222151577130465
0.0,0.7110735424413405
0.0,0.6429153664449966
0.0,0.02299976715612235
0.0,0.1610496719238235
0.0,0.1772937355808905
0.0,0.11883370934061846
1.0,0.6310180392103473
1.0,0.67489296145226
1.0,0.6677913874366678
1.0,0.609885760109248
0.0,0.18763840540644866
0.0,0.15529609346411957
0.0,0.5412447740618338
1.0,0.935336277596768
1.0,0.7490613648995414
1.0,0.4070813230440479
0.0,0.21547827721523785
1.0,0.7094102429480833
1.0,0.9598075345421601
0.0,0.2543384566918124
1.0,0.8616656859049174
1.0,0.5858012265468717
1.0,0.9197965836206515
0.0,0.02906247104306276
1.0,0.5085641256469294
0.0,0.7327767620369933
1.0,0.5910531756504694
0.0,0.7119906795810468
1.0,0.681464416648552
1.0,0.6511079160734816
0.0,0.03292467151042723
1.0,0.4902299697337768
0.0,0.0706215488907849
1.0,0.9379010622795386
1.0,0.09237067338901062
1.0,0.6244489052862053
0.0,0.8880766989289185
1.0,0.48788269112717436
1.0,0.7054246208039853
1.0,0.6256202157222008
1.0,0.9176530416999021
0.0,0.11579507964431084
1.0,0.5424165082531754
1.0,0.19875585407720295
1.0,0.5398665635471892
1.0,0.6918255369326145
0.0,0.12619160074774663
1.0,0.45256335728438096
0.0,0.09242231983491422
1.0,0.9587732223897557
0.0,0.07705494939165672
1.0,0.49433935119185585
1.0,0.2004253238241242
1.0,0.6617616973951079
1.0,0.5470468482705042
0.0,0.5824797071821395
0.0,0.08773156682278395
1.0,0.8610370960410746
0.0,0.14945155937517604
1.0,0.47014735449111156
1.0,0.7804256695851611
1.0,0.26101677887665076
1.0,0.8785570896049224
1.0,0.7333114881996982
0.0,0.14458403298726646
1.0,0.9424070583607982
0.0,0.09513368935787883
1.0,0.8641045244170963
1.0,0.850151638946833
1.0,0.6293691452281844
0.0,0.5002455103059577
1.0,0.5315808066663861
1.0,0.3089084006666627
0.0,0.29022344160603564
0.0,0.05666546287264092
0.0,0.2571902268044958
1.0,0.6180024290651294
0.0,0.18041676751982255
0.0,0.0832187609685113
1.0,0.15514748955377983
0.0,0.3934591940627303
1.0,0.37647594337488405
0.0,0.18854601651836206
0.0,0.306307920620217
0.0,0.051555695007433414
1.0,0.4191432940008224
1.0,0.41088855352756004
1.0,0.48156361185264346
1.0,0.8438762989314414
0.0,0.6568611360615786
0.0,0.8586498845544256
0.0,0.2518095272412998
0.0,0.5968023702477323
0.0,0.21599589506646627
0.0,0.6202581982452862
1.0,0.564131718684971
1.0,0.5198865098754502
0.0,0.04574146818383966
0.0,0.12793256182018103
1.0,0.5991953064981302
0.0,0.8508443190624237
0.0,0.19805883852352027
0.0,0.22160443517613765
1.0,0.7946893427523157
1.0,0.7451408472702418
0.0,0.11551246037082605
1.0,0.8008213572774711
1.0,0.46459144690779935
0.0,0.44168297570106513
1.0,0.4139576987357059
0.0,0.05766385061562892
0.0,0.07226510759841367
1.0,0.7713126774739988
0.0,0.5336984761063566
1.0,0.8171100562216344
1.0,0.7554596889222768
1.0,0.5570990136119345
0.0,0.228404361543614
1.0,0.3758476369895673
0.0,0.872914239394202
1.0,0.8851236449644698
0.0,0.14375931225192382
1.0,0.9395460934273008
1.0,0.5952663907197127
1.0,0.9295979144054375
0.0,0.07843488739785617
0.0,0.6904770313152429
1.0,0.724980901442797
0.0,0.07018999098860233
0.0,0.038769035235961376
0.0,0.45428786351757094
0.0,0.5182325738029853
1.0,0.8044351381840787
0.0,0.12697996291135466
1.0,0.6836549860600024
1.0,0.47999772053050876
1.0,0.3765897790202156
1.0,0.8860257795003825
1.0,0.7501823525119363
0.0,0.24443243822912972
0.0,0.11409333540025879
0.0,0.06532251058368921
0.0,0.3296172997218137
1.0,0.28959736850279494
1.0,0.7033261667864394
1.0,0.7977316065100989
1.0,0.9334024906919105
1.0,0.68077143217442
1.0,0.9191441904620501
1.0,0.5297588991499644
1.0,0.41459113269557835
0.0,0.8771107990186733
0.0,0.9072266656720208
0.0,0.6838358133569556
0.0,0.49299867158913846
1.0,0.13505355914869538
1.0,0.8412487269274289
0.0,0.18141676455932668
1.0,0.7876944201362359
1.0,0.8657884127379125
1.0,0.6906670532174071
0.0,0.5605271571585473
0.0,0.43733508415256334
0.0,0.4811221910283301
0.0,0.5283625057483379
0.0,0.75654177025573
1.0,0.8083932400953202
0.0,0.04137249058620852
0.0,0.05785331687616707
1.0,0.9106729215202414
0.0,0.26727234089264224
0.0,0.4283514599289039
1.0,0.7761856436819824
0.0,0.2924775519731477
0.0,0.09045349322770675
1.0,0.42574937033126653
1.0,0.7791598118219687
1.0,0.7024017524614831
0.0,0.15367450993598633
0.0,0.3039488097725696
1.0,0.6847506403276367
0.0,0.40148209583940486
1.0,0.6351956719969285
1.0,0.10155449094774482
1.0,0.6366549302332576
0.0,0.6154791648476985
1.0,0.3607819613055625
1.0,0.3142232587482941
0.0,0.22840921286277532
0.0,0.09676059611637698
1.0,0.553394692085952
1.0,0.3926145060140677
0.0,0.43516587107879134
0.0,0.6659803442607258
0.0,0.04407979553904255
1.0,0.9035268208098453
0.0,0.30884508332659794
0.0,0.4313366174854375
0.0,0.5078891696308409
1.0,0.9680093829021477
1.0,0.9303483862668994
1.0,0.5718960474009908
1.0,0.4046482175218512
0.0,0.8133145292915287
1.0,0.688408356102101
0.0,0.22039081014442283
0.0,0.11549146080672137
1.0,0.6739848137673251
1.0,0.7090370484951688
1.0,0.7108074953692921
0.0,0.5327259992434475
0.0,0.10846233975173751
0.0,0.056409525534703076
1.0,0.5401545756128738
1.0,0.08781781921570556
1.0,0.7530534023284912
0.0,0.08601657087961793
1.0,0.7232770388899987
0.0,0.3362031231760615
1.0,0.435353808425946
1.0,0.26756446273178724
1.0,0.7103206118354529
0.0,0.42220220846183987
1.0,0.9675402227836299
0.0,0.026701820648847473
1.0,0.8074451782936046
1.0,0.6608097721519868
0.0,0.6265162260535599
1.0,0.8868521779417164
0.0,0.7630442163237967
1.0,0.5140247413356133
1.0,0.9083613141911776
1.0,0.7601130351852154
1.0,0.3302985822644871
1.0,0.973099927985839
0.0,0.12733714466822335
0.0,0.49943400876886557
1.0,0.7706332853718798
0.0,0.21231149898822363
1.0,0.9080410054056358
1.0,0.8486967824855987
1.0,0.718998817332264
1.0,0.7860654245057567
0.0,0.27684520707310595
0.0,0.40900186128963056
1.0,0.7512571191974835
0.0,0.044199211330417786
0.0,0.3895667267614168
1.0,0.5944003875991597
1.0,0.5494579116327392
0.0,0.5043990407084692
1.0,0.2840584650845771
0.0,0.11108934788275453
0.0,0.2470902427484661
1.0,0.9190756715346785
1.0,0.7030883590907697
1.0,0.9827672460046448
1.0,0.6413834616332746
1.0,0.9055167136951973
0.0,0.5295140492862549
1.0,0.7366520182115869
1.0,0.413195816429594
1.0,0.6123489829864803
0.0,0.78284113488745
0.0,0.38602846527693424
0.0,0.32875073697128343
1.0,0.9543740600267429
0.0,0.8790513357865868
1.0,0.5898666252059451
1.0,0.6935452245997469
0.0,0.09691149131992528
0.0,0.7466078810309269
0.0,0.1834105280352936
1.0,0.5781678954217547
0.0,0.07855743141008525
0.0,0.23224238939503344
0.0,0.13840818067698096
1.0,0.7768018454161508
1.0,0.49442199741830645
0.0,0.2531639468392122
1.0,0.7494029260355022
0.0,0.7304328728639795
0.0,0.023099018714620032
0.0,0.13404636892905672
1.0,0.7470171055324453
0.0,0.3000700204625998
0.0,0.5511961716124458
0.0,0.49147258462306187
1.0,0.8865292494053124
0.0,0.12056036404587196
1.0,0.6710173108693472
1.0,0.25949221691018154
0.0,0.012120298742834
0.0,0.2592380769975341
1.0,0.4109383803982391
1.0,0.536612039589201
1.0,0.8048137348378533
0.0,0.12119338916575817
0.0,0.27489335111026325
0.0,0.3132920573419783
0.0,0.03496345939874573
1.0,0.5230740599845496
0.0,0.009279340279705312
1.0,0.765536627212341
0.0,0.09645875588223222
1.0,0.6129110002428051
0.0,0.14937806432779027
0.0,0.7654252770357429
0.0,0.17224741576352148
1.0,0.8256097597317413
1.0,0.5291555936421279
1.0,0.6656001073173646
1.0,0.6856251358154346
0.0,0.8546467693953741
1.0,0.5493867597744141
0.0,0.6879920260304103
1.0,0.7526487944953308
1.0,0.8297086279009338
1.0,0.8032438541582179
0.0,0.6880655617583609
0.0,0.5929012897020516
1.0,0.8360270569481747
1.0,0.5589780480996194
0.0,0.057919459525997766
1.0,0.8961439747874689
1.0,0.3066379362405431
1.0,0.4830482046583374
1.0,0.6449740255465454
1.0,0.6025169959361623
0.0,0.6221840044354461
0.0,0.16051422195283058
0.0,0.134420478368872
1.0,0.769114939036297
1.0,0.7933972864557567
0.0,0.8422338241254282
0.0,0.1268458095232789
1.0,0.5354755166736755
1.0,0.887240698076952
1.0,0.08386548552538184
0.0,0.902705763453333
1.0,0.43223513986746775
0.0,0.055253366907711175
1.0,0.4994463397692638
0.0,0.5321471170015901
0.0,0.7601986719340079
0.0,0.4480169492739778
1.0,0.8585616184929583
0.0,0.4992365423560295
1.0,0.5756127904075836
1.0,0.6904208814493742
0.0,0.10347902197024554
0.0,0.49554635646934503
1.0,0.877992419882248
1.0,0.7942385147606856
0.0,0.07094876104783535
0.0,0.40323921980370264
0.0,0.2380439912502661
0.0,0.4171895997642351
0.0,0.18833992955726608
0.0,0.2467217746007373
1.0,0.7997903005027437
1.0,0.5764230920681397
1.0,0.6021601518623725
1.0,0.7687979756881871
1.0,0.823027293584517
0.0,0.04693840653528083
1.0,0.8272850230410478
0.0,0.2055005568007139
0.0,0.20345945200798968
0.0,0.1483924879917889
0.0,0.09286161492550712
0.0,0.4736590381563901
1.0,0.6187152789915262
0.0,0.46180604840362616
1.0,0.7287989337989401
0.0,0.10635896608642073
0.0,0.08781781921570556
1.0,0.7713333866913952
0.0,0.5504233193822102
1.0,0.9542506962541385
0.0,0.12299840561984836
1.0,0.7580802309274621
1.0,0.9405054328964091
0.0,0.17282331117658406
1.0,0.5175645581626643
1.0,0.8317781911879155
1.0,0.38953202915669227
0.0,0.727332049686541
1.0,0.7061247923116104
0.0,0.17851688462477147
1.0,0.4895088346762611
1.0,0.11234355087088906
1.0,0.962287844357766
1.0,0.5879030772560947
1.0,0.9680662547661294
0.0,0.29954682798119703
0.0,0.35251573592162133
1.0,0.7921484882648171
1.0,0.7940969021383208
0.0,0.10124138989166612
0.0,0.11795675583558082
0.0,0.4136617932886636
0.0,0.035011064175378984
0.0,0.46027249151655064
1.0,0.16817716579211936
0.0,0.36417699082072835
0.0,0.09953813134305019
1.0,0.832934313199478
1.0,0.4567967771100344
1.0,0.7558387303113652
0.0,0.02545089240326944
0.0,0.6341725448211551
0.0,0.0806562619541704
0.0,0.7052274041241874
1.0,0.6449532365458819
1.0,0.8206173403034441
0.0,0.23920554870388835
1.0,0.7898590268698633
0.0,0.6748983740252721
0.0,0.05410799454382585
1.0,0.7387438222778897
0.0,0.09672932877142344
1.0,0.8322393770009795
1.0,0.8980195848714306
1.0,0.809808813862201
1.0,0.7028639935445151
0.0,0.13950055159296645
1.0,0.5571548779402731
0.0,0.11259840012954206
1.0,0.4060566437794099
0.0,0.7232371767352994
0.0,0.11830718163308378
1.0,0.32066954507802603
1.0,0.7130004429824071
1.0,0.7247643135728357
0.0,0.4408928467627204
1.0,0.8614225838541586
1.0,0.7135048546993705
1.0,0.33306054457240786
0.0,0.6869422871169341
0.0,0.18330476703895154
0.0,0.3267852539127126
1.0,0.9080013139624714
1.0,0.3908125923034036
1.0,0.6549793632159993
1.0,0.939784335176404
0.0,0.5840881977287248
0.0,0.24321233023059782
1.0,0.8530865376982908
1.0,0.7561304753179504
1.0,0.30106892620856157
0.0,0.3338029156516965
0.0,0.1742808669032046
1.0,0.8896448576601879
1.0,0.3357250401906544
0.0,0.07077140083946265
1.0,0.717996834916411
0.0,0.20378429448594604
0.0,0.11861416564512446
1.0,0.5235123980302941
0.0,0.10955001894181042
0.0,0.38449520896519906
0.0,0.8232927814588571
1.0,0.6211127982971056
0.0,0.07662029709850722
0.0,0.6099605039452205
0.0,0.2011382213745086
1.0,0.17682419073259698
1.0,0.7690812411615788
1.0,0.9686419064934573
1.0,0.9065984272410231
0.0,0.39346472161750784
1.0,0.9181283404142851
0.0,0.656110388008342
0.0,0.0998610593168714
1.0,0.5319929033775909
1.0,0.557307940583801
0.0,0.3565336747736514
0.0,0.7704821651336349
1.0,0.6072288064291588
1.0,0.6097204600618756
0.0,0.9039898995419062
0.0,0.40478757621415234
0.0,0.08436756037147611
0.0,0.6527088937455463
0.0,0.5873460126499384
0.0,0.03156185979689054
0.0,0.6153927527749236
0.0,0.6778290846070948
0.0,0.09563188543098314
1.0,0.9356739141327918
0.0,0.5029118494819904
1.0,0.6960955300904105
0.0,0.33941792795899206
0.0,0.7311301414212346
0.0,0.31558160176633837
1.0,0.9119160461526505
1.0,0.6000739275816303
1.0,0.3360673853138797
1.0,0.7392471604469396
1.0,0.5468021373488258
0.0,0.1978521672482431
1.0,0.6222188273058648
0.0,0.15396129107587714
1.0,0.38944494597490753
1.0,0.4330789687498807
0.0,0.04172058276928723
0.0,0.07463761013200507
0.0,0.8901853648984692
0.0,0.024348397885625712
0.0,0.3748545764194381
1.0,0.6115518404427529
0.0,0.6724148585246198
1.0,0.5090803187953921
0.0,0.6631913306237982
1.0,0.821722855721515
0.0,0.8667482301644982
0.0,0.2544119899138081
1.0,0.9436630610101615
1.0,0.7425343283430895
1.0,0.8445438743564235
1.0,0.7642914401340433
0.0,0.1518321482151826
0.0,0.48699021509630996
1.0,0.3099032680691408
1.0,0.5614290715286365
1.0,0.34722327571738143
0.0,0.7918380785460133
0.0,0.6087118423084947
0.0,0.1347996162889671
0.0,0.4419373050581741
1.0,0.6894480056843599
0.0,0.08336058223254625
1.0,0.5211053257569512
1.0,0.7666949153632243
0.0,0.5904223093478289
1.0,0.7390373326253564
1.0,0.39704089107635226
1.0,0.4680488139274674
1.0,0.9664449196494365
0.0,0.5802199878195389
1.0,0.887354761787754
1.0,0.9187312982365125
0.0,0.2954245311580961
0.0,0.7559016718768399
1.0,0.5382221812602057
0.0,0.06608486916864262
0.0,0.4003109996160692
0.0,0.5524427946758439
0.0,0.09328594228408485
0.0,0.3525497550775968
0.0,0.3457913968734777
0.0,0.06586099771596163
0.0,0.13581554924597733
1.0,0.5980437990624496
0.0,0.30291882221000405
1.0,0.6156851516981814
0.0,0.8612801031951423
1.0,0.7250893403071549
1.0,0.7663751311024988
1.0,0.6979445435100544
1.0,0.32746159560108495
0.0,0.6566362076913081
0.0,0.09210704811718018
1.0,0.6862013036982325
1.0,0.822215403521886
0.0,0.02855084330606228
1.0,0.8110779292857615
0.0,0.05101908458323
1.0,0.556746596215814
0.0,0.042931240472532786
0.0,0.18011553662472163
0.0,0.0854236131106223
0.0,0.6773919984865531
0.0,0.21599589506646627
1.0,0.7088215986662153
1.0,0.28001078715648753
0.0,0.4760254657507697
0.0,0.4819665965399363
0.0,0.11697384202903285
1.0,0.5439208036110712
0.0,0.15922460286356327
0.0,0.15543886220188846
1.0,0.21462301486010488
1.0,0.7179525507500528
0.0,0.2595423984281436
0.0,0.4819905944021941
0.0,0.18962544636365858
0.0,0.6986987132704302
0.0,0.22498319387430032
1.0,0.7024249170891236
1.0,0.5333757023259525
1.0,0.589180488260733
1.0,0.8766251005020405
1.0,0.6155599213484632
1.0,0.8515398209464363
1.0,0.5579432041245902
0.0,0.49033982993333625
0.0,0.07913111602030097
1.0,0.43919542912700466
1.0,0.9078166245032566
1.0,0.7862167371235116
0.0,0.812359072327617
0.0,0.35588549577327233
1.0,0.4253539753377063
0.0,0.7809271863967409
0.0,0.13331919769267087
1.0,0.6090008670021219
1.0,0.6410694481367847
1.0,0.7726325350229557
1.0,0.712156043574127
0.0,0.7747253557666174
0.0,0.12027752671758951
1.0,0.8954703589434241
0.0,0.4532432488600131
0.0,0.38826794026310585
1.0,0.571309490446825
1.0,0.6358957876926232
0.0,0.4726139936828619
0.0,0.36193650609083783
1.0,0.6787647496540927
0.0,0.16253028095510597
1.0,0.15085941280416992
1.0,0.7450662889108706
1.0,0.2121816811229899
1.0,0.7034297048991689
0.0,0.24680351419368857
0.0,0.48429513423694165
0.0,0.6729920276697106
1.0,0.9654688319411246
0.0,0.1387032860154452
0.0,0.06807784558495215
1.0,0.781933816453473
0.0,0.3503936454078159
0.0,0.23571794810640742
1.0,0.7543200577799932
1.0,0.939166824575066
0.0,0.46633619951298966
0.0,0.06984718120617472
0.0,0.8087175889380017
0.0,0.07976395356464444
0.0,0.16597416972864312
0.0,0.24220406831139307
0.0,0.3657335157373608
1.0,0.8293188510892204
1.0,0.7951176446631207
1.0,0.7234115112055861
0.0,0.12262470527974696
1.0,0.5125439374616713
0.0,0.5971237563062323
1.0,0.6872882806152595
0.0,0.04351251316459408
0.0,0.39552256020194165
1.0,0.29023184550378056
0.0,0.05862743105435556
0.0,0.1139500696845733
0.0,0.3510767938985725
0.0,0.2131549671398567
1.0,0.6019285700467902
0.0,0.06298821601525603
1.0,0.9007350353199387
1.0,0.6358996772833895
0.0,0.8932567569515205
1.0,0.6804751637167864
1.0,0.9601683588828681
1.0,0.877675230139428
0.0,0.4014557611181142
0.0,0.5386735718584357
0.0,0.5521744338459879
0.0,0.841677036367896
0.0,0.24715181785532098
1.0,0.8466990406484969
0.0,0.4418948550120402
1.0,0.4783411603330757
1.0,0.6916717346664722
1.0,0.5417064121003516
0.0,0.7407811357849623
0.0,0.04529704914211018
1.0,0.7640506942855904
1.0,0.5036055540091467
0.0,0.5153766483894431
0.0,0.794514092322065
0.0,0.5074878084162056
1.0,0.70635522380728
0.0,0.09357366015738995
1.0,0.4066117402647017
1.0,0.525240133161591
0.0,0.44296134469930504
0.0,0.5702325013936644
0.0,0.26093594170869466
0.0,0.1204304327942974
1.0,0.9178373299417792
0.0,0.17370812439391403
0.0,0.5844442704803352
0.0,0.7346247557420774
0.0,0.28431979670171464
1.0,0.5733592299667268
0.0,0.22890808142398025
0.0,0.21630029511495005
0.0,0.21108543114942044
1.0,0.8506989141637977
0.0,0.09445176541524947
1.0,0.8432919210565888
0.0,0.8510065150990196
0.0,0.5990845223689171
0.0,0.12109244520257381
0.0,0.49297322771291796
1.0,0.65566402164013
0.0,0.49655073790526083
0.0,0.20210095855935428
0.0,0.07064554109487318
1.0,0.8788092261357328
0.0,0.08908089680334916
0.0,0.43944942327829895
0.0,0.038885953253392024
0.0,0.7305322139151358
0.0,0.08580709025277228
0.0,0.6583705006835994
0.0,0.08656661758633456
0.0,0.5508420251242153
1.0,0.805005645032774
0.0,0.8128521687187
0.0,0.26656535843186485
1.0,0.7420400354738709
0.0,0.6800079197923428
1.0,0.8366323025709533
1.0,0.848704336897225
0.0,0.035967988551173696
1.0,0.7248808272337957
0.0,0.21189840868313609
1.0,0.42452160257454824
1.0,0.7130718042571089
0.0,0.3655083633971608
0.0,0.3304089827922929
0.0,0.17489784406859882
0.0,0.5990185357908338
1.0,0.7686949062019255
1.0,0.5241737811934712
1.0,0.6032481931330896
1.0,0.6477806935136876
1.0,0.7339549762006751
1.0,0.4992782210409752
0.0,0.08300033244582543
0.0,0.31978754042983465
1.0,0.5997463812401194
1.0,0.4598301569413718
1.0,0.5524819647340469
1.0,0.5496774159023685
1.0,0.19876177697892577
1.0,0.23826731222186162
0.0,0.039987999827470866
1.0,0.8321911290715318
0.0,0.07804639082351543
1.0,0.6865633488403361
1.0,0.8738935884380445
1.0,0.9171887421986373
1.0,0.6168819424048806
1.0,0.6556092142499413
0.0,0.5584152251787453
0.0,0.07255919529626123
1.0,0.7126602734629202
0.0,0.09395753749753782
0.0,0.1591020557527806
0.0,0.12571326995368975
0.0,0.22447765900595318
0.0,0.14309700428791378
1.0,0.46654370911490883
1.0,0.8147481245359206
1.0,0.8703484122916288
0.0,0.033573346398492444
1.0,0.48299969795317194
1.0,0.7225806500598629
1.0,0.43159481795182836
1.0,0.636233619754744
0.0,0.12820989439626151
1.0,0.9504635380536349
0.0,0.19290036130023794
1.0,0.8128346953913483
1.0,0.7587881021199502
1.0,0.6130248682641027
0.0,0.32408831810277194
0.0,0.15722316100500994
1.0,0.8509983917382458
1.0,0.19760722668098424
1.0,0.726353638639621
1.0,0.7812822705222542
0.0,0.7691885222955925
0.0,0.07052451656580738
0.0,0.3011577422412818
1.0,0.21538100086849932
1.0,0.3346124923576212
1.0,0.8067519596288075
0.0,0.042514436462607
1.0,0.8842537101848089
0.0,0.1336052916234926
1.0,0.8220717113266375
0.0,0.31285967329322856
0.0,0.12310538814724589
0.0,0.4406205003944879
0.0,0.38304105381764925
1.0,0.7195929841046541
0.0,0.05454024844417669
1.0,0.6012417514895082
0.0,0.03736145459260483
0.0,0.852690143289415
0.0,0.08902374092031187
1.0,0.05643133011824138
1.0,0.9633665715556313
1.0,0.7498206264179231
0.0,0.34741903379694417
1.0,0.7700615128660456
1.0,0.5068861789769119
0.0,0.8291284602580238
0.0,0.22119882507669927
1.0,0.20948849636270483
1.0,0.7346357144709551
0.0,0.14977357449291168
0.0,0.20964194588729165
1.0,0.4655851416609361
1.0,0.7371257802930415
1.0,0.43724241910638295
1.0,0.7420265080381985
1.0,0.5495366006970664
0.0,0.18886488990235512
0.0,0.2750749375785356
0.0,0.08802730453288637
1.0,0.6640696659942942
1.0,0.39163618622574914
0.0,0.1559379398507638
1.0,0.9933595724388848
0.0,0.03235211514353358
1.0,0.2581432468706054
1.0,0.3551222953637964
1.0,0.6939909459835111
0.0,0.5154396562491337
1.0,0.905046981779457
0.0,0.09217502158116116
1.0,0.8199824755860853
1.0,0.3342682214748828
0.0,0.03525386290056516
0.0,0.43164570670788543
1.0,0.8595622970904213
1.0,0.7748785161663159
1.0,0.4942436001177577
1.0,0.680990648480229
1.0,0.6066959093977686
0.0,0.7592436483679794
1.0,0.559308579424021
0.0,0.057263387889484464
0.0,0.6625904914801523
1.0,0.8649325301237875
1.0,0.6944266392678109
1.0,0.4903470084697757
1.0,0.8898057603060712
1.0,0.7340855340378022
1.0,0.7962004831945741
0.0,0.04403017286138212
1.0,0.3389266756243662
0.0,0.2751164055587255
1.0,0.6220911804163877
0.0,0.5960972473989641
0.0,0.24490660478445525
0.0,0.044810558297564716
1.0,0.8312360337024935
1.0,0.621817575083372
0.0,0.8994688568027007
1.0,0.7172632020374182
0.0,0.7823298979272424
0.0,0.43598173046428157
0.0,0.3426315581342499
0.0,0.04737669202022203
1.0,0.7126456518377816
0.0,0.12377915510487367
0.0,0.05828674706856096
1.0,0.90427074791331
1.0,0.19937168708927128
1.0,0.8384309518723005
1.0,0.9696396868558301
1.0,0.8137984528894794
1.0,0.8200075695452627
0.0,0.5901944465094429
0.0,0.8207283053014155
0.0,0.4245213313229687
0.0,0.09887259414602372
0.0,0.3254024477618138
1.0,0.6110850426644989
1.0,0.7794970827594591
0.0,0.12893874664250118
1.0,0.5728669734613497
1.0,0.5258569065001891
1.0,0.8830648011766407
1.0,0.720883345528662
1.0,0.2394992007406751
1.0,0.511329472335883
0.0,0.900237360321996
0.0,0.4133588248131649
0.0,0.6563703371988211
1.0,0.92290913038429
1.0,0.3810006944549221
0.0,0.5889594611664168
0.0,0.7324808805734466
1.0,0.8562472222915762
1.0,0.4599630621990752
0.0,0.1084979686341696
1.0,0.8375918131723046
1.0,0.5597897865348779
1.0,0.4197454673115786
1.0,0.5636517211861416
1.0,0.9210666190227453
0.0,0.17994600938002078
0.0,0.20668107551632975
0.0,0.39359793489406264
1.0,0.8206997404130888
1.0,0.7252638402819815
1.0,0.4763137338065596
1.0,0.5067179605966461
1.0,0.8616530490860607
1.0,0.8186618493863056
0.0,0.06205532026168044
0.0,0.6294948902424405
1.0,0.41161672512104175
1.0,0.22040910797276111
0.0,0.695001915570562
1.0,0.2003757437473234
0.0,0.12362710219874287
0.0,0.6196011912083235
0.0,0.23412576902377472
1.0,0.6095202901115673
1.0,0.610301679728074
1.0,0.733510496183859
0.0,0.6702960087128348
0.0,0.9056509395441161
0.0,0.5703400520005656
1.0,0.8305259435501
0.0,0.19163565336248506
0.0,0.03932451966459118
1.0,0.732214688153799
0.0,0.7804741574267086
0.0,0.8510455731072163
1.0,0.8250523619999444
0.0,0.3410191791269664
1.0,0.3619011911261989
0.0,0.20530189551269293
0.0,0.5958900076781025
1.0,0.734971878784551
1.0,0.7956095996204215
0.0,0.3624152222479958
1.0,0.3111592576823238
1.0,0.7928909724000412
1.0,0.45795263920585355
1.0,0.4523709606456875
0.0,0.3602858301752191
0.0,0.24531830856706605
0.0,0.41061052385020397
0.0,0.17896031305213558
1.0,0.9092800791461715
1.0,0.85119775584954
0.0,0.09824588936124552
1.0,0.9161773739648498
0.0,0.513191785992315
1.0,0.9117704861363969
1.0,0.6865298167439647
1.0,0.30380177457342045
0.0,0.296372030162548
0.0,0.05838193557768702
1.0,0.6036799616739984
1.0,0.5714041885421809
0.0,0.3803975809033753
0.0,0.02037466748433795
1.0,0.7185671645915718
1.0,0.8241690705030905
0.0,0.9394167647394032
1.0,0.7856381080186755
1.0,0.7336939522813875
1.0,0.6921133358675841
1.0,0.5169654399185385
0.0,0.2399852221039514
1.0,0.8008526878736252
1.0,0.9035597271644645
1.0,0.42013202741707917
1.0,0.7334826058540277
1.0,0.6676019570299129
1.0,0.2050156878404143
1.0,0.9531819320467069
0.0,0.23087380416869108
0.0,0.8369083895540141
0.0,0.03678267628755503
1.0,0.688040522539413
0.0,0.026780841242645313
0.0,0.15918331247395484
0.0,0.09325092588242197
1.0,0.8865752184420339
1.0,0.5589392269915423
1.0,0.8283753915217519
0.0,0.16612154463125106
0.0,0.3421702268547157
1.0,0.7347004839324749
0.0,0.1582255604445663
1.0,0.9335946326446015
0.0,0.06162408695273096
0.0,0.1799431153153591
1.0,0.8897457017340102
1.0,0.4471991428569003
1.0,0.9249127730622307
0.0,0.2952022576056138
0.0,0.4759222746835068
1.0,0.6080146908992796
0.0,0.28940133235457244
0.0,0.47669050951273395
0.0,0.16087954227354112
0.0,0.05580258060766473
1.0,0.36395001487840095
1.0,0.4419099443633273
0.0,0.03861692480443549
0.0,0.02608502756341511
0.0,0.1591567756250657
0.0,0.0981322765628705
0.0,0.2194377988226049
0.0,0.33104765153413773
0.0,0.04134351738378819
0.0,0.062032050887086645
1.0,0.8885359955154263
1.0,0.8655534998876325
1.0,0.9139679160590093
0.0,0.5493363319651664
1.0,0.8292243858354563
1.0,0.513459612644054
1.0,0.6344682336660978
1.0,0.41735023408055644
0.0,0.45176942956886335
1.0,0.34158841902550885
1.0,0.682853483221461
0.0,0.060991269601690726
0.0,0.2522128749777973
1.0,0.8747765844546164
1.0,0.4884866434351013
1.0,0.9017276468031868
0.0,0.07389168714599312
0.0,0.12203519092303519
0.0,0.5111471656752631
0.0,0.0893877309639068
1.0,0.25362800901350974
1.0,0.583310774245486
0.0,0.8192590310896684
0.0,0.12685626282941184
0.0,0.6129807961097604
1.0,0.7066552493712805
0.0,0.2721581272020801
1.0,0.5301285912675766
1.0,0.8916384134129443
0.0,0.18214706501436637
1.0,0.37189496249469395
0.0,0.17098536287377641
1.0,0.28370628481627025
1.0,0.21591799461935687
0.0,0.19820210753545647
1.0,0.757246711941933
0.0,0.555011609931485
0.0,0.1770406491416991
0.0,0.24179582876143746
1.0,0.5192885323116095
0.0,0.23696224773038801
1.0,0.6584599501438635
0.0,0.09903984406096569
1.0,0.6919509827527598
1.0,0.7100851922191731
0.0,0.042344313276509754
0.0,0.47052247324798147
1.0,0.664794374135879
1.0,0.8098369250168329
0.0,0.24469812452574455
0.0,0.01927215303364866
1.0,0.6702472809782376
1.0,0.8835439275327556
1.0,0.4329925475820272
1.0,0.6777730350476836
0.0,0.4930022382499725
1.0,0.4592165740816858
1.0,0.9030108808092612
1.0,0.9019719987873369
0.0,0.24082742130659424
0.0,0.5415014204219681
1.0,0.8322186318547606
1.0,0.8420126476150767
1.0,0.3328084399405897
0.0,0.13577200353141652
1.0,0.7011788987882002
1.0,0.4669175762759924
0.0,0.2332117621492844
1.0,0.3639035206554374
0.0,0.2337051701006902
0.0,0.17082161803004606
1.0,0.7880295061959928
1.0,0.4036876896808688
0.0,0.010556708935556137
0.0,0.17834196669342972
0.0,0.47149114099217915
1.0,0.5087620849891639
1.0,0.9006910780347877
1.0,0.580698846404277
1.0,0.6106481535322358
1.0,0.7514513909297407
0.0,0.6555043716726977
1.0,0.6525331902625968
0.0,0.07211181158595467
0.0,0.3275529062987471
0.0,0.19764755829578762
1.0,0.6160234066542131
1.0,0.6424933072846385
0.0,0.7178479291991354
1.0,0.7588974712233855
0.0,0.35058285879896145
1.0,0.2605809264906869
0.0,0.1375558507266033
0.0,0.10272177844585206
1.0,0.8406442942696796
1.0,0.6916499797008362
0.0,0.07745313293655669
1.0,0.657030492847889
1.0,0.5209223372717854
1.0,0.8989942399270813
0.0,0.28764385419061167
0.0,0.16706092431058675
1.0,0.8743955416761343
0.0,0.8340373309343032
1.0,0.7230899628631656
1.0,0.8582093796209541
1.0,0.8655339108712659
1.0,0.679166804373604
0.0,0.018537304564708357
0.0,0.041091492974387
1.0,0.6450843486595872
0.0,0.047326531193200044
0.0,0.06188912456570581
1.0,0.6552912943414757
0.0,0.09270112316370481
1.0,0.9412568028424649
0.0,0.832280430980448
1.0,0.875310550782336
1.0,0.22895478505985495
1.0,0.21110497766084363
1.0,0.1848569948664689
1.0,0.5119948300301405
0.0,0.579309545783594
1.0,0.3490683976785068
1.0,0.602192539274854
0.0,0.45509767393076406
0.0,0.1343256705458517
1.0,0.5415215258695885
1.0,0.8603986215827156
1.0,0.7658527169494042
0.0,0.8517691695879602
0.0,0.48968973999429083
1.0,0.7756295754071624
1.0,0.6989948351082715
1.0,0.5632357973129973
0.0,0.030819936357235622
0.0,0.0708879425557806
1.0,0.744887661697621
0.0,0.667415579524382
1.0,0.5833937589840781
1.0,0.6595370539446065
0.0,0.064872492360403
1.0,0.3749169521867798
0.0,0.14942803430489343
0.0,0.06769093842535331
1.0,0.7565617754909463
1.0,0.4413979971341993
0.0,0.33891558103962466
0.0,0.03896318496462457
1.0,0.2896921907577063
0.0,0.20119159281525484
1.0,0.8845290453667418
1.0,0.6708325554349495
0.0,0.35614141761173984
0.0,0.04334350490627347
0.0,0.10385681913032649
0.0,0.5786912675745152
1.0,0.44423058166814594
1.0,0.742094875535689
0.0,0.3907358176115927
0.0,0.5486992428597077
0.0,0.283899330307419
1.0,0.8335575198806472
0.0,0.7729008615498171
1.0,0.6883655881540199
0.0,0.2572461962805499
0.0,0.7299505884539736
1.0,0.9451827578431086
1.0,0.7447886771473143
1.0,0.5858735106239511
1.0,0.710222297155593
1.0,0.6913533671666003
0.0,0.5014356713675983
0.0,0.6448200652559094
1.0,0.7271717398881874
0.0,0.08065083715436354
0.0,0.08134822039187509
0.0,0.4441985543483439
1.0,0.9154835279069552
0.0,0.11386961744591055
0.0,0.09558551875999696
0.0,0.32612680789611953
0.0,0.20961090110620165
0.0,0.11128940700466197
1.0,0.5857156689734596
1.0,0.7599313082811002
1.0,0.7473285437185757
1.0,0.5334536369027034
1.0,0.4736323342975143
0.0,0.8041592281355954
0.0,0.22488083002849538
0.0,0.4016751090798355
1.0,0.7252618749565005
0.0,0.8692127230469133
0.0,0.532699342857365
1.0,0.8115723313997936
0.0,0.5049196210792741
1.0,0.15561485699608393
0.0,0.0503940078805296
0.0,0.26153611789622055
1.0,0.6334991105596235
0.0,0.8103662337362911
0.0,0.15425247057050392
0.0,0.12638168425094035
1.0,0.739139187266572
1.0,0.6143528849094129
1.0,0.5896171977766502
1.0,0.7314792814238424
1.0,0.6524531862876348
1.0,0.8740421810594414
0.0,0.12630652227650932
0.0,0.05558521947279763
0.0,0.6055799101161717
1.0,0.8690474575150224
0.0,0.8957694255343054
1.0,0.7865520960532992
0.0,0.13936324483872808
0.0,0.12060866617842061
0.0,0.3106451856523047
0.0,0.08432942898624636
1.0,0.8677301374040074
1.0,0.5868416603766121
0.0,0.27216709488260304
1.0,0.11001931420664057
0.0,0.6178832841318201
0.0,0.43494390131253724
1.0,0.7529331115876887
1.0,0.7754972225558179
0.0,0.3517230092541114
0.0,0.2752211828147425
1.0,0.8092143057949173
0.0,0.08930236323411775
1.0,0.564489331894616
1.0,0.4675588210991619
0.0,0.02304839329735154
1.0,0.8680465422563863
0.0,0.3761633379522269
0.0,0.11021677254991544
1.0,0.7102655862374083
1.0,0.5360025040656546
0.0,0.2085010853515016
0.0,0.7776273035201383
1.0,0.5034831350567793
0.0,0.15493077621284093
1.0,0.34995781744805965
0.0,0.389793045441564
0.0,0.19976554726259527
0.0,0.9731213200031028
1.0,0.2352440447089807
1.0,0.538505621334161
0.0,0.2043694825737063
0.0,0.5887218443048275
1.0,0.38407373593239214
1.0,0.6336396982430786
0.0,0.7534006611275245
1.0,0.5067040041140012
1.0,0.7504438973568088
1.0,0.5952363764753592
1.0,0.9238525497346833
1.0,0.8985400402044617
1.0,0.8351891833189686
0.0,0.43765075912491325
0.0,0.14862057576291288
1.0,0.6327600842141364
0.0,0.6705385701557781
0.0,0.7422738977872095
1.0,0.270692155963102
1.0,0.6271290771401302
1.0,0.2344416898802602
0.0,0.6003629995011256
0.0,0.09444601948645107
1.0,0.5485737017430667
1.0,0.13629129061632325
0.0,0.6633860609955846
0.0,0.5569203565847021
1.0,0.3089815271479611
0.0,0.10665970058847056
1.0,0.32486143721899674
1.0,0.6930168718122065
1.0,0.8034696161823675
1.0,0.7445823016345317
0.0,0.22902396063796787
0.0,0.23170143983996083
0.0,0.372967271663714
1.0,0.49359722294946684
0.0,0.14523883284899736
0.0,0.44911227175842805
0.0,0.0889311898042894
1.0,0.5120816991657751
1.0,0.5749720812451352
0.0,0.11740380916863484
0.0,0.08935504265932814
0.0,0.23473972133963444
0.0,0.6879448255975087
0.0,0.8190295740301551
1.0,0.8327468760493879
1.0,0.9483482409033496
0.0,0.11320366052439641
1.0,0.7280522437146775
1.0,0.7544217146364832
0.0,0.21114429376071103
0.0,0.15328574306719306
1.0,0.7822331560728271
1.0,0.33089866248268485
1.0,0.3244003932812979
1.0,0.9316189420575475
0.0,0.7123466707933316
0.0,0.4259270957931645
0.0,0.3151228211231206
1.0,0.484411856263719
1.0,0.18233832142129167
0.0,0.18489054121651693
1.0,0.8646728753457973
1.0,0.6672512629707296
1.0,0.16469116665159017
1.0,0.7543851222433483
1.0,0.9136446241761309
0.0,0.7408794492869134
1.0,0.6342879052384585
1.0,0.6839698424940309
0.0,0.04307283053950652
0.0,0.6433253898981792
1.0,0.6569137820198607
1.0,0.7126582958046171
1.0,0.464675280124332
0.0,0.03549140749430722
1.0,0.9205008951811436
1.0,0.410251449788435
0.0,0.5234509149565175
0.0,0.6451926513209882
1.0,0.8051120636646372
0.0,0.03747136686481051
0.0,0.8354865804521936
0.0,0.627860795677036
1.0,0.8273993912805215
0.0,0.0295784655850226
0.0,0.5232201182795937
1.0,0.607195840421433
0.0,0.33454891125163977
0.0,0.14527545023030514
0.0,0.4443556066242462
1.0,0.852281514661783
0.0,0.08487707727791413
1.0,0.5804622607722661
1.0,0.1588999538450698
1.0,0.9149271309733791
1.0,0.9078373428611226
1.0,0.7773283465783992
1.0,0.2797442304036898
1.0,0.37412295038562754
1.0,0.8410191425156752
0.0,0.2500621188057929
1.0,0.6215639885829484
0.0,0.2029563602827249
0.0,0.5231999932734206
1.0,0.45350929346571045
1.0,0.8393113945791919
0.0,0.24887620193644935
0.0,0.4472297365672766
0.0,0.2678134185008406
1.0,0.9614801219809553
0.0,0.1503254391349586
1.0,0.4971539082519606
0.0,0.10227818301942662
1.0,0.47718272005969525
1.0,0.4091576807569674
0.0,0.11647970825287646
0.0,0.18191440285003826
0.0,0.3562966862756807
1.0,0.21461941474024743
0.0,0.528908084513793
1.0,0.5937630624778767
1.0,0.9100281476496989
1.0,0.9437061861592628
0.0,0.36165582434319166
0.0,0.7408511469349476
0.0,0.823076976016563
1.0,0.44351359427854825
0.0,0.05128767561438795
1.0,0.7055125768844577
1.0,0.8346345583612773
0.0,0.11547480308014399
1.0,0.8384168554663745
0.0,0.5269321033326373
0.0,0.7023451937954084
1.0,0.4548499103936708
1.0,0.7762961577088842
1.0,0.8210011842753001
1.0,0.6621037613402383
1.0,0.712927809866039
0.0,0.6475113313606711
1.0,0.8784834791813504
1.0,0.9330733989943788
1.0,0.9415351881106633
1.0,0.8369056627636098
1.0,0.716255098188187
0.0,0.7726384186414023
1.0,0.779295612432864
1.0,0.841890901612721
0.0,0.864744539054378
1.0,0.7845357792052843
0.0,0.4226001210990358
0.0,0.4881577645019927
0.0,0.0766249727840755
1.0,0.7651830245285332
0.0,0.04749109814178633
1.0,0.9197055587939025
1.0,0.8065968954387998
1.0,0.738696355989988
1.0,0.35062556957415236
0.0,0.1250878349681052
1.0,0.6883845030684645
0.0,0.19155959219026533
1.0,0.5139231243558072
1.0,0.7988548883205263
0.0,0.27359538197181277
0.0,0.24135535192178406
0.0,0.09614379645592597
1.0,0.7827204927587241
0.0,0.18170804541897112
1.0,0.6317431599265924
1.0,0.7237832445340462
1.0,0.27195964306718334
0.0,0.06824964677127969
1.0,0.8209748657702118
0.0,0.1904832959437664
0.0,0.23161738967923745
0.0,0.8281505192556076
0.0,0.3902184157844345
0.0,0.5832241267923327
1.0,0.46748199388730793
0.0,0.3528948051851195
1.0,0.9024754402063995
0.0,0.7550687580446112
0.0,0.16114207425716773
1.0,0.41430433010473233
0.0,0.623617203205659
0.0,0.1435923199807372
1.0,0.8075212906620491
0.0,0.08316711630984866
1.0,0.9866840529908874
0.0,0.15058641369000858
1.0,0.46513542842030314
1.0,0.9251666402516221
0.0,0.23617778341353396
1.0,0.7881211754233824
1.0,0.23238389279945243
0.0,0.01836069400143648
0.0,0.46083058285375156
0.0,0.5998779301792183
1.0,0.7408167167675703
1.0,0.8828792238865013
0.0,0.35108775127251335
1.0,0.6131620110219724
1.0,0.9162048460822282
1.0,0.2586159079753229
1.0,0.8491214015249751
1.0,0.6837409953359173
0.0,0.7763277434477652
0.0,0.5529119913053796
1.0,0.5150206012267049
1.0,0.6588460400458719
1.0,0.5886216041671772
0.0,0.26896798903989255
0.0,0.6730500005409769
0.0,0.08535023060460509
1.0,0.7242588859905247
0.0,0.9370894337692912
0.0,0.562599675542484
0.0,0.21103711597450472
1.0,0.4254435679275931
1.0,0.8439975118771507
0.0,0.44684915365884503
0.0,0.36828091675660934
0.0,0.24524776355588757
1.0,0.9320697028105526
1.0,0.5026820355527684
1.0,0.2720833748135961
0.0,0.4431448505328238
0.0,0.41880055742480843
0.0,0.2259089162156062
0.0,0.16941690211394866
0.0,0.9479325064528072
0.0,0.17144581252763652
1.0,0.48907768741600294
0.0,0.5314075924421282
0.0,0.1532859297164519
1.0,0.7108856087455822
0.0,0.02633096462421646
0.0,0.8736137909002271
0.0,0.0901170986617041
0.0,0.7971059570339333
1.0,0.7781905896028309
1.0,0.6361686106116167
1.0,0.6032715476538641
1.0,0.5871382090093588
1.0,0.6572564712776927
0.0,0.03735537066821889
0.0,0.4843080089119491
1.0,0.26623214660399475
1.0,0.49552404409673984
0.0,0.6645531268843771
1.0,0.672245778174335
0.0,0.6172002396559092
0.0,0.6125525700006847
0.0,0.1589021316998515
0.0,0.17202353389782915
0.0,0.16709220742178565
1.0,0.8878100053086747
0.0,0.5593473471580781
1.0,0.21842588993849157
0.0,0.11729288229706265
0.0,0.033561741543379806
0.0,0.4608342157144965
0.0,0.1190251639867538
0.0,0.5391246626818884
0.0,0.5899687281224142
0.0,0.012042067320271225
1.0,0.7512490272005196
1.0,0.7314013037739882
1.0,0.7881243690562554
0.0,0.16272262191223055
1.0,0.9063639197957507
1.0,0.6058128146736624
0.0,0.3595447775980235
0.0,0.20564057360158317
1.0,0.7352637690475836
0.0,0.4846686641299572
0.0,0.4488445304445442
1.0,0.5427899458108454
0.0,0.06013808383174435
1.0,0.803607664718019
1.0,0.3635502292967402
0.0,0.09564988910881482
1.0,0.5028878266321172
1.0,0.9522744101847609
0.0,0.2383735515221807
0.0,0.175369013427096
0.0,0.17974564624489994
0.0,0.20859378070712337
1.0,0.7425224994300043
0.0,0.6112162698650483
1.0,0.266361328900086
1.0,0.42484089415867776
0.0,0.2477185670600086
0.0,0.08208599287018954
0.0,0.5989329178175872
1.0,0.6912455183057696
0.0,0.0751486299897685
1.0,0.9330262909888347
1.0,0.2325556139225815
1.0,0.48557297094187274
1.0,0.7254076178971658
1.0,0.6267695899801161
1.0,0.8567243825674785
0.0,0.2832070063970869
0.0,0.4064932683068495
0.0,0.0383211684599646
0.0,0.32247765157017827
0.0,0.10937096908609507
0.0,0.4348347242927007
1.0,0.8641409994499266
0.0,0.11777905513397383
1.0,0.8431754559909688
1.0,0.5655294182355762
0.0,0.9012106807419917
1.0,0.7798515101951684
1.0,0.8026090456993359
1.0,0.6981931827438157
0.0,0.6136736720894592
0.0,0.04630881179502018
1.0,0.6227572640426169
1.0,0.8237128163721856
0.0,0.19579728875655805
0.0,0.5628174871815033
1.0,0.5873777398271885
0.0,0.5178865091850313
1.0,0.8441715396550956
0.0,0.12072651786431968
1.0,0.651798940308701
0.0,0.18437877680399034
1.0,0.9110346824334989
1.0,0.3174512672091633
0.0,0.653229751057966
1.0,0.16383261846489613
1.0,0.47302059458364176
0.0,0.45919679455942475
0.0,0.21578147399389858
0.0,0.42853996130146205
0.0,0.10147601908599593
1.0,0.7960069127478736
0.0,0.2647902081418123
0.0,0.7765880564746468
0.0,0.11416386258974284
0.0,0.4764236009680024
1.0,0.5216742939684128
1.0,0.6288585514367798
1.0,0.5573345465281926
0.0,0.3808117271241378
0.0,0.021519736469213957
0.0,0.13454037727713497
0.0,0.0787517206433303
1.0,0.9326096856266423
0.0,0.2934104576222436
0.0,0.06344953299934634
0.0,0.7001389174532984
0.0,0.035665608550199554
0.0,0.18429048854737823
0.0,0.3483230700188502
1.0,0.8572435851882825
0.0,0.26093649315472345
0.0,0.06107183348751334
0.0,0.2983908337100788
1.0,0.9154158153938681
0.0,0.5164775232497048
1.0,0.8126970584077091
1.0,0.7684002005252198
1.0,0.7591008172902713
1.0,0.24128959617568507
0.0,0.05585165037255563
1.0,0.7398183183312484
0.0,0.39731879802292147
0.0,0.13777361125942267
0.0,0.10860288392171587
0.0,0.17804480510785503
1.0,0.6556161537337314
0.0,0.7644521512007978
1.0,0.22067136704486115
0.0,0.4415989045331113
0.0,0.04296689440112613
1.0,0.38023920751193646
1.0,0.5108490228663245
0.0,0.8324411399325241
0.0,0.47830617857105084
0.0,0.0896586200016882
0.0,0.04223120389189304
0.0,0.23717401421323198
1.0,0.6175891262550971
1.0,0.7229864296161643
0.0,0.20827961251408028
1.0,0.3857354753392893
1.0,0.6384909633252362
1.0,0.7892054172650106
0.0,0.11600426093987744
1.0,0.6517321950064805
0.0,0.8143354261140097
0.0,0.15102034331212988
0.0,0.7011858504131823
1.0,0.5100036330105103
0.0,0.8779931156668953
0.0,0.33383151931226396
0.0,0.2100684899894011
1.0,0.5976753667488233
1.0,0.6824162517693801
1.0,0.657305354438529
0.0,0.23168831623241473
1.0,0.4558955317874007
0.0,0.16129000476624356
1.0,0.14270966299669854
1.0,0.6150140209088779
0.0,0.8092089433893841
0.0,0.06790543308827673
1.0,0.8759992434628469
0.0,0.4640656172111141
1.0,0.9006373790869142
1.0,0.7127640748522452
0.0,0.0300989910068215
1.0,0.3097090657712619
1.0,0.8706576525804877
1.0,0.6810549756017646
0.0,0.31199873874851575
0.0,0.27361380628436394
0.0,0.24922710762590464
0.0,0.8785723182217481
0.0,0.9669226558479815
1.0,0.33246931223556436
0.0,0.06735134604556448
0.0,0.09912083885566667
0.0,0.5376174994146986
0.0,0.33000257900564123
1.0,0.9214660601203948
0.0,0.44332182226658146
1.0,0.8518213368437735
1.0,0.8839109597934851
1.0,0.5400345491871633
0.0,0.5624747914202285
0.0,0.06357094032163024
0.0,0.14594488683275847
1.0,0.7867961799967343
1.0,0.5092852128671879
1.0,0.941417060142187
0.0,0.18786864378928864
1.0,0.8636149914635085
1.0,0.48631235277388185
1.0,0.545388144233816
1.0,0.11136879360566354
0.0,0.37134057755117417
1.0,0.5113355036124957
0.0,0.15973487233419287
1.0,0.4001929384069838
0.0,0.3248470259117121
0.0,0.5308755869809921
1.0,0.6840737600586044
1.0,0.882809171562621
0.0,0.06227573804082297
1.0,0.1969974658319563
0.0,0.07317244013728064
1.0,0.7887534641267023
1.0,0.6514680885692485
1.0,0.9554815357309872
1.0,0.735725252738944
0.0,0.0896804149614149
0.0,0.21983745025477916
1.0,0.9100614764536819
0.0,0.6560661279590824
1.0,0.7956980143301935
0.0,0.23848935970983814
1.0,0.8074694306734183
1.0,0.4686566240306361
0.0,0.13899854237346507
1.0,0.5713819839350142
0.0,0.08644589174133335
0.0,0.6959314523579382
0.0,0.16798948281511702
1.0,0.8425570549673876
0.0,0.2203325609110683
0.0,0.7824016260859237
1.0,0.7526659090656254
0.0,0.052971172898969895
1.0,0.9216800043937481
1.0,0.7863743609057223
1.0,0.3664193049765644
1.0,0.3175364384034906
1.0,0.7895965751281462
1.0,0.48345628746935276
0.0,0.3059977638193617
1.0,0.8385457292714797
1.0,0.9520239705607455
1.0,0.7847796018552341
0.0,0.4830315603260572
1.0,0.783601174076141
1.0,0.38384652235252403
0.0,0.12238837046627457
1.0,0.7616311509994439
1.0,0.27195201579423234
0.0,0.2172155439034999
1.0,0.629365184169635
0.0,0.32339872239016143
1.0,0.8366880472152534
0.0,0.18245984318775113
0.0,0.3952183621075724
0.0,0.11194261089055368
0.0,0.6185698666830155
1.0,0.2715639219049122
0.0,0.12129097285449578
1.0,0.22978274483136168
0.0,0.09442454008407893
1.0,0.8890408931110457
1.0,0.9510528590775801
1.0,0.7809695750425736
1.0,0.8241267317375176
0.0,0.3731198923752209
0.0,0.3965384961387848
0.0,0.12594812069137967
0.0,0.6177718160451591
1.0,0.9437490200927389
1.0,0.8877470795621113
1.0,0.9427821761747357
0.0,0.05757807168675879
1.0,0.611507264550126
0.0,0.6397160286252725
1.0,0.3459847399830807
0.0,0.3754003706836893
0.0,0.5702588728928178
0.0,0.4934938550579379
1.0,0.7308651325924032
1.0,0.4195817681447229
0.0,0.10097334374316302
0.0,0.5541775916202273
1.0,0.7282709520507182
0.0,0.34280970901948954
0.0,0.03163568581965751
1.0,0.5632292671914279
0.0,0.48485572640356905
1.0,0.6906912664068929
0.0,0.7067716102130885
1.0,0.4498339522595455
0.0,0.3355780955121316
0.0,0.12299840561984836
1.0,0.4746145288081401
1.0,0.3483302081679579
1.0,0.6582011357318583
0.0,0.31772976281058074
0.0,0.5302463389215044
1.0,0.18208963847286325
1.0,0.559398320873436
1.0,0.24653673816441754
0.0,0.4382416701111553
0.0,0.6911147514725091
1.0,0.6439141340598036
0.0,0.7426666845329754
0.0,0.19680905087462972
0.0,0.6554505398660208
0.0,0.38203319825725474
0.0,0.8098459548618738
1.0,0.6770523860567506
0.0,0.7736459494894247
0.0,0.13761556807355035
1.0,0.5699679358473153
1.0,0.9136564175776988
0.0,0.20159567768859693
1.0,0.7890932335523503
1.0,0.6622000446178722
0.0,0.4056288834819478
1.0,0.504547205107778
0.0,0.03578844654765274
0.0,0.03932275120786632
0.0,0.2829639435722065
1.0,0.7462772917020908
1.0,0.5523143838270193
0.0,0.5455228581148822
0.0,0.08069255624985743
0.0,0.11543556047076545
0.0,0.23166157783820948
0.0,0.525164464304648
0.0,0.18443920717563894
1.0,0.3029644435307742
1.0,0.8046622907538745
0.0,0.4255678143179094
0.0,0.41626604240918275
0.0,0.4600748274579815
1.0,0.9515416402847178
0.0,0.5374023423787581
1.0,0.9340228648006829
0.0,0.14658789094699154
0.0,0.14220436053224686
1.0,0.9700978148985495
0.0,0.23262429044800373
0.0,0.1862109854967672
0.0,0.017075510518655353
0.0,0.06484145722280846
1.0,0.8830488075082504
0.0,0.6852272090687022
0.0,0.09793195083777742
1.0,0.4131109291985853
0.0,0.19957660471819844
0.0,0.04262597260826538
0.0,0.24074657030869467
0.0,0.39143141541041115
0.0,0.7743024425980833
0.0,0.48769184341425725
1.0,0.6368174500079385
0.0,0.09493133096075544
0.0,0.9298233711390556
0.0,0.5672575213780509
0.0,0.18008299103639813
1.0,0.9152706968705602
0.0,0.15365746618341855
1.0,0.3656818887700982
0.0,0.0877600807003328
0.0,0.16131408577604853
0.0,0.531511947817674
1.0,0.6997490211103348
0.0,0.14105355911892298
0.0,0.39374838163700066
0.0,0.2286077974730202
1.0,0.9569599810903531
1.0,0.3640317464288668
0.0,0.12946809564280462
0.0,0.6617097913706619
0.0,0.6560638383298268
1.0,0.31651661743208226
0.0,0.04328054592163071
1.0,0.6984668889271555
1.0,0.609778245484277
1.0,0.3219393010830391
1.0,0.945424773798446
0.0,0.10010311200316875
0.0,0.054319018402299316
1.0,0.8887965306817499
0.0,0.7644695022535452
0.0,0.7130438375671599
1.0,0.7024601005615599
0.0,0.05236968303065306
1.0,0.7349748064313569
0.0,0.7960267728661239
1.0,0.9651448627124909
0.0,0.3994055615953899
0.0,0.04499580272161368
0.0,0.6319777076532089
0.0,0.46205636114046456
0.0,0.23109255245120272
0.0,0.6943619364256819
1.0,0.8247139074306507
0.0,0.5245525097487305
1.0,0.8856510208297651
0.0,0.763687447105861
1.0,0.8493539606555546
1.0,0.921034663119686
1.0,0.8317415747529038
0.0,0.5317563394249059
0.0,0.13340655849904387
1.0,0.5890146067065191
0.0,0.08259245690601372
0.0,0.694686696898248
0.0,0.1035797934434233
1.0,0.8142217788178605
0.0,0.2787834269679813
0.0,0.5928804098352035
0.0,0.8889465423445827
0.0,0.3116735043971881
1.0,0.38989279766248547
1.0,0.8097224317154932
1.0,0.6315479733146054
1.0,0.6692378338602992
1.0,0.37681398560071117
1.0,0.7118626771423326
0.0,0.6383498806080845
0.0,0.9155295486287759
1.0,0.8061588031862662
0.0,0.7960190364369885
1.0,0.623967923147039
1.0,0.9258707554360364
0.0,0.05079181176495366
1.0,0.732425717161229
0.0,0.3325315453865382
0.0,0.18449307843093848
1.0,0.8707645057955453
1.0,0.9278550705055938
0.0,0.15093577465976243
0.0,0.03282139241754169
0.0,0.21955607217440298
1.0,0.935789821561286
1.0,0.40296665809429666
0.0,0.42801720984616826
1.0,0.9510109760628025
0.0,0.05563640574634458
1.0,0.3510334659696324
1.0,0.7987426205824477
0.0,0.10834546736816639
1.0,0.6975885882691933
0.0,0.11904053055524404
0.0,0.7386767929585843
0.0,0.5384065587239151
0.0,0.5793893471454832
0.0,0.17658934784182043
0.0,0.7766359506948887
1.0,0.8122785348024582
0.0,0.7446404278357733
1.0,0.6757020244582177
0.0,0.650963884674322
0.0,0.12964820037065863
1.0,0.26044979448419897
1.0,0.7529818345491658
0.0,0.04460409266824974
1.0,0.7769384185815349
1.0,0.1383405258887606
0.0,0.3266799877941397
1.0,0.4495051315921891
0.0,0.6309798886490176
1.0,0.9214683683241219
0.0,0.4096625407836381
1.0,0.8634529261569963
0.0,0.21573828839885226
0.0,0.26191385968286357
0.0,0.2265049014564214
1.0,0.7874867919217159
0.0,0.06821399640300345
0.0,0.29951644416589324
0.0,0.27798278135510596
0.0,0.145216329865817
0.0,0.15937331366856083
1.0,0.7413589501964444
1.0,0.4562182699323666
0.0,0.05060982300072595
1.0,0.5393772743444865
1.0,0.8522894313582903
0.0,0.3539352690213638
0.0,0.7961024346785168
1.0,0.5784401366457289
0.0,0.062177632548840026
1.0,0.7092408379588064
0.0,0.03963749120180937
0.0,0.43603142479321455
0.0,0.7983633875043721
1.0,0.877496025475437
0.0,0.5635265985493133
0.0,0.8669727360090222
1.0,0.9390581720936488
0.0,0.7885029939488318
1.0,0.871797792164761
1.0,0.43857644469334056
1.0,0.6047493839996866
0.0,0.41628326179502695
1.0,0.7502054563440502
1.0,0.6580838547210819
1.0,0.5128385812321528
0.0,0.4341575077031977
0.0,0.513749589417127
0.0,0.1349332706342608
1.0,0.4487548417111184
1.0,0.13125796847551643
0.0,0.4325659669844854
1.0,0.8290466514247589
0.0,0.22783013319345677
1.0,0.7012275381538556
1.0,0.7758618879884036
1.0,0.9563038119316343
1.0,0.7504406721742117
0.0,0.21400046996665184
0.0,0.25160669839047506
0.0,0.08835471459248487
0.0,0.024532236412880624
1.0,0.8240958315039588
1.0,0.40497545217877234
0.0,0.686062292759796
0.0,0.2816792127373243
1.0,0.37455801588380905
1.0,0.5405808314716838
1.0,0.8800783093511082
0.0,0.12016321236406483
1.0,0.9423056649002088
1.0,0.6651866153467415
0.0,0.05000476664408345
1.0,0.23213355075643854
0.0,0.2524286456945192
0.0,0.24144619844863763
0.0,0.07320432379374514
1.0,0.48745709325704106
1.0,0.6272906707798616
0.0,0.5286246412063667
1.0,0.5350098149691018
0.0,0.336094660946258
1.0,0.8897851153872338
1.0,0.4172295645909384
1.0,0.47745117885255484
1.0,0.5994627096765142
0.0,0.38323796576311203
1.0,0.8543784935832276
0.0,0.31923652938001373
1.0,0.7293429447352824
1.0,0.7763808649262591
1.0,0.6044457020089918
0.0,0.11310479957685435
1.0,0.47213770843067104
1.0,0.4142503475663413
1.0,0.740682486188333
0.0,0.37595495935416423
0.0,0.05090618799914094
1.0,0.8815294721742072
1.0,0.31551344635643547
0.0,0.21238443227261308
0.0,0.36505610406893885
1.0,0.28539638249617266
0.0,0.07836346999552284
0.0,0.2362414326661073
1.0,0.7366405450338128
1.0,0.626874331641093
1.0,0.6654703531414156
1.0,0.740687470045372
1.0,0.6205481726284734
0.0,0.27780580507735764
0.0,0.5636116535821551
1.0,0.72607716690444
0.0,0.4200436098252802
1.0,0.41610286224643966
0.0,0.6244725832221267
1.0,0.5556319354879313
1.0,0.7586396010883402
0.0,0.03206901455905955
0.0,0.19575007944137218
0.0,0.315153768415245
0.0,0.46121347322384076
1.0,0.6215288629258867
0.0,0.3280793262723183
1.0,0.6887894185161747
0.0,0.17035937946082091
0.0,0.32910087124541837
0.0,0.020192926668969775
1.0,0.5597509320242495
0.0,0.09393051751190704
0.0,0.20329550160714932
1.0,0.17040545573514596
0.0,0.39327864054937123
1.0,0.5116191477130139
1.0,0.8679265388338282
1.0,0.8034085687623854
0.0,0.33625130879481074
0.0,0.6400230198760413
1.0,0.894972488659986
1.0,0.8309461918110076
1.0,0.5715370565178495
0.0,0.5088731287017418
0.0,0.5687782350117022
1.0,0.7228683632741734
1.0,0.2894373308107288
1.0,0.7107386848010026
1.0,0.6825674454468208
0.0,0.9303916598980713
1.0,0.6495332465667787
0.0,0.36912472355006476
1.0,0.9985759262377429
1.0,0.8235756238751744
0.0,0.2826372257792045
1.0,0.5719274689423268
0.0,0.26764394391038915
0.0,0.24159524896524404
0.0,0.610072285825187
1.0,0.8498538256632469
0.0,0.014353922969778355
0.0,0.3187245348303788
0.0,0.8998929790098933
0.0,0.4653466060518642
0.0,0.04434696682846413
1.0,0.8047789162224495
0.0,0.28989662617487577
1.0,0.8482226792680088
1.0,0.8769053055911733
0.0,0.43966828545198433
1.0,0.552599372681897
1.0,0.7025767611526519
1.0,0.7542290943770474
0.0,0.11168003732535361
1.0,0.7853192823046122
0.0,0.8370746912161332
1.0,0.797238534667114
0.0,0.025533980501620673
1.0,0.7050202767497616
1.0,0.46675148403542116
1.0,0.8592635233093564
0.0,0.6420171470132975
1.0,0.8872904868177587
0.0,0.2713083350949149
0.0,0.47526505617831044
1.0,0.7217141052314041
1.0,0.8394934666263794
1.0,0.690991536497371
1.0,0.8900057620340664
0.0,0.31674662884789184
1.0,0.9652744070349524
1.0,0.7118482757212587
0.0,0.1086117901075296
0.0,0.31588013358103084
1.0,0.9458212995740011
1.0,0.6542459143489233
1.0,0.843581106798629
1.0,0.7850322853968351
1.0,0.5422762010604516
1.0,0.9299546600609775
0.0,0.6095253489441435
0.0,0.07389223728664415
0.0,0.04899997481581112
0.0,0.060468345915329416
0.0,0.030180866974099586
0.0,0.4675051914300439
1.0,0.27686492527575585
0.0,0.25537967271755335
0.0,0.25285841027557016
0.0,0.30043795416022406
1.0,0.8115667822264359
0.0,0.36073628700898674
0.0,0.13402810233094084
0.0,0.16294637436395246
1.0,0.8987298304745893
0.0,0.32398139854163965
0.0,0.6431243717677899
0.0,0.06471337557881279
0.0,0.3652242611055644
1.0,0.52467775706282
0.0,0.6693490245686952
1.0,0.735661304089847
1.0,0.9478448271241812
1.0,0.8145700141359583
0.0,0.20590319571740995
0.0,0.6488639998242435
1.0,0.7289534562312763
1.0,0.5582749140152341
0.0,0.09992798349328677
1.0,0.8487799468996547
0.0,0.3850405998547476
0.0,0.09314504763703084
0.0,0.7361247566469441
1.0,0.7486981134802531
1.0,0.7486127281642803
0.0,0.3608874181431677
0.0,0.14326667004112284
0.0,0.6367160050925023
1.0,0.2957004062922742
1.0,0.8422503199817235
1.0,0.7424595323874016
1.0,0.8876473361238466
1.0,0.5863337444682184
1.0,0.8974421344702959
1.0,0.36792275507640665
0.0,0.4609032018544362
1.0,0.9401997498047161
0.0,0.7288484240604926
0.0,0.3792198778584831
1.0,0.8635884037666477
1.0,0.949048148722371
1.0,0.5167862415296707
1.0,0.7056048271454282
0.0,0.23835612639422163
1.0,0.25153453086273025
1.0,0.32825062077739536
1.0,0.7690599385744454
0.0,0.21038240793704852
1.0,0.8873403468874516
1.0,0.7990449172799744
1.0,0.5380493290771498
0.0,0.1878662064342979
1.0,0.446532085561614
0.0,0.061876716226235584
1.0,0.66181327956527
1.0,0.8162411379308707
0.0,0.43131575489506196
0.0,0.29123712934103724
0.0,0.5863658297568923
1.0,0.31755663987980687
0.0,0.6133080946003644
1.0,0.8656386485735303
1.0,0.8056708935660815
0.0,0.8707406055877523
0.0,0.27257850487307
1.0,0.21674824153871186
0.0,0.19865039099017057
0.0,0.18298479454371766
1.0,0.8297609251054479
1.0,0.15614882634024288
1.0,0.4877313447500198
1.0,0.7478756521950565
0.0,0.25368810296838346
1.0,0.976149172163425
0.0,0.7212389850773737
1.0,0.6954276343167051
1.0,0.801270849389341
1.0,0.8607134355626218
0.0,0.8963194184055286
0.0,0.22733137605627096
0.0,0.09305261473145808
0.0,0.18533533262094343
0.0,0.6928110560916755
0.0,0.688520707926409
1.0,0.8472779061180195
1.0,0.8696823759581734
0.0,0.12332085380073529
0.0,0.36970422386883073
0.0,0.43415205748277624
1.0,0.6934071979319039
1.0,0.949536197291479
0.0,0.25007664669354185
0.0,0.4574100570573358
0.0,0.29158191922638704
1.0,0.7655776833863763
1.0,0.2321641657038472
0.0,0.1346086188694343
0.0,0.5456046693924785
0.0,0.18231911749654722
1.0,0.8437564031260909
0.0,0.37552865104564986
1.0,0.7148988555908925
0.0,0.7938466913324079
1.0,0.9430566286838363
0.0,0.21295840652176778
1.0,0.7865793425452192
1.0,0.8413839857613276
1.0,0.5600788109258239
0.0,0.0918266452320153
1.0,0.5959144636734516
1.0,0.39203436871479935
1.0,0.3181221392378122
0.0,0.03072907947452442
0.0,0.3913979740245012
0.0,0.6645492516949779
1.0,0.7121274984075914
0.0,0.4309147304098497
0.0,0.35629455467360654
0.0,0.2758237369714925
0.0,0.09364946076218046
0.0,0.09308859367982494
0.0,0.2132089365403091
1.0,0.2369252092475073
1.0,0.9023556366612773
0.0,0.3831235809804826
1.0,0.8378955299855129
1.0,0.9541771875710199
1.0,0.6477193586616365
1.0,0.6862017668661814
1.0,0.7946612430451137
0.0,0.10053817322839813
1.0,0.331637471478757
1.0,0.6740116101149068
1.0,0.44638752968698847
0.0,0.1265514070081418
0.0,0.28055090990233134
1.0,0.20733702224648692
1.0,0.4592251035937408
0.0,0.062170042423953506
0.0,0.07141814791205876
1.0,0.17464261439431567
1.0,0.8041664041951515
0.0,0.42210378265528997
0.0,0.11797233258562483
1.0,0.866224936251174
0.0,0.04492282382359342
0.0,0.3618396781809119
0.0,0.09292810328845018
1.0,0.42066461301691965
0.0,0.7260862665976285
1.0,0.695951655469847
1.0,0.31562364213409
1.0,0.811158447670852
1.0,0.8783800016805609
0.0,0.02394416047480751
1.0,0.6469846494717052
1.0,0.6893777919292784
0.0,0.45909214294992706
1.0,0.8636983690763138
0.0,0.2707985302525814
1.0,0.9253563240838071
1.0,0.6060739232811572
1.0,0.8478736975929679
0.0,0.9332492787351161
1.0,0.7647032879301305
1.0,0.5523680018402243
0.0,0.16651686126958803
0.0,0.5559311340336686
1.0,0.63916806117856
1.0,0.5633555590299784
0.0,0.08208764787459158
1.0,0.8942861451506147
1.0,0.5981920406795896
1.0,0.8194185222769794
1.0,0.3322095711499074
1.0,0.7073468348383608
0.0,0.20260469584551047
0.0,0.08971937463305861
0.0,0.07442220282630235
1.0,0.567442153992691
0.0,0.824070674488904
1.0,0.8978592472142729
1.0,0.7416081868925122
0.0,0.5091410537371017
0.0,0.07222504266064328
1.0,0.8600197332906359
1.0,0.773287313392815
1.0,0.683482721744426
1.0,0.48972874074644307
0.0,0.3930967407449296
1.0,0.27368411548671095
0.0,0.2236882097466022
1.0,0.8643295459363805
1.0,0.7508409258264445
1.0,0.7317825334617873
1.0,0.7199014179230668
0.0,0.833220781097727
0.0,0.023431070451611687
0.0,0.5952773374508743
0.0,0.6365148798921934
0.0,0.17788364378550758
1.0,0.9220352999521977
0.0,0.21240293913240976
0.0,0.2973228967353583
0.0,0.46204388028908044
1.0,0.8281789603521114
0.0,0.5544172517249182
0.0,0.48253271864087405
1.0,0.7881472704332302
0.0,0.2914366924833379
1.0,0.37154620992176657
0.0,0.5246268337824476
1.0,0.8851445649997812
1.0,0.43733519700309564
1.0,0.7288106496274366
0.0,0.41644891202395035
1.0,0.41778738630285595
0.0,0.4157094925989925
0.0,0.36820752787224165
1.0,0.7679561565723648
1.0,0.6974113012630638
0.0,0.4602425902092073
0.0,0.5938938344004053
0.0,0.6329663782448798
1.0,0.38407655558412507
0.0,0.735472414621712
1.0,0.4606180504202638
1.0,0.6955910069363107
1.0,0.8221748304938392
1.0,0.46198695903300946
0.0,0.22207117135526372
0.0,0.22882746084288158
1.0,0.456729734036536
1.0,0.5622253183371615
1.0,0.8146822905331665
0.0,0.28474823134693117
0.0,0.27407149991767427
1.0,0.7010324773317758
1.0,0.6786079366886647
1.0,0.17531610687388377
0.0,0.13364607863730935
1.0,0.6484124472133697
0.0,0.7287002950474923
1.0,0.5829941675869348
0.0,0.0769342314435826
1.0,0.6737639055255342
1.0,0.5622427118604979
1.0,0.7398387026751616
0.0,0.10259880001154179
0.0,0.056898151552608786
1.0,0.7391600199155821
1.0,0.6073815713363392
1.0,0.9261843104767635
0.0,0.22768200211699735
0.0,0.6041763890376393
1.0,0.6446414037164019
0.0,0.4776365416520135
1.0,0.9699219666143583
0.0,0.7581289542540194
0.0,0.07848877950546537
0.0,0.36597571066869045
0.0,0.8768156087604171
1.0,0.8146485374713615
0.0,0.3736757310684988
1.0,0.9471572810115193
1.0,0.7798129953947065
1.0,0.3700172700712189
0.0,0.4925467907451019
0.0,0.5043958941377021
0.0,0.11212681923821124
0.0,0.0194310625339965
0.0,0.7084056428313684
0.0,0.12002388998194591
0.0,0.09059358336257772
0.0,0.06274101055547203
0.0,0.11562462783175742
0.0,0.1742335270098711
0.0,0.14468382416524195
1.0,0.7711076239744153
0.0,0.1408000059608865
0.0,0.15434933882829
1.0,0.8643355330068031
1.0,0.45776175723491636
0.0,0.503615205628491
0.0,0.0768398902871152
1.0,0.6307854785833875
0.0,0.4063376959194345
1.0,0.8103092375032921
0.0,0.24496452897111176
0.0,0.35789143611032326
1.0,0.5421830890057732
0.0,0.026948269470938195
0.0,0.26022027980456724
1.0,0.2275505120406498
1.0,0.8835989185888267
1.0,0.8525181558947577
1.0,0.9558164924891104
1.0,0.7099343113203508
1.0,0.4132375146324005
0.0,0.0750130024873948
0.0,0.028210471194105115
0.0,0.25970244646936613
1.0,0.6977615121697424
0.0,0.3028673385144298
1.0,0.8588925263219543
1.0,0.8989755410110118
1.0,0.644498566528595
0.0,0.33447902290866866
1.0,0.8495778072889714
0.0,0.1241155060718359
1.0,0.22597492459869173
0.0,0.4877654894511941
1.0,0.32613953354675307
1.0,0.12296238281719014
0.0,0.06483851693094818
0.0,0.08006672157136621
1.0,0.777227796971838
1.0,0.7428367809253196
0.0,0.6204175050456301
1.0,0.8502811449215052
1.0,0.7807090382791956
0.0,0.7003356778352089
0.0,0.010672620295599561
0.0,0.15079586462946853
1.0,0.8783783657704397
0.0,0.360163360920397
0.0,0.667418671162959
1.0,0.9234947085354179
1.0,0.28782074603235275
1.0,0.3945103477855067
1.0,0.46201759331175873
1.0,0.355724449520953
1.0,0.7715936391383869
1.0,0.734299702719872
0.0,0.31982604462169795
0.0,0.04309805334647605
1.0,0.9163198123213769
0.0,0.3691860247601225
1.0,0.8998394724724245
0.0,0.2616470862522057
0.0,0.23857236902909632
0.0,0.10076121417821801
0.0,0.4862879503872356
0.0,0.06631172589401302
1.0,0.9142656915707483
1.0,0.16481909696980657
0.0,0.6976527621206154
0.0,0.39456684783202045
1.0,0.5052618215072291
1.0,0.8903911793468847
1.0,0.8810251452129053
0.0,0.29372076935091707
0.0,0.029961328404206605
1.0,0.2568924621049219
0.0,0.08491147743186267
1.0,0.35100438458027733
0.0,0.4210052898981697
1.0,0.8410892414016852
1.0,0.7226364453617855
1.0,0.5603392650999273
0.0,0.8409629455657616
0.0,0.6366100737096041
0.0,0.1809300308747529
0.0,0.03644348891390867
1.0,0.5844384196997561
0.0,0.027450507832960547
1.0,0.715533635136115
1.0,0.42220226979986997
1.0,0.9632916409107871
1.0,0.6003967439953986
0.0,0.09770119722856159
1.0,0.923764361280029
1.0,0.48138946379390174
0.0,0.19161712449791343
0.0,0.40541549421394346
0.0,0.2102205776102128
1.0,0.3836720204487826
1.0,0.4802272002981918
0.0,0.137245326511706
1.0,0.8634425044150362
1.0,0.4959730283629029
1.0,0.4711893422069068
1.0,0.4994909139352117
0.0,0.09542252405689346
0.0,0.09514805840653986
1.0,0.5070413002424321
1.0,0.9855628611764982
1.0,0.4811894626972325
0.0,0.24717535024806275
1.0,0.5577532551754154
1.0,0.7334057161677192
1.0,0.8658994751501803
1.0,0.8020950876397153
0.0,0.8089276272311168
0.0,0.2233742167729989
1.0,0.23520363715385567
1.0,0.619419801624858
0.0,0.27715940223786506
0.0,0.523499922725447
0.0,0.4009533935021906
1.0,0.6778258104417152
0.0,0.755310359409618
0.0,0.15538848065233818
0.0,0.04758919983015676
1.0,0.794183599369676
1.0,0.6562629304597265
1.0,0.25659924580281646
0.0,0.7902760023706699
1.0,0.16040771982191693
0.0,0.1043649335579662
1.0,0.5895599679754784
0.0,0.4016542092234719
1.0,0.6651185187541924
0.0,0.4902846343725811
0.0,0.08476865445069545
0.0,0.08511596405893943
1.0,0.9032240360595969
0.0,0.3562118968662227
1.0,0.7822675393543029
1.0,0.8822808795616821
0.0,0.18507799950901566
0.0,0.10359458124088412
0.0,0.15563222005780486
1.0,0.9058535481998117
1.0,0.9294528688150769
0.0,0.33910479838011576
0.0,0.030180866974099586
1.0,0.7589076485582732
1.0,0.8863807464201725
0.0,0.5674724332002412
1.0,0.9027753364792765
1.0,0.4260012715799153
0.0,0.056623328090721084
0.0,0.20578763128079913
0.0,0.15209426537855192
0.0,0.18423913773361728
1.0,0.2523465477028852
0.0,0.5963921903125164
1.0,0.7806913573964516
1.0,0.3837425617736035
0.0,0.3641489173544658
0.0,0.3547488919627674
1.0,0.2932033671537876
0.0,0.0495255678740223
1.0,0.6334458237568074
1.0,0.8677368118125864
1.0,0.9565740033747252
1.0,0.8402526992283551
0.0,0.31411436400316034
1.0,0.7868234168331398
0.0,0.037808929191426845
0.0,0.16682809209374277
0.0,0.6701526366939984
1.0,0.7974514229808899
1.0,0.3932669413015959
1.0,0.6498019710705004
1.0,0.6630835415817802
1.0,0.3264485881566296
1.0,0.4573881688630584
0.0,0.0792032741759695
0.0,0.2099014197156904
0.0,0.03720732823471327
0.0,0.16606880835132612
0.0,0.07118012924276769
0.0,0.20822292684868043
1.0,0.47179735324605215
0.0,0.19119851316214448
0.0,0.384984189517467
0.0,0.28230898704200796
0.0,0.50228166794701
0.0,0.7223105822052478
0.0,0.08268342832787576
1.0,0.6651713968550389
0.0,0.05023055242068306
0.0,0.0720647689953118
1.0,0.7455766378248259
1.0,0.34159805209625327
0.0,0.7170368381208252
0.0,0.1041670002626212
1.0,0.612589851702141
0.0,0.46871493342660947
0.0,0.22470223962764133
0.0,0.6993258606000116
1.0,0.9095281897570437
1.0,0.8462906598144333
0.0,0.3506345289787748
0.0,0.2766234015825358
0.0,0.20501439630480572
0.0,0.09418101332625667
1.0,0.8584814566485255
1.0,0.8266430220390303
0.0,0.08117415306663002
1.0,0.918883190724938
1.0,0.7179242597966174
1.0,0.79305065261154
1.0,0.4790329517445229
0.0,0.19994873486399334
1.0,0.1806989134551462
0.0,0.8893383726961602
0.0,0.09036536981904027
1.0,0.6869137276875292
0.0,0.21821020324849855
0.0,0.4897759009655763
0.0,0.18415980143627406
1.0,0.6317085928543791
1.0,0.8962741157843714
0.0,0.35949426980760896
1.0,0.6941747712118495
0.0,0.06608486916864262
1.0,0.7241382262479813
0.0,0.25519313412926514
1.0,0.8040668190109276
0.0,0.49782562483642756
1.0,0.8149108049926511
1.0,0.6672681494534497
0.0,0.43042221030513594
1.0,0.8300432699415318
1.0,0.32805262647643574
1.0,0.6638426843543671
1.0,0.7157350218837267
0.0,0.6025913489643047
1.0,0.6769854058851809
1.0,0.5852497827791904
0.0,0.8593465832728819
0.0,0.6488434703870918
1.0,0.8945277560145464
1.0,0.7449088388307332
0.0,0.03798473341783445
0.0,0.14317225948545684
1.0,0.7953995579891547
0.0,0.8351498521170704
0.0,0.07509976054054573
0.0,0.8839093927960915
1.0,0.9586679236740441
1.0,0.6171350349326501
0.0,0.030452387136980445
0.0,0.06726981078865664
1.0,0.8273646124402891
1.0,0.38768035442072213
1.0,0.3692631867913037
1.0,0.7825290355958231
0.0,0.9770371439581194
1.0,0.7584501808446332
0.0,0.6921413424311093
0.0,0.2503564971982412
1.0,0.6470671112484677
1.0,0.6013671591210527
0.0,0.16381896012122116
1.0,0.8451342625520958
1.0,0.8031172023858122
0.0,0.06265900582918899
1.0,0.8870496858478202
1.0,0.1912573835790413
0.0,0.4019890079254168
0.0,0.6670352423090964
1.0,0.5118127491873159
1.0,0.6560230785910026
1.0,0.34584808265732647
0.0,0.8553750477737602
1.0,0.9443768202614473
0.0,0.28860019470675324
0.0,0.04544002327392224
1.0,0.5363773730555108
1.0,0.7200054549911614
1.0,0.7580500792582836
1.0,0.7204174013682334
1.0,0.7001425760006436
0.0,0.35832144287910256
0.0,0.10431169211038145
0.0,0.07770144106023966
0.0,0.41286829938793834
0.0,0.8945697090140318
1.0,0.18552627972285823
0.0,0.796181675297273
1.0,0.8396682033694483
0.0,0.31825894259592197
0.0,0.07113083818993633
1.0,0.828252005172477
0.0,0.5801848427758612
0.0,0.07871134217313512
1.0,0.7586850364302148
0.0,0.5763161954535552
1.0,0.937541604202095
1.0,0.3923166923110838
1.0,0.9323344064251188
1.0,0.8378650855711836
1.0,0.8919953765632979
0.0,0.4339172196324513
1.0,0.5147319016038431
1.0,0.8252143596630821
1.0,0.7918128435964236
0.0,0.14363006258277533
1.0,0.7460976544061507
1.0,0.5988069418197326
0.0,0.09561757798494089
0.0,0.20576823531508454
1.0,0.4768402142599191
0.0,0.3330835711866513
1.0,0.6243377755616581
0.0,0.032409523270022236
0.0,0.46915012293554986
1.0,0.9201614294040805
1.0,0.7993169437478242
1.0,0.7078817647587659
1.0,0.8870321543041918
1.0,0.7082217021689313
1.0,0.9141841886240585
0.0,0.1863657434143243
0.0,0.2050775484745643
1.0,0.8556529600108126
1.0,0.9005789975550991
0.0,0.05912678604460503
1.0,0.6171707694549121
1.0,0.8579363297259178
0.0,0.09002241780728766
0.0,0.2890059923002864
1.0,0.8305495084554151
1.0,0.6737070459313632
1.0,0.7428898222845952
1.0,0.4778291749336607
1.0,0.9539210346033918
0.0,0.09613084968538717
1.0,0.19613583779976937
1.0,0.4521119294492088
1.0,0.7927516155799078
1.0,0.9041669789068942
0.0,0.5137675636528366
0.0,0.30819047421344614
1.0,0.8919192668155909
1.0,0.580623671634733
0.0,0.5505842886618301
0.0,0.2619252548658416
0.0,0.21374648382989178
0.0,0.2806726798515684
0.0,0.14822757585224783
1.0,0.7785919393602423
0.0,0.26345908994389144
1.0,0.3762832001837527
0.0,0.06733085977258096
0.0,0.06320221849658693
0.0,0.7046455601732051
1.0,0.7595606654036297
0.0,0.16878734598416117
0.0,0.24846880756957607
1.0,0.4418857049682209
0.0,0.03343338095119021
1.0,0.7459329413217265
1.0,0.9383408648322338
1.0,0.7255650050714993
1.0,0.6192467199831979
0.0,0.6346827715545509
1.0,0.7543693815129566
1.0,0.8800185324430331
1.0,0.7887770921200883
0.0,0.06615769496829235
1.0,0.7276053471996258
0.0,0.2579642783295348
1.0,0.49209983710110505
1.0,0.7126881387112585
0.0,0.2734540061230522
0.0,0.12009874682116883
1.0,0.7979586480907608
1.0,0.8794799731736965
0.0,0.15391248637070237
0.0,0.0631925677846478
1.0,0.7901674984995732
0.0,0.5091471753640251
0.0,0.24799741324726177
1.0,0.8455250635920004
0.0,0.6006212191274829
0.0,0.30834726747850244
0.0,0.06935760264449439
0.0,0.1383054315904617
1.0,0.7666978417835523
0.0,0.2040545322903423
1.0,0.7881933721976082
0.0,0.036123432408961695
0.0,0.9292517584189586
1.0,0.10678175305808442
1.0,0.25339939690018076
0.0,0.10432342398311015
1.0,0.298095737564427
1.0,0.7194094462243444
0.0,0.16221200852931678
1.0,0.9693109230759989
0.0,0.23376921556869412
1.0,0.9533062602302362
0.0,0.5876250387370232
1.0,0.29680924000489817
1.0,0.5329801416225257
0.0,0.5320422579278248
0.0,0.5411164455424311
0.0,0.08054504852106721
0.0,0.43607727807596774
1.0,0.6975264013002456
1.0,0.6139028951987159
1.0,0.6059865155192335
0.0,0.6651910019035572
0.0,0.16470530129098543
1.0,0.9196100922185042
1.0,0.44552125918062463
0.0,0.6850364876314725
0.0,0.11755054041394508
1.0,0.9138445544760948
0.0,0.6727542540660082
0.0,0.5292852522010898
0.0,0.054358469144158914
0.0,0.04119014122238729
0.0,0.07786263294183782
1.0,0.920006093095726
0.0,0.6256716086674444
0.0,0.1825920593466167
0.0,0.42333239372026643
0.0,0.6867617461369054
0.0,0.22441985254936864
1.0,0.8009180474600617
0.0,0.7734399424317221
0.0,0.726092779637477
1.0,0.429499848477246
0.0,0.7789692162378811
0.0,0.8485537295379183
1.0,0.7619206382524232
0.0,0.32128307062896766
0.0,0.9203374034605382
0.0,0.5805914385602451
1.0,0.7778008996264586
1.0,0.9186614666263815
1.0,0.24072990895506843
1.0,0.6361355523957009
1.0,0.8499393202523977
0.0,0.7501514101268414
0.0,0.7638261807047997
1.0,0.9541613336645712
1.0,0.858103777161611
1.0,0.8652567985008064
1.0,0.8975079265985094
1.0,0.5350505662637366
0.0,0.3358298648948847
0.0,0.03149049504599431
1.0,0.6105559539780151
0.0,0.2349452043915193
1.0,0.8757613736086446
1.0,0.615080384414058
0.0,0.5165830651985784
0.0,0.2364845108044574
1.0,0.6848727451008326
1.0,0.9309931335312072
0.0,0.41289917419316274
1.0,0.7235457930186027
0.0,0.6417364641391636
0.0,0.11891352446263737
1.0,0.754716448596452
0.0,0.2559121544962263
0.0,0.5937269594924481
0.0,0.8966821521025021
1.0,0.943903834154337
1.0,0.8640450043407079
0.0,0.10018797281014731
0.0,0.7129656756499596
1.0,0.5148564317168761
1.0,0.8399211566797321
1.0,0.15467790524005415
0.0,0.7016209795340723
0.0,0.5109121320662884
1.0,0.360237050430645
0.0,0.2552578036116918
0.0,0.44873666417530494
1.0,0.14487559057062893
0.0,0.49633318563909523
0.0,0.7577463180370463
1.0,0.5952890282340311
0.0,0.5033479472444429
0.0,0.07339656094009163
0.0,0.16585184811916778
1.0,0.5654780224529639
0.0,0.07354815950812413
1.0,0.8667717016311475
0.0,0.52214965344857
0.0,0.19064508774825586
0.0,0.36103288879170803
0.0,0.5056955827366638
1.0,0.7332427966928179
0.0,0.6583625121846043
0.0,0.18823919922842708
1.0,0.9023214349492656
0.0,0.08840963160881792
1.0,0.6469650556936969
1.0,0.801389938032463
0.0,0.3374748249610044
0.0,0.05412681734725797
1.0,0.5815111125948458
0.0,0.7827373340435388
1.0,0.8799567037721108
0.0,0.5436503948725445
1.0,0.5929161020033864
0.0,0.10609556196252527
1.0,0.8685215114060785
1.0,0.7922817535972448
1.0,0.13823271823012015
1.0,0.3772980220358494
0.0,0.2885486458359804
0.0,0.337524949734546
0.0,0.0721899603353893
1.0,0.19076065659325242
0.0,0.8006124882466661
0.0,0.2045253301345839
0.0,0.33647755493992926
0.0,0.650923441927126
1.0,0.19552170421874687
0.0,0.05404781820923695
0.0,0.6209319375879045
1.0,0.7582128604930566
0.0,0.1494294856066946
0.0,0.21759461323704304
0.0,0.4192577059824704
0.0,0.06441223891729028
0.0,0.66349580071506
1.0,0.8349020502026482
1.0,0.8763893428633205
1.0,0.26066990599477335
0.0,0.4251332597306107
1.0,0.5945149224800911
0.0,0.9163381942976072
0.0,0.5365909432001907
0.0,0.05477783388056695
0.0,0.8588664222820309
0.0,0.12027134514839535
1.0,0.5221410787145149
1.0,0.5388600388333942
1.0,0.9315489863650264
1.0,0.7924943147128917
0.0,0.20158812889995342
0.0,0.09759652401233176
1.0,0.8019323038001185
0.0,0.7756379732947905
1.0,0.7667070803894881
0.0,0.09127304448192108
0.0,0.5901451825184194
0.0,0.257529793103118
0.0,0.17149917828991643
1.0,0.7905756010297609
0.0,0.398918952184309
0.0,0.1253906827957087
1.0,0.9172892173308849
1.0,0.9301159957478887
1.0,0.8017179159771487
1.0,0.7709607888247936
0.0,0.12853521073778168
0.0,0.8521807989184271
0.0,0.6609763670947778
1.0,0.3468684874961695
0.0,0.5848071334355616
0.0,0.15397621132906483
1.0,0.8735818804311318
1.0,0.3275673297287819
1.0,0.9326479841188402
0.0,0.13209619404468342
0.0,0.5289803683584091
1.0,0.6789297086122918
1.0,0.8977334596786533
1.0,0.6794009668972573
0.0,0.160553748778986
0.0,0.1367788624652913
0.0,0.40397849624674603
0.0,0.5136138520655658
1.0,0.6134624214191413
0.0,0.0645964122015228
1.0,0.4266912959073685
0.0,0.10250802377041704
1.0,0.3041702843809593
1.0,0.8593467173311939
0.0,0.08068257651176644
1.0,0.8990095621640606
1.0,0.9400669362416971
0.0,0.03800367138218942
0.0,0.8963084787853461
0.0,0.3019634405684496
1.0,0.5587481700970096
1.0,0.7642386024930325
0.0,0.3410195927794912
0.0,0.6401982997009602
1.0,0.7614200043518041
0.0,0.2887301856782806
1.0,0.7262271309467737
0.0,0.6661367287514125
0.0,0.5749463565770132
0.0,0.29319559335690487
0.0,0.3255427945345001
1.0,0.7903603882165319
1.0,0.5475794730776957
0.0,0.2211029519133106
1.0,0.7380075180938713
1.0,0.7862775350855277
1.0,0.6018890947052356
1.0,0.24528227509961079
1.0,0.530041171966767
1.0,0.594273157608616
1.0,0.4023796827417382
1.0,0.6840449474734098
0.0,0.22937792334017876
0.0,0.2765391498915902
1.0,0.1331479926514695
0.0,0.4282405578567764
1.0,0.38467779922763834
0.0,0.21311414177223598
1.0,0.771466965602325
0.0,0.108872811702729
1.0,0.8244584245035096
0.0,0.4285468793707852
1.0,0.5368239455720326
1.0,0.711185149555796
0.0,0.10223761145907946
0.0,0.12005029022816009
0.0,0.19887357953783585
0.0,0.5695648416549431
1.0,0.8220115394588176
0.0,0.5093959150432952
1.0,0.42104407420407153
1.0,0.8451216623938475
0.0,0.2489342381169574
1.0,0.3577404326841943
0.0,0.749316870319352
0.0,0.3149248921765071
0.0,0.20191189158913744
0.0,0.4572665133226307
1.0,0.8692497399488207
1.0,0.4271639379220291
0.0,0.21230816098318658
0.0,0.34684412957520167
0.0,0.4174107046235105
1.0,0.9425265645950729
1.0,0.4968180237075246
1.0,0.6715800145076659
0.0,0.07151208850137797
0.0,0.8526715921193804
1.0,0.982444356879849
1.0,0.27692627658703967
1.0,0.8602158757744766
0.0,0.2690146014881129
0.0,0.11579503753486056
0.0,0.43990522669196164
1.0,0.5982413196323821
1.0,0.6789534717706441
0.0,0.7781662602769515
1.0,0.593884424620251
0.0,0.5598339044601428
1.0,0.7522740803736101
1.0,0.742226069099643
1.0,0.8838156355588241
1.0,0.7074870284096473
1.0,0.7648767794137712
0.0,0.7410157620273156
0.0,0.05412681734725797
1.0,0.9413370356011799
1.0,0.7818062234984045
0.0,0.4381183510646851
1.0,0.461256851745249
0.0,0.12196725513586881
1.0,0.9412762796237353
0.0,0.6993170288519113
1.0,0.5691003184565191
1.0,0.6157262554391637
1.0,0.6342471112299124
0.0,0.37578597494033417
0.0,0.19967697442297166
1.0,0.14585824801439967
1.0,0.9031914707337748
0.0,0.08983819377683469
1.0,0.4467883633571176
0.0,0.0493539770055
0.0,0.513681356518617
0.0,0.13451357128863145
0.0,0.04923111478199064
1.0,0.45017574186468845
1.0,0.8000339716377273
0.0,0.7060730230188952
1.0,0.7787440813805693
1.0,0.7796358412249242
1.0,0.30316429678163115
1.0,0.4491248798793374
0.0,0.14844458211871636
0.0,0.6577297059063502
1.0,0.7641854822724643
1.0,0.713669744472347
1.0,0.2844841522546145
0.0,0.12961178287389347
1.0,0.8736608388959176
0.0,0.17108576663976485
0.0,0.2046036343104146
0.0,0.26998673730118294
1.0,0.6439871373913564
0.0,0.23775108515981064
1.0,0.9645346503202792
0.0,0.19306818714486465
0.0,0.7822694802789247
0.0,0.7118454104145728
0.0,0.7915089870094879
0.0,0.1661914676715923
0.0,0.07167915688438409
1.0,0.6763174889592406
0.0,0.24493079148200375
0.0,0.771817101948496
1.0,0.7050336010909934
0.0,0.11849421729115961
1.0,0.8589678642268078
0.0,0.23073337514223485
0.0,0.07373078803589024
1.0,0.8352279812181764
0.0,0.08007020046216409
0.0,0.07382010796901607
1.0,0.8769371437198948
1.0,0.48893263933596043
1.0,0.45271113157302434
0.0,0.14728096481871086
1.0,0.828895932864414
1.0,0.4736357260901542
1.0,0.2841123930545053
1.0,0.3532706803669191
0.0,0.27496736289730755
1.0,0.4977788381333556
1.0,0.7155749144927942
0.0,0.41078923966042497
1.0,0.5852133257996331
1.0,0.7928920248654311
1.0,0.7611820988830769
1.0,0.1651462262358256
0.0,0.6368651774584279
0.0,0.3766578741531984
0.0,0.7063028764699755
0.0,0.10586948411953716
1.0,0.8445785055649772
1.0,0.7670286594194898
0.0,0.20294045064797625
0.0,0.6129068074335408
0.0,0.5585616643918365
1.0,0.6523242192343763
0.0,0.16698697899788623
1.0,0.7458838115367952
1.0,0.5428271078180273
1.0,0.5449228450138042
0.0,0.055644093049163325
1.0,0.33674965146462266
0.0,0.3697122261015188
0.0,0.08441293568680808
1.0,0.8774332818447961
1.0,0.36909622440229295
0.0,0.2045584116388254
0.0,0.8061545163686308
1.0,0.49693383620360587
1.0,0.49637941013818965
0.0,0.04825674208248902
1.0,0.9701266496844994
0.0,0.6910376974367576
0.0,0.168435304034291
0.0,0.8413924752173856
0.0,0.08336200537373524
1.0,0.9143866241723286
1.0,0.6069172562427818
0.0,0.408493573398985
0.0,0.41202205333325803
1.0,0.760676176786014
0.0,0.12779792336412116
1.0,0.8663530911508703
1.0,0.5358453578387593
1.0,0.7956228151184537
0.0,0.22156917563438064
0.0,0.8654694309666408
0.0,0.27344274387129885
1.0,0.472032544083007
1.0,0.13051788041093434
0.0,0.32459957119030136
1.0,0.8604768700831377
0.0,0.30007307939383565
0.0,0.7253087051922156
0.0,0.04902270748255929
1.0,0.9252732381651031
0.0,0.5614406269046643
0.0,0.250286020944598
1.0,0.8232362599582643
0.0,0.08648079944761562
1.0,0.5890368042832519
1.0,0.20283405369668248
1.0,0.13095603543138518
1.0,0.33012147996687935
0.0,0.7263932514802708
1.0,0.6285995279229718
0.0,0.5199696660750077
0.0,0.7659844923418488
0.0,0.1637590118416759
1.0,0.6894841755407605
0.0,0.08506108806446834
0.0,0.05640258464660096
0.0,0.16152816992761704
1.0,0.23090928096247545
1.0,0.7834406372526856
1.0,0.7733398624881344
0.0,0.5127394940799309
0.0,0.2608272126472606
1.0,0.22247119231288467
1.0,0.840038862496818
1.0,0.9105729599786974
1.0,0.9109285820941586
1.0,0.7802137995021986
0.0,0.7051593040646553
0.0,0.2825499141364506
0.0,0.5240674791962892
0.0,0.38879954050055493
0.0,0.7064139542735228
1.0,0.3640542588119377
0.0,0.10710597652834386
0.0,0.19252893202449353
1.0,0.7779261094240935
0.0,0.07500252386557374
0.0,0.02526589636884109
0.0,0.24867880431443767
1.0,0.5122906436964739
0.0,0.4860227937898197
1.0,0.8618436680336327
0.0,0.7431261505485265
1.0,0.948150624487449
1.0,0.21486085062058408
0.0,0.2681535107318761
0.0,0.301354435562159
0.0,0.15977955951152545
0.0,0.6422282319525593
0.0,0.5768226731831584
1.0,0.4001410463343502
0.0,0.2760431865708205
0.0,0.4416344533372599
0.0,0.30051037427769034
1.0,0.8487546052257964
1.0,0.9464689537579112
0.0,0.1838791314048321
1.0,0.5051920394686531
0.0,0.5479950782850497
1.0,0.8977110229493593
1.0,0.672958903142295
0.0,0.091719384269177
1.0,0.8822068307684774
1.0,0.4779018206224084
0.0,0.08119788486123039
1.0,0.7098893136989496
0.0,0.8171919236834799
0.0,0.04792325078680191
0.0,0.09998092471519322
0.0,0.11108758939255328
1.0,0.9710281416465911
0.0,0.6986864277893071
0.0,0.7042293283928162
1.0,0.7072004986587576
1.0,0.2982020059105469
1.0,0.9053563506358543
1.0,0.8306482691612445
0.0,0.5853075073975643
0.0,0.7286050499433362
0.0,0.2748644731579309
0.0,0.2539611343007603
0.0,0.8241698197141117
1.0,0.7681651635723297
0.0,0.17574883181040463
0.0,0.9280809048044375
0.0,0.09864175617053586
1.0,0.14994961568750345
0.0,0.21237165910032804
0.0,0.05907277917111903
0.0,0.22826404114980875
0.0,0.2893770847614247
1.0,0.7040754237977868
0.0,0.8114791049624923
0.0,0.047138254018332736
0.0,0.027452203475937863
1.0,0.47579813512353
0.0,0.8100251517117225
1.0,0.11984372763179141
0.0,0.5840399067036124
0.0,0.5577466906501081
0.0,0.17404133737589103
0.0,0.5016906873609226
0.0,0.475375499947081
0.0,0.32612758082589755
1.0,0.1676580168046098
0.0,0.27142421419715584
1.0,0.7128651094893886
0.0,0.25857792936092705
1.0,0.686140231404725
1.0,0.5614396713509799
0.0,0.4941426536218647
1.0,0.7197194497422942
0.0,0.13857581828319473
1.0,0.928928841647312
1.0,0.8821888608689232
1.0,0.8868421451633601
1.0,0.30675822018651144
1.0,0.2124427295024854
0.0,0.7231558417787778
0.0,0.11616530369485181
1.0,0.8199647974748082
0.0,0.038623587770248866
1.0,0.6984943910723288
1.0,0.8692659247114143
1.0,0.8995104222422373
1.0,0.6909043333700895
0.0,0.1426809299453915
1.0,0.8080745023762199
1.0,0.5460870144954822
1.0,0.4812324207159936
0.0,0.357641301963876
1.0,0.6734151587367633
0.0,0.27125307853275105
0.0,0.5564766191474876
1.0,0.8470869952627009
0.0,0.07963955964835483
0.0,0.7544484863783522
0.0,0.13677325408055238
0.0,0.23937285634271666
1.0,0.7284283374964128
0.0,0.3338214700064099
1.0,0.7598572947979886
0.0,0.4221042014510911
1.0,0.9456630790840496
0.0,0.7188082912265555
1.0,0.8643852927804133
1.0,0.8480166015426605
1.0,0.7447452927403995
0.0,0.49480132857130066
0.0,0.28576012558338165
0.0,0.17019014032869015
0.0,0.09175633998442066
1.0,0.6136534002825065
1.0,0.8570574231126002
1.0,0.5425710394551364
1.0,0.822833938442397
1.0,0.24318759681401486
0.0,0.05929320524987036
1.0,0.7476180439687512
0.0,0.4914181261026179
1.0,0.8629784701643819
1.0,0.6186542398988593
1.0,0.709949856159089
0.0,0.20204825939996346
1.0,0.901618801756235
0.0,0.7989233953277928
1.0,0.587411297839863
1.0,0.9025588403807732
1.0,0.8460271947137447
0.0,0.16957992785192263
1.0,0.938669704613687
0.0,0.669953477217145
1.0,0.6282242769529325
0.0,0.7178309379420529
0.0,0.45710271742511344
0.0,0.41858603192350774
1.0,0.19396139985779048
1.0,0.6833925978894135
1.0,0.09761311714327223
0.0,0.585795013498061
1.0,0.16784906551316145
1.0,0.8403134975192119
0.0,0.5676891850076016
1.0,0.41682273966116207
1.0,0.2522942230296188
0.0,0.3668801433884651
1.0,0.9695996977893785
1.0,0.5581831946042092
0.0,0.140286742260677
1.0,0.7797900068619502
0.0,0.010075704372719489
1.0,0.6104592556900281
0.0,0.051552685192790326
1.0,0.7415752373205728
0.0,0.8538317582670742
0.0,0.1282812774854349
1.0,0.7411461176437266
0.0,0.4481964862130049
1.0,0.6878264680164273
0.0,0.19414386187071048
0.0,0.6713390122502776
1.0,0.5273719279624947
0.0,0.709633117143684
0.0,0.11807925698637381
1.0,0.5305062195092793
0.0,0.07365615903544588
0.0,0.09989439196714305
1.0,0.7243475081386409
1.0,0.815475810666158
1.0,0.8451320805235604
1.0,0.4603200288924055
0.0,0.3564309220508466
1.0,0.8887518676034208
0.0,0.2257129605642067
0.0,0.6527904613588718
1.0,0.9438113607672273
1.0,0.8907873641346244
0.0,0.4285588104421881
0.0,0.7025690721932054
1.0,0.5856828465996177
0.0,0.1513588407285798
1.0,0.4570518601223215
0.0,0.4542445192425439
0.0,0.12565073065443494
1.0,0.6932749349458827
0.0,0.7257937455724311
1.0,0.7728114976445257
1.0,0.6965580699341783
0.0,0.14733268292677493
1.0,0.8774307363460017
0.0,0.4704126091081389
1.0,0.19507792275446317
1.0,0.9073648136427399
1.0,0.9207620270771646
0.0,0.47333616416905755
1.0,0.8595034771240353
0.0,0.333243217279226
0.0,0.12723698664434924
1.0,0.6265419010808649
0.0,0.7737868682610805
1.0,0.7909589022379869
1.0,0.9032129674373343
1.0,0.96240637084791
1.0,0.8206291710299582
1.0,0.7267444921709836
0.0,0.7063282889927505
1.0,0.2883774284770249
1.0,0.48726671728574533
1.0,0.9352526029873081
1.0,0.585714241381506
0.0,0.5411589801409565
1.0,0.8924276760866242
1.0,0.20958418687976801
0.0,0.07203470078989965
0.0,0.46840298906780325
0.0,0.18422957983743998
0.0,0.04955906902256332
1.0,0.7842363675707018
0.0,0.20345936731991693
1.0,0.6708533192461241
1.0,0.48719119174382247
1.0,0.4860190952149887
0.0,0.146182757055279
1.0,0.806134508719809
0.0,0.01602206128111521
0.0,0.5026957723419072
0.0,0.6365705003696123
0.0,0.2719092854929619
0.0,0.6950296845137809
0.0,0.19248431231096058
0.0,0.37228828668518643
1.0,0.4586457461985748
1.0,0.09752254268486879
1.0,0.3560937980069244
1.0,0.39944353551116885
1.0,0.8180985436395088
1.0,0.591986359261709
0.0,0.2285166321091483
1.0,0.9025305819699124
0.0,0.4110623328408719
1.0,0.32911098649901643
1.0,0.8539350984231445
1.0,0.9072409885367974
1.0,0.10833320151134355
0.0,0.5986979847597182
0.0,0.34077881753174666
1.0,0.6201212045709636
1.0,0.874360067851368
0.0,0.5399030831374855
1.0,0.42240202091807494
1.0,0.8747364993984696
1.0,0.536283015016164
1.0,0.5585552805351914
0.0,0.7964714224773822
0.0,0.0662705612920658
0.0,0.48939049236984705
1.0,0.6871665609152335
0.0,0.7169002505758878
1.0,0.2478403195398801
0.0,0.05343714841654461
0.0,0.7295754952176471
0.0,0.5831439677081269
1.0,0.7689463458576455
0.0,0.1237353021260554
1.0,0.6657647739038309
0.0,0.4797391613634252
0.0,0.2664037756303184
0.0,0.16162308575285822
1.0,0.9272696015224625
1.0,0.8810129145864221
1.0,0.8937590904365053
1.0,0.8157210052407404
0.0,0.1845130967404966
1.0,0.8103178975884425
1.0,0.7288104837035821
0.0,0.313133740357229
0.0,0.30915740822009136
1.0,0.8811330539416588
0.0,0.319062783969996
1.0,0.7263275000136694
0.0,0.1749438080791222
1.0,0.697472201189838
1.0,0.44625164661698474
0.0,0.14008497586273863
0.0,0.2638198775253445
1.0,0.7803420702217487
0.0,0.05896749999634941
1.0,0.3283529260366627
0.0,0.19801126704106847
0.0,0.1365791743228097
0.0,0.4275413003256249
1.0,0.16284966105122617
0.0,0.133201802568211
1.0,0.14636068045411105
0.0,0.34281151672125276
1.0,0.36018122693417487
0.0,0.14735160102096564
0.0,0.3658503533952501
1.0,0.7150676103997663
0.0,0.7803285898956216
0.0,0.7257715251077222
0.0,0.3433959537081544
0.0,0.1993330285567958
1.0,0.6579487596369639
0.0,0.09720491665678185
1.0,0.5175318199022907
1.0,0.5563716016410363
0.0,0.6006343471415225
0.0,0.12302643812932748
1.0,0.9220331330494587
1.0,0.8853319639741615
1.0,0.9706532787201221
0.0,0.15260184994932594
1.0,0.5173326154900761
0.0,0.5790104178741238
1.0,0.47292248059190867
1.0,0.5620209180561409
0.0,0.290920380828712
1.0,0.44329597982973423
1.0,0.65497389216418
0.0,0.9273440431353783
0.0,0.32455946919703976
1.0,0.4264120109591663
0.0,0.5881308632407385
0.0,0.7887224218512771
0.0,0.039972319841819405
0.0,0.2719433233587919
0.0,0.1489916691504892
0.0,0.6375206675038175
1.0,0.9098053752565394
0.0,0.06806031519150949
1.0,0.7252197133867085
0.0,0.3272926611314162
1.0,0.5821014191637103
0.0,0.037611309006034196
0.0,0.041186946104743626
0.0,0.2596324192145443
0.0,0.03851506550739067
1.0,0.7550863819899376
0.0,0.26922755567032103
1.0,0.4329956418943285
1.0,0.5881577741692061
0.0,0.7746223664423695
0.0,0.2563066731475242
0.0,0.04997179853285209
1.0,0.798531326962792
1.0,0.801655467640845
1.0,0.8736455151173335
0.0,0.10726600013827695
0.0,0.29890567810026664
0.0,0.22115159900804837
0.0,0.5173860517630746
1.0,0.6837093694114315
0.0,0.19146146582027757
0.0,0.2552670625356911
0.0,0.3154205330188251
1.0,0.3094966423544951
0.0,0.23013866803666577
1.0,0.5792355175660399
1.0,0.700370337846761
0.0,0.03355024575077569
1.0,0.7590522511235548
1.0,0.838065557697786
0.0,0.6452145317646911
1.0,0.9718400711814743
1.0,0.6465120988994866
1.0,0.6988683508058822
1.0,0.780648765035353
0.0,0.03132901807666614
0.0,0.100575072820725
0.0,0.49321268860999473
0.0,0.5420284477928933
1.0,0.9205155901708577
1.0,0.1615102351191805
1.0,0.8027163024747905
0.0,0.3585281326890649
0.0,0.11351714129481143
1.0,0.4961821274479211
0.0,0.09732748394425536
1.0,0.33968258163579235
1.0,0.8800453403327593
1.0,0.05263684002617951
0.0,0.4873331661502186
1.0,0.8084270554615376
1.0,0.8061857124770416
0.0,0.3827549118012808
1.0,0.33971896977612465
1.0,0.6538800819218389
1.0,0.7125579314105841
0.0,0.05582419975282184
1.0,0.4617074938818514
1.0,0.7216284948602257
0.0,0.5224460067563054
1.0,0.7849917407894079
1.0,0.1037952381819677
1.0,0.20727292114817825
0.0,0.22194367164141715
0.0,0.6455027694186702
1.0,0.213810107118366
0.0,0.18433987931560394
0.0,0.7744462459394682
1.0,0.8508022231204684
0.0,0.9286155867326098
1.0,0.7597101567303178
0.0,0.10886477021093899
0.0,0.1923428055947089
1.0,0.843797892470386
1.0,0.6281334814317392
1.0,0.9307928027487116
0.0,0.5884112591105012
1.0,0.7854715789732406
1.0,0.5952329207384336
1.0,0.7116584480362963
1.0,0.25490110308051417
1.0,0.41185784023690825
0.0,0.04426188703342857
1.0,0.8510871145268191
1.0,0.1452334207984308
0.0,0.5586992223306482
1.0,0.7393343284459285
0.0,0.6796049351585542
1.0,0.8146111390122981
0.0,0.6407008107118464
0.0,0.5827634322553126
1.0,0.8785114186453743
1.0,0.7559791241750122
1.0,0.56676161041466
1.0,0.8940706375622064
0.0,0.7653387151613266
0.0,0.14665975833419845
1.0,0.7908619445089937
1.0,0.2536478279213547
0.0,0.5208015485496968
0.0,0.688417343884661
1.0,0.7513003233671703
1.0,0.8954266122452778
0.0,0.13121424374941718
0.0,0.8364360482155426
1.0,0.7848264952072338
1.0,0.7099965214354458
0.0,0.1288208936496666
0.0,0.2704368958743332
0.0,0.8126430128280239
0.0,0.5153125310557992
0.0,0.5607085619101853
0.0,0.7473229884452586
0.0,0.37830051182702923
0.0,0.4483201858661391
1.0,0.2350414626376392
0.0,0.40610836495274666
1.0,0.2680126990165827
1.0,0.8501095447918235
0.0,0.47322055452267586
0.0,0.7017015679686478
0.0,0.48450648665928575
0.0,0.8142960503476788
0.0,0.17165266375567967
0.0,0.12234534641506452
1.0,0.6069187711003403
0.0,0.5907995680818438
0.0,0.4633648117185903
1.0,0.6556714892898723
0.0,0.3604338899627102
0.0,0.47487498777552917
1.0,0.9079417462207644
0.0,0.5221102294259059
1.0,0.7094932269231295
1.0,0.37653448233862524
1.0,0.825276075080463
0.0,0.2933550635250636
0.0,0.9128949148340773
1.0,0.2874771563483776
0.0,0.18552425813667614
1.0,0.7193719655993187
1.0,0.7224128777350174
0.0,0.7519887868188712
0.0,0.07277595308548501
1.0,0.9077680401566358
1.0,0.9300407968736971
1.0,0.7284370299194645
0.0,0.2661410304682595
0.0,0.3011458267068915
1.0,0.5488931956247981
1.0,0.9051984611333976
1.0,0.9132558942407842
0.0,0.8847357303933236
0.0,0.12347687791513433
1.0,0.7642291509218364
1.0,0.5604306500038707
1.0,0.8948855710282896
0.0,0.1219678564329552
0.0,0.4888120660197126
1.0,0.8373094131418366
0.0,0.6117466892575303
0.0,0.5038592517826944
1.0,0.7839194769862292
1.0,0.8543122121515999
0.0,0.784824788244514
0.0,0.40113647288827864
0.0,0.6059510942119739
0.0,0.7614621179594045
1.0,0.7352938844512551
0.0,0.4474892597228627
0.0,0.15102941230503292
0.0,0.027696313738085444
1.0,0.8837423296953947
0.0,0.08923398220632503
0.0,0.41561020300030804
0.0,0.3700136813770044
0.0,0.21396684375664807
0.0,0.17691836573981295
1.0,0.6112954911900843
0.0,0.05006478461795856
0.0,0.04820670485477219
0.0,0.13032859099129881
0.0,0.24863973659523042
1.0,0.6401537254663666
1.0,0.7239999963879192
0.0,0.5108752260323202
1.0,0.44939368894393794
1.0,0.8269276196167199
0.0,0.28242349296784436
0.0,0.2056846328216519
1.0,0.46036137837800417
0.0,0.7067706271225527
0.0,0.864721980490514
1.0,0.47576264547638536
1.0,0.4692326924966476
0.0,0.6096616374417712
1.0,0.8061210807200411
0.0,0.4504740676115193
0.0,0.1281394706965706
1.0,0.41103098632371493
1.0,0.8788644839465212
1.0,0.7705976337834255
0.0,0.5671713205189252
1.0,0.6185024931031567
0.0,0.2654828488760799
1.0,0.6706200549197805
0.0,0.6278001048962046
1.0,0.6223801185170894
1.0,0.7516999170334261
1.0,0.8751143429474222
0.0,0.061579057903030976
1.0,0.2453537409599984
0.0,0.05515848736001751
0.0,0.592580648603925
1.0,0.9084185570228547
1.0,0.3856158595014606
1.0,0.8792792599454409
0.0,0.09169176638802232
1.0,0.7678378340076949
1.0,0.05965361890558178
1.0,0.7884503882537942
1.0,0.5888185660258145
0.0,0.48581372894164077
0.0,0.07975907791204706
0.0,0.4702026886878293
1.0,0.6278866034932222
0.0,0.10474732667906161
0.0,0.5352106510580303
0.0,0.03244270749239463
0.0,0.12266393264839648
1.0,0.25497128808856456
0.0,0.30401151673829147
0.0,0.3743123971934865
1.0,0.813241859372587
0.0,0.22962706288510115
1.0,0.21425710931699612
1.0,0.8408273715325137
1.0,0.5867043348774135
0.0,0.21439420939234294
1.0,0.8866335510984265
0.0,0.8581894009816932
0.0,0.8901694316725385
1.0,0.5145319677948581
1.0,0.7599017971509968
0.0,0.49010288809312563
1.0,0.2935482329211473
0.0,0.056941259408345136
1.0,0.24736355136344437
0.0,0.21977876822462275
1.0,0.8817226679023719
1.0,0.45569080425981967
1.0,0.5575785395280866
0.0,0.2950171004443219
0.0,0.038176794648753405
0.0,0.20464838072890695
1.0,0.8828861395974179
0.0,0.8622798213976012
1.0,0.46114677123797926
1.0,0.7618965524483927
1.0,0.8424683969493566
0.0,0.19480178421870112
1.0,0.7060544616357068
1.0,0.5656758184677615
1.0,0.6426363305246209
0.0,0.7474610659866399
0.0,0.03159804159132729
0.0,0.07975907791204706
1.0,0.9461958287595525
0.0,0.1483355344912301
0.0,0.030365788444468467
1.0,0.9874751458320399
0.0,0.078853752851831
1.0,0.7579090333733538
1.0,0.8807893264398203
0.0,0.06116872460826987
1.0,0.6318784572430012
0.0,0.4881178419495626
0.0,0.1332868131114399
0.0,0.6036798618507022
0.0,0.37064836071088114
1.0,0.5901758855344387
0.0,0.12197453842623333
0.0,0.5046902072190167
1.0,0.6017483948486632
1.0,0.7295070070900843
1.0,0.8232457582133927
0.0,0.02744275355206995
1.0,0.8584951432408241
1.0,0.8919903880869645
0.0,0.6241690155471702
1.0,0.637841101800208
1.0,0.7970568317857923
0.0,0.07382010796901607
1.0,0.7071650037658289
0.0,0.7431504958414656
0.0,0.46279649283353896
1.0,0.6962309263838505
1.0,0.9159495234335676
1.0,0.9119265251031962
1.0,0.4479646124645427
0.0,0.08619008541282056
1.0,0.926188347055718
1.0,0.7737040134902189
0.0,0.18212277065865304
1.0,0.702446805301903
0.0,0.8353940459952499
1.0,0.40570672126407903
1.0,0.855322986440709
0.0,0.4042637035601583
1.0,0.745779104881351
0.0,0.18663252455537974
1.0,0.760641533390815
1.0,0.817267086830227
1.0,0.4564400071604263
1.0,0.8538725612021013
1.0,0.6502021794098539
0.0,0.8642038717076662
1.0,0.898480548610971
0.0,0.3439757159757705
0.0,0.4204462018887238
1.0,0.9724453467722579
1.0,0.6175897303277572
1.0,0.635495844594906
1.0,0.7068667738978206
1.0,0.8570980332540061
0.0,0.1844730553342627
1.0,0.6874154034941432
0.0,0.2613772247127802
0.0,0.12390790884352625
1.0,0.42732911246839383
1.0,0.4723569223022014
1.0,0.321507954092191
0.0,0.09653430479004736
0.0,0.11240199577298324
0.0,0.16874783646775993
1.0,0.9619884623183704
1.0,0.9078890463367559
0.0,0.47860690602591766
0.0,0.10507500520848319
0.0,0.8592376060195285
0.0,0.17431604126394235
1.0,0.21910179007826067
0.0,0.02351690675185783
0.0,0.42783932895032395
1.0,0.8447993329086426
0.0,0.38298172694226595
1.0,0.63773991490428
1.0,0.8196414785755902
1.0,0.8258927630834008
0.0,0.2660508560638448
0.0,0.10775295403236192
0.0,0.6542867763039426
0.0,0.16122747315705305
1.0,0.6895631716202265
1.0,0.2237168509481085
0.0,0.20817330656161115
0.0,0.28946238624171616
0.0,0.12407813981163543
0.0,0.13849460946346542
0.0,0.16155500390935798
1.0,0.9355828757322311
0.0,0.16773553720222784
1.0,0.8963828800743784
1.0,0.8265909413575698
1.0,0.640396355662156
0.0,0.13117601304622598
1.0,0.8249588519884441
1.0,0.7566124598206372
0.0,0.5186986676213226
0.0,0.16437807657053344
1.0,0.37353893062828
0.0,0.4915025044922035
0.0,0.052971172898969895
0.0,0.37972394194699255
0.0,0.1897969668851505
0.0,0.022678138888593595
0.0,0.18788862869368844
1.0,0.36192387822694677
0.0,0.2628847989522569
1.0,0.638568723811019
0.0,0.4476507140150637
1.0,0.8352947465970353
1.0,0.6510421133091027
1.0,0.7500421050520852
1.0,0.8650192406250354
0.0,0.2553120867783962
0.0,0.17698555351446138
0.0,0.3758653445700874
1.0,0.30916441677722284
1.0,0.6327133747397259
0.0,0.1722100754677664
1.0,0.4714837665609501
0.0,0.45721877546386275
0.0,0.3250536041912928
0.0,0.6839777535060143
0.0,0.06651198629766412
1.0,0.8459442969193546
0.0,0.06413755752725625
1.0,0.24874141298360883
1.0,0.5098539793583606
0.0,0.4851086493347311
0.0,0.951075895592792
1.0,0.80943780361128
1.0,0.646133306065288
0.0,0.05785925983947039
0.0,0.06412326018638444
0.0,0.6017002260367385
0.0,0.5378323761725511
1.0,0.2045127216431696
0.0,0.4427341631911953
1.0,0.928097967624763
1.0,0.9314974992847457
0.0,0.5916927591306653
1.0,0.7440982054074496
1.0,0.7872219587576189
1.0,0.9460366769374081
1.0,0.17498477613956376
1.0,0.9391607695573079
1.0,0.8837409763556376
1.0,0.39990701403512624
0.0,0.3227061121385074
1.0,0.41811582107033757
0.0,0.6441625118226914
0.0,0.8087389382624945
0.0,0.19642355200106681
0.0,0.151774442204009
1.0,0.6226017739801867
0.0,0.21154101608495499
1.0,0.8368485502218064
1.0,0.6917922420659547
0.0,0.03349163761392222
1.0,0.3642764302233081
1.0,0.9308931707375292
1.0,0.8817577352989792
0.0,0.5294281710726229
0.0,0.05790205955473442
1.0,0.39931155540948127
0.0,0.5370081300372948
1.0,0.719938132310871
0.0,0.13829122806323985
1.0,0.9394433328613214
1.0,0.7312404693857077
0.0,0.07198322587573201
1.0,0.5422085571577334
0.0,0.07643867056800721
1.0,0.6618099025278296
1.0,0.287094865539824
1.0,0.886079055270009
0.0,0.8432863544449027
0.0,0.8642828422482802
0.0,0.07697283441094287
0.0,0.6303857891404437
0.0,0.3091904352947326
1.0,0.6665195038793266
1.0,0.19548991846185104
1.0,0.8152066360571071
1.0,0.538019571689695
1.0,0.6949256607941285
1.0,0.8335560310034651
1.0,0.8508431204948004
1.0,0.6239000295434934
1.0,0.877032837220885
0.0,0.5391079385843457
1.0,0.8848111625125142
1.0,0.9274098206596617
1.0,0.9229975545183423
1.0,0.2960610586747655
0.0,0.1522512980542472
0.0,0.14579475483761126
0.0,0.18458368227684901
1.0,0.9217013626469234
1.0,0.571032475174013
1.0,0.12980900870533688
1.0,0.5805104042557762
0.0,0.06920225374391506
0.0,0.13492971419970906
0.0,0.08235692167822435
1.0,0.7556536505510436
1.0,0.5589204559644865
1.0,0.7610530419799485
0.0,0.8266725710777434
0.0,0.41121288589328414
1.0,0.7137741181874322
1.0,0.8839672399547285
1.0,0.8787178097285999
0.0,0.45534683264131515
1.0,0.4217312832052599
1.0,0.8734989141401825
0.0,0.6963067370563236
1.0,0.6508012016517529
1.0,0.2209715254393086
1.0,0.8070725262546453
0.0,0.2967615670965585
0.0,0.667703001574666
1.0,0.8735503041352661
0.0,0.4723613315103899
0.0,0.34180326574951786
1.0,0.5845405360433095
0.0,0.20641464951244007
0.0,0.07314999206163124
0.0,0.254032822012379
1.0,0.905635499547369
1.0,0.4603202511198087
0.0,0.08787650649723709
0.0,0.30267604739276993
1.0,0.21496616669504487
1.0,0.46280661250117455
1.0,0.6510236681729674
1.0,0.42654595489443076
0.0,0.02855527856083398
1.0,0.7848995819744589
0.0,0.08861612953876974
0.0,0.5647285785124337
0.0,0.47494448532651506
0.0,0.11593147310817926
0.0,0.21266690461156848
1.0,0.8338395502275159
0.0,0.15591827080679385
0.0,0.26954667521876113
1.0,0.7035543358663314
1.0,0.9047901378794198
1.0,0.9563554803686698
0.0,0.3438430067404974
1.0,0.7308315105503196
1.0,0.571329675978827
1.0,0.8688802058927004
0.0,0.2008536635160895
1.0,0.5966183475274616
1.0,0.5236409881543584
1.0,0.1582640620297307
1.0,0.6877839444596422
0.0,0.617619929666555
1.0,0.5174928171865472
0.0,0.13589702160508055
1.0,0.35917163356343595
0.0,0.20097441125576837
0.0,0.31534172693506207
0.0,0.08651601643720333
1.0,0.27188782119859134
1.0,0.4238912896480877
1.0,0.6176031187247158
1.0,0.8841044697682416
1.0,0.7339313929044797
1.0,0.627709837055179
1.0,0.4322482737210369
0.0,0.5523060338092749
1.0,0.8496114545654738
0.0,0.12960436385680812
1.0,0.933534436806417
1.0,0.6777192087872076
0.0,0.40873265656575086
1.0,0.43463555012679833
0.0,0.8663359159786165
0.0,0.34215116887703495
1.0,0.7156530252442905
0.0,0.06759561089158632
1.0,0.18196000655056893
1.0,0.6392277223028191
1.0,0.5423105344518003
0.0,0.2747388866571302
1.0,0.8141296687229435
1.0,0.725670129217826
0.0,0.5194908871198496
0.0,0.35623924953778985
1.0,0.5793222121968834
0.0,0.06826286140410409
1.0,0.862270070129466
1.0,0.46992350193606713
0.0,0.08570551991951512
0.0,0.19261000594604888
1.0,0.7573350829098326
1.0,0.8658026920190413
0.0,0.24829508994387375
0.0,0.6453990309884913
1.0,0.9063904329401937
0.0,0.046622745994112244
1.0,0.18510184990599537
1.0,0.7672794435125156
1.0,0.44541581653882717
1.0,0.6872291561296119
1.0,0.5915028662402604
0.0,0.2074926298258203
0.0,0.06427509948455387
0.0,0.445552284893855
1.0,0.5358599075040654
1.0,0.7669372736856225
1.0,0.7961164775072176
1.0,0.5920437839267135
0.0,0.8314524672827373
0.0,0.0928916387143816
0.0,0.341935926753555
0.0,0.102373457764699
1.0,0.5764983051746189
1.0,0.4730934274511971
0.0,0.31338458092371996
1.0,0.688057268596536
0.0,0.28322007558074785
0.0,0.1041890975426751
1.0,0.434525057373986
1.0,0.49656086514645564
0.0,0.15412011180089463
1.0,0.7150224384878323
0.0,0.3916362819655797
1.0,0.435185095086859
1.0,0.6462265983827936
1.0,0.6319620892578479
1.0,0.7156964431097148
0.0,0.1315511125927717
0.0,0.5845045914565372
0.0,0.05989521700885939
0.0,0.08962860445462441
1.0,0.9610446376026884
1.0,0.7852431544314719
0.0,0.5799842179425283
0.0,0.19114306711077256
0.0,0.3431530587880884
1.0,0.4505675326824618
0.0,0.049280916740276
1.0,0.6073469178784249
1.0,0.558835548681396
1.0,0.7124154690424732
1.0,0.5550604697458192
1.0,0.6460773029471166
0.0,0.05925863668666381
0.0,0.3593851787268729
1.0,0.8293703048099822
0.0,0.08787650649723709
1.0,0.8938895627947749
1.0,0.8990993254944065
1.0,0.6980507333122576
0.0,0.10108177568379477
1.0,0.4473340751574792
0.0,0.572069883872372
1.0,0.6640087254232183
1.0,0.8943475654294083
1.0,0.782006094324181
1.0,0.5168469500539036
1.0,0.7176625504974149
0.0,0.6858084310230791
0.0,0.39659508652910536
0.0,0.8533915278705493
0.0,0.5326458905003053
1.0,0.3026009777702809
0.0,0.23128984870662914
0.0,0.9628910680399219
1.0,0.8709175547818913
0.0,0.21194320493735921
0.0,0.1520992213247742
0.0,0.13194387575135944
0.0,0.32254739984540637
0.0,0.4663262686434422
1.0,0.33998454628349395
1.0,0.8289451191120815
0.0,0.08158054202705615
1.0,0.7524204170568305
1.0,0.7642682359127212
0.0,0.16311608262454902
1.0,0.9248991751467068
0.0,0.3572474345516935
1.0,0.7421855488470539
1.0,0.8944816952253255
0.0,0.839550067241795
0.0,0.2803763548016739
0.0,0.12775807463634498
1.0,0.6970490231729388
1.0,0.7326275040959785
1.0,0.3398014627309352
1.0,0.5095509234210691
0.0,0.44301352615289336
1.0,0.29064348001509893
1.0,0.4115716644440234
0.0,0.7865477115596597
0.0,0.32924308985734757
0.0,0.6819600954318323
1.0,0.5278639115737956
0.0,0.2617267746063355
1.0,0.9652653649396825
0.0,0.22915045147124768
1.0,0.612753171630528
1.0,0.7288874035069768
0.0,0.3295233071630658
0.0,0.41986568581230743
0.0,0.28634211437929347
0.0,0.02938898527492497
1.0,0.3262155311535473
1.0,0.8921826620634095
1.0,0.9177114588539885
0.0,0.3025707330752193
0.0,0.7751686185941159
1.0,0.7469811489142384
1.0,0.46577591806859997
1.0,0.5000085784581653
1.0,0.6512239654188322
0.0,0.16548590126540322
1.0,0.7546885677237836
0.0,0.12815756672780076
1.0,0.7199702694313455
1.0,0.35741478767752816
0.0,0.0918191543444644
0.0,0.3878110727475882
0.0,0.746604098425356
1.0,0.45632500181827484
1.0,0.9563851669479945
0.0,0.2720092489685657
1.0,0.7587105899675857
0.0,0.8491714280620808
0.0,0.05239108037963971
1.0,0.2464680022582936
0.0,0.7802639194400133
0.0,0.11074221999919562
1.0,0.628530573546174
0.0,0.13188101302719052
0.0,0.17532340648482375
0.0,0.16862675987511885
0.0,0.18189923547088577
0.0,0.7363230901124971
0.0,0.12823828746901617
1.0,0.6297273968241529
0.0,0.03310574636922252
0.0,0.41748540172363774
0.0,0.37738755364029747
0.0,0.3536163805439201
1.0,0.46641044307835644
0.0,0.05151322371768656
0.0,0.06744868237504185
1.0,0.2956590591590484
0.0,0.6175414710360275
1.0,0.8912938147753083
0.0,0.9545033099148158
0.0,0.44742289998216833
1.0,0.7058026080481301
0.0,0.6822325325467371
1.0,0.8315150633016544
1.0,0.4854451621903645
1.0,0.8657435750429961
1.0,0.6032390726393192
1.0,0.25941111113350673
1.0,0.639473987980186
1.0,0.7531008684641372
1.0,0.782215157450028
1.0,0.3926948800514138
1.0,0.84850360260509
0.0,0.33923189380249913
1.0,0.3733330909482266
1.0,0.35333581809767434
1.0,0.6197272435634219
1.0,0.9468689009908466
0.0,0.71533966672724
1.0,0.6279954800584873
1.0,0.5090265053118923
1.0,0.399161414085729
1.0,0.7066402739874201
1.0,0.4108695226730134
0.0,0.6661204342867195
1.0,0.36819210876919456
0.0,0.1568621536421569
0.0,0.2003913418544679
1.0,0.7255918687000985
1.0,0.7485796299026202
1.0,0.824723353834095
1.0,0.26640403426045706
1.0,0.7391707164420659
1.0,0.5513162049165545
0.0,0.25348636522797907
1.0,0.6293221255203012
0.0,0.20021789196854906
1.0,0.9218566981084602
1.0,0.7321216546743952
1.0,0.19428827083792247
1.0,0.5648126616064125
1.0,0.29034817403158963
1.0,0.9041286171988808
0.0,0.43963700581106957
1.0,0.9099789353727765
1.0,0.7759047106943966
0.0,0.17009670604962318
0.0,0.9281359743168742
1.0,0.6831716653895812
1.0,0.7704459106031252
0.0,0.13063744257501017
0.0,0.16827371074471217
0.0,0.19371929873497368
0.0,0.2412421068454221
0.0,0.4253539753377063
0.0,0.16947601585262215
1.0,0.4010980345526227
0.0,0.6105740799924937
1.0,0.6424531626593074
1.0,0.23546718786299606
0.0,0.015990757956806382
1.0,0.9426090749997232
1.0,0.9515345897944025
0.0,0.8706026960063105
1.0,0.9013072319121289
0.0,0.40380442617820356
0.0,0.15892617750159876
0.0,0.21190733976142634
0.0,0.4631610588806261
0.0,0.3188130578710461
1.0,0.8655224185974915
1.0,0.4343421306814658
0.0,0.23186007476397186
1.0,0.7974974724241702
0.0,0.49878552761632494
0.0,0.8140788997118366
0.0,0.1712495096433572
1.0,0.4200369438097046
0.0,0.6412125907176465
1.0,0.507482545183924
1.0,0.08685498712791184
0.0,0.082877558205669
1.0,0.45903550207324295
1.0,0.8048071096408327
0.0,0.4378979364441903
0.0,0.8666144940897738
1.0,0.7811469229538618
1.0,0.6612324760564918
1.0,0.589854810472254
0.0,0.051087741421135036
1.0,0.44131035826956844
0.0,0.930006715011163
0.0,0.803121570130183
0.0,0.0288000289392406
0.0,0.3493771519368275
1.0,0.9491460219508134
0.0,0.13193708848616142
1.0,0.47738532364488
0.0,0.06622315693848344
1.0,0.7781251256905919
1.0,0.7348983876988421
1.0,0.5705084884427432
0.0,0.3472740229477226
0.0,0.3223966017129079
0.0,0.1044268521437
1.0,0.35031813984279025
1.0,0.4502865360173617
0.0,0.07867130003472068
0.0,0.7959442751297539
0.0,0.15662269252066757
0.0,0.24395358057094954
1.0,0.5763653215815541
1.0,0.8585517033544893
0.0,0.05999824242858617
1.0,0.16524055946009386
0.0,0.05548918301059338
1.0,0.11553041943504871
1.0,0.6530561123652442
1.0,0.472814128674541
1.0,0.7219312283818236
1.0,0.6214273315958779
0.0,0.09218237749940346
1.0,0.895251962730336
1.0,0.8680102096716263
1.0,0.8932695031231221
1.0,0.8419200666062817
1.0,0.8290620245050364
0.0,0.06504630024959152
1.0,0.8419119676894837
0.0,0.7593508719911118
0.0,0.02218468309680647
0.0,0.11193480165904073
0.0,0.2745370938153001
1.0,0.43089006687427683
1.0,0.6174545528875496
1.0,0.765274835770257
1.0,0.7170748161135345
0.0,0.23557173774901194
0.0,0.06188475462963836
1.0,0.735889103728145
1.0,0.26253251431558894
1.0,0.46341971990414105
1.0,0.4289174882203133
1.0,0.8556730639080417
1.0,0.46825441180391747
1.0,0.8126909166147701
0.0,0.13560978032705304
0.0,0.21848010846042382
1.0,0.5231099591885113
1.0,0.20097710182297007
1.0,0.6151316592904452
0.0,0.30797481559072876
0.0,0.02607547544278127
1.0,0.8604137534421579
1.0,0.8196980853431611
1.0,0.8578757239706967
1.0,0.9338327271827266
0.0,0.07653295520112402
1.0,0.6867501646036575
1.0,0.5053289115183175
1.0,0.5777517065613302
0.0,0.0450110137466642
0.0,0.323711932287435
0.0,0.37971972802015985
0.0,0.07237413063860623
1.0,0.6372076095290361
0.0,0.2654546489643613
1.0,0.8197600792272001
0.0,0.8373813231455406
0.0,0.9922883580610522
1.0,0.35223359404516263
1.0,0.823149254325695
0.0,0.33552675210412247
1.0,0.6067897303458203
0.0,0.7276687889631633
0.0,0.5643357981568979
0.0,0.6874712469967653
1.0,0.7943228995512468
1.0,0.6760552770677362
0.0,0.39525597701935633
0.0,0.6482558516728779
0.0,0.4588950705340557
1.0,0.5893765956685593
0.0,0.11809427344215913
1.0,0.8959018909910442
1.0,0.6200271207596272
0.0,0.34969994193464793
1.0,0.8781533495597623
1.0,0.7438976048071858
0.0,0.43579472746456116
1.0,0.7630652956811113
0.0,0.5256694367228304
0.0,0.03314369646446107
1.0,0.9456905485876039
1.0,0.9117615517663988
0.0,0.14625559449678707
1.0,0.7124920306648881
0.0,0.042122687285317026
1.0,0.43194875643707215
1.0,0.8493443627231253
1.0,0.5878346279613405
0.0,0.7158829177209374
0.0,0.1734437463102671
1.0,0.8768447519685866
0.0,0.5534543443144397
0.0,0.691124782146731
1.0,0.3288334874137508
0.0,0.5464731482850163
1.0,0.5812289001542615
1.0,0.7089245883799554
1.0,0.915221050294479
1.0,0.9038555934432149
0.0,0.9452849902383214
0.0,0.15102941230503292
1.0,0.6204254911288924
1.0,0.8555464494751874
1.0,0.655043114113927
1.0,0.5591561376322637
0.0,0.09366585869685512
0.0,0.2502985220370595
0.0,0.06325194246388173
0.0,0.05681817630392823
0.0,0.27072238961329964
1.0,0.7618817680607897
0.0,0.11068301402645242
0.0,0.25646854364229227
1.0,0.9452723281124975
1.0,0.6968526070172738
0.0,0.05640854721225591
0.0,0.6280945838329908
1.0,0.9631578077107026
1.0,0.17641941229049374
1.0,0.6640907374991192
0.0,0.05980298547284239
1.0,0.8547853099114768
1.0,0.9138591334437512
0.0,0.5737524656735963
0.0,0.11693485055716121
1.0,0.7887927527275516
0.0,0.26226941237892026
0.0,0.04140335334153254
1.0,0.8899056023050725
0.0,0.02438611265785976
0.0,0.33570026721353685
0.0,0.7270015613649331
0.0,0.13805450538264788
0.0,0.10258601907925154
0.0,0.007776515330566325
0.0,0.5076575879603966
0.0,0.7628801065751902
1.0,0.6476842086550577
1.0,0.4640643621256448
0.0,0.4545887379423199
1.0,0.9106556779055065
0.0,0.43901227833052914
1.0,0.7693318673769076
0.0,0.54773788253251
1.0,0.5908707281813796
1.0,0.3888927719019281
0.0,0.6288212004149851
0.0,0.5037279653865248
0.0,0.7905179051441166
1.0,0.24814994800359727
0.0,0.0909077044338822
0.0,0.3897339259688596
1.0,0.6903335876935441
1.0,0.7823754384963774
1.0,0.3484959838100795
1.0,0.9591321071863745
0.0,0.5349867387592233
1.0,0.723247110572098
1.0,0.6580898497027027
0.0,0.6884252842856691
0.0,0.2923393864448434
1.0,0.9064275152608838
1.0,0.806852561091812
1.0,0.9038334750523778
0.0,0.31213055170233145
1.0,0.9036351751716383
0.0,0.11335222518394716
0.0,0.17551673118341685
1.0,0.18013818616865707
1.0,0.8232115864926101
0.0,0.11282108709821921
0.0,0.07116005487880812
0.0,0.46745467630686977
0.0,0.11930159228378692
1.0,0.7498889139712446
1.0,0.4623281020377771
1.0,0.4605639414807278
1.0,0.8049791846120045
0.0,0.22896990352387503
1.0,0.2301446041230501
1.0,0.718760739903202
0.0,0.22690591407754618
0.0,0.2683695273309971
1.0,0.7722753642077103
1.0,0.6380925143442643
0.0,0.25384315009042185
1.0,0.4454138504688685
1.0,0.7381651519011905
1.0,0.5012013511264478
1.0,0.8454333019176525
0.0,0.057020808325044726
1.0,0.6024766731014322
1.0,0.5380587796270502
0.0,0.3768813908324705
1.0,0.7366427454452178
0.0,0.12037490416388608
1.0,0.8238744821816146
1.0,0.8906608171584507
1.0,0.5767153884504033
0.0,0.29831642176584383
1.0,0.8652647702780618
0.0,0.2813775413604775
1.0,0.5770141454286435
0.0,0.6180048742380566
1.0,0.72073780441315
1.0,0.9051527263404177
1.0,0.6341621611595842
0.0,0.1205043958927213
1.0,0.7577228635428879
0.0,0.6308489001507266
0.0,0.4088535448699836
0.0,0.49028011842796076
0.0,0.6790874536457834
0.0,0.015341886482962142
0.0,0.48338803947104314
1.0,0.8098461518251092
1.0,0.9025739950987545
0.0,0.3170500914068922
0.0,0.05470177855147925
0.0,0.23950776266816803
0.0,0.21225238470868887
1.0,0.8866230444099659
0.0,0.5925149204321087
0.0,0.25061772657734577
0.0,0.2739014419383791
0.0,0.07972648979335775
0.0,0.14213209367009932
1.0,0.3623132821270203
0.0,0.3680137934755049
1.0,0.9367111367718781
0.0,0.3616727734983593
1.0,0.7324765968122888
0.0,0.10861106985498714
1.0,0.9679597125518166
0.0,0.3142732207460968
1.0,0.8135196078124208
1.0,0.33487924434800354
0.0,0.04558864231683162
0.0,0.025479338532669437
1.0,0.9439055212615607
1.0,0.2043322330509319
1.0,0.5769718618721628
1.0,0.6889783504875221
1.0,0.35920973602889117
0.0,0.5792148739704941
0.0,0.11312937426441598
0.0,0.5143846664695076
1.0,0.6230252074873424
1.0,0.9128322290206938
0.0,0.06545606033022075
1.0,0.751211061562201
1.0,0.6781769155051636
1.0,0.35383842900519735
0.0,0.21488527833504728
0.0,0.06884035468190355
1.0,0.3224349553827349
0.0,0.3701078985312954
1.0,0.24916321012589898
0.0,0.1205795786810893
1.0,0.45508246809022024
1.0,0.8457622087757223
1.0,0.5405127366652229
1.0,0.7338816284971539
1.0,0.8234716014443549
0.0,0.4030311938598506
0.0,0.5938369113748717
0.0,0.7611702666999767
0.0,0.385968912297742
1.0,0.6140797389116076
0.0,0.042131580005624246
0.0,0.3031314292526728
0.0,0.21479686779492405
0.0,0.14298227311285244
1.0,0.8288715262202562
1.0,0.7002340185417769
0.0,0.39962718959310894
0.0,0.11774717864301823
0.0,0.07293092047786831
1.0,0.7654794702817613
1.0,0.7287729530870667
0.0,0.17121970411807086
1.0,0.6887837268859375
0.0,0.2615879251956632
0.0,0.11154061635416343
0.0,0.2149772145413921
1.0,0.9753369939003257
1.0,0.48061390959483646
1.0,0.8620441655036102
0.0,0.2750157672971374
0.0,0.17359099792595317
0.0,0.15370136196871978
1.0,0.46431596837587447
1.0,0.566762344742759
1.0,0.9569031596489671
1.0,0.5864700427231536
1.0,0.7424531348683148
1.0,0.8754401533984536
0.0,0.2721965326619656
1.0,0.6785304152748678
0.0,0.7583796639077703
1.0,0.9437078924564839
1.0,0.6599295851816495
0.0,0.34211524527326953
1.0,0.7293472250600148
1.0,0.8207013828764887
1.0,0.47488427564176694
1.0,0.6348884741994143
1.0,0.74687620056598
0.0,0.43131516130662495
1.0,0.6609851872466693
0.0,0.08668240352034848
0.0,0.14586726807089262
0.0,0.8660863630192654
1.0,0.42672084969627494
0.0,0.20955599255226218
1.0,0.9542808601509286
1.0,0.5027219405018665
1.0,0.7976139883113267
0.0,0.05737944923428225
0.0,0.6304516985864919
0.0,0.21229888504088965
0.0,0.16921154082592982
1.0,0.7129570228305685
1.0,0.6350369081924547
1.0,0.7942129085968308
0.0,0.8768054786946745
1.0,0.8652680791218927
1.0,0.3830150908530633
0.0,0.2719702462999994
0.0,0.3762904156379133
0.0,0.6279441101988656
0.0,0.2159598321762596
0.0,0.17261841240412762
1.0,0.39327140807895955
0.0,0.11834511738696754
0.0,0.7593097730538565
0.0,0.7227091207107857
0.0,0.4080943529551158
1.0,0.8268473873615443
0.0,0.24644191923356235
1.0,0.7404372740708469
0.0,0.5588705253107696
1.0,0.9313329288557146
1.0,0.7202096809369463
1.0,0.8235699107692163
1.0,0.8201597079418897
0.0,0.35956538116663594
0.0,0.4383554714592763
0.0,0.32754223126940113
1.0,0.5654085379197362
1.0,0.24231195230180233
0.0,0.1763261375813945
0.0,0.9278505214036196
1.0,0.5092150755793746
1.0,0.7409054408154027
1.0,0.44546490188228044
1.0,0.9029872200798532
1.0,0.9272225381780247
0.0,0.18452664458455964
1.0,0.7477240140232764
0.0,0.09366585869685512
0.0,0.833526958301358
0.0,0.051294402804440475
0.0,0.08250385894579748
1.0,0.7612947709722715
1.0,0.6003248590901569
0.0,0.8394956888330313
0.0,0.5214949898619261
1.0,0.8551212970695603
1.0,0.8713134354845102
1.0,0.5120696239967845
0.0,0.05823684327781585
1.0,0.558725817227683
1.0,0.6317851234162154
0.0,0.17282744246065654
1.0,0.46654445504002623
0.0,0.44104409863715377
0.0,0.062169198508595105
1.0,0.33865051906135435
1.0,0.624563138142619
0.0,0.09213721950405465
1.0,0.8234961393353195
1.0,0.8743995385225378
0.0,0.8659538548348577
1.0,0.5502989380995185
0.0,0.3360366012318985
0.0,0.431857686623322
1.0,0.9153937931278279
1.0,0.8154087235225047
0.0,0.08151302509415345
0.0,0.4774297950936711
0.0,0.7253679284954136
0.0,0.23208440917591405
0.0,0.1228512551362794
0.0,0.6895262671583663
1.0,0.6260987754746392
1.0,0.4007123182854756
0.0,0.3307155982443696
0.0,0.42856553505740996
1.0,0.690128281973939
0.0,0.6386030770434739
1.0,0.5347602212588594
1.0,0.9321625647310088
1.0,0.5520303756896279
0.0,0.1636433398763047
0.0,0.20531903100478338
0.0,0.6129726530476243
0.0,0.5207326282792037
1.0,0.44942415559067345
1.0,0.29692286221730185
1.0,0.6568596325756059
1.0,0.9464307454303608
0.0,0.12497052002353895
1.0,0.26003280668461015
1.0,0.7586602428221946
1.0,0.888716543070821
1.0,0.20833438037480737
0.0,0.869886876914174
1.0,0.9466873133521638
0.0,0.31202279690484885
0.0,0.6066488007052584
1.0,0.5004473036092184
1.0,0.803281177070008
0.0,0.6177778671508399
1.0,0.5162093871300706
0.0,0.1918388375016858
0.0,0.31619792354023896
0.0,0.7210807783587982
1.0,0.4764126877837257
0.0,0.06641132337722042
0.0,0.09144169775735614
0.0,0.8321494124173597
0.0,0.15512433350970978
1.0,0.8079425482081934
1.0,0.9253463011163792
0.0,0.13656982808941392
0.0,0.8560360831895035
1.0,0.6091141332230232
0.0,0.9102901786632158
1.0,0.8944069119991918
0.0,0.7640462365286266
0.0,0.10162957359100913
1.0,0.5511802334906749
1.0,0.5728951004788395
0.0,0.2142359874091105
1.0,0.2025986029312338
0.0,0.5507019063598133
1.0,0.47149217444826574
0.0,0.18654065182431998
0.0,0.8129787976885364
1.0,0.8927235070906117
0.0,0.5671961393942797
1.0,0.7994528985897844
0.0,0.40799785659802285
0.0,0.656705741992836
1.0,0.21848823623898744
1.0,0.48691851232320876
0.0,0.2812182547068828
1.0,0.7251845602764548
1.0,0.7260800019362378
0.0,0.09492286079256324
0.0,0.31161635687631883
1.0,0.4423048902623282
0.0,0.46723820702297425
1.0,0.10525890597255494
1.0,0.6262767362824585
1.0,0.8121374247770919
1.0,0.9353893478657296
0.0,0.14412059089854795
1.0,0.5373398020886921
1.0,0.8350727686570808
1.0,0.40369320613166604
0.0,0.06826626842606298
1.0,0.6816671017121183
0.0,0.20177592188444785
1.0,0.5324333673474998
0.0,0.13828603002082557
1.0,0.6520014220943466
1.0,0.8013003214706748
1.0,0.44834086843828247
0.0,0.10198617317921577
0.0,0.6212814413918335
1.0,0.5426077148011892
0.0,0.3443920030930376
1.0,0.7277857238358382
1.0,0.9138999990696816
1.0,0.8320799321337023
1.0,0.41268371967138373
1.0,0.7947810276755662
1.0,0.5659033640776739
1.0,0.6871375529180972
1.0,0.6595337482117984
0.0,0.5421741242657901
0.0,0.6934575313276008
0.0,0.3316019139943412
1.0,0.37059123506273983
1.0,0.8630655614290692
1.0,0.9059758209520432
0.0,0.09572556528845474
0.0,0.09181584358069989
0.0,0.39831180637758135
0.0,0.7007453439206517
1.0,0.760720524461141
1.0,0.780175110490072
0.0,0.08041328152527878
0.0,0.06259465923762828
0.0,0.6736388404433772
0.0,0.04352521705632384
1.0,0.5833272909370364
0.0,0.2004180556215224
0.0,0.3051945661800039
0.0,0.25870518724649283
0.0,0.12126784460220492
0.0,0.16638513048706455
1.0,0.15857703538237278
0.0,0.11123326458687362
0.0,0.7015403997489555
0.0,0.942158126780934
0.0,0.4185960390845579
1.0,0.7114202464999918
0.0,0.13804715451296348
0.0,0.23819308636019879
0.0,0.21859130466850693
0.0,0.06272705069905789
1.0,0.2737307200418684
0.0,0.2840621888759647
0.0,0.8246128572008328
1.0,0.1766078498361367
1.0,0.865765346231693
1.0,0.9395474707544679
0.0,0.7540978226189636
0.0,0.3235044961994257
1.0,0.5557460425662409
0.0,0.06039802616983682
0.0,0.46508706049523696
0.0,0.030461202624796384
0.0,0.06784441832075987
0.0,0.7477166507462649
1.0,0.7440242159957795
1.0,0.8866362073602779
0.0,0.8546586209713951
0.0,0.11482907969982473
1.0,0.7996217839059193
0.0,0.8133077982681403
1.0,0.7848182015096159
1.0,0.8264442693293528
0.0,0.17991068584055697
1.0,0.17659900258609676
0.0,0.27997307476420646
1.0,0.7662370681012768
1.0,0.8955444114561237
1.0,0.40520349767220376
0.0,0.6092421122031145
0.0,0.7984830952708531
1.0,0.0784915903267657
1.0,0.767913498311658
0.0,0.084115117366072
1.0,0.3439489414209001
1.0,0.3923545987933045
1.0,0.7036248848262765
1.0,0.6822306151480774
1.0,0.9424610645212518
1.0,0.5747925334741183
1.0,0.8479108782087845
1.0,0.6727945856550098
0.0,0.8576291559012242
1.0,0.3054991383168718
0.0,0.11445539655716692
1.0,0.9449578604881868
0.0,0.5033809041980527
0.0,0.028238077555497305
1.0,0.9413089730827109
0.0,0.6162484958233564
0.0,0.6750290369245625
1.0,0.2759660638995737
0.0,0.03186721615100456
0.0,0.6454197480690652
1.0,0.5662844688126276
1.0,0.6882473390231688
1.0,0.620122050110709
1.0,0.8637996292420753
0.0,0.086947841794238
1.0,0.6346102777600334
0.0,0.5806216512072797
0.0,0.19007203603390316
0.0,0.2127759855687159
1.0,0.9147909031274919
1.0,0.6993608656557571
0.0,0.23854965967766867
0.0,0.7420679038748357
0.0,0.359701599456678
0.0,0.030696188915108936
1.0,0.9387248438301832
0.0,0.057395403327354336
0.0,0.114634033750816
1.0,0.742822456794529
0.0,0.11123293621125037
1.0,0.9198119294080133
1.0,0.8574271824765018
1.0,0.7455477896489335
1.0,0.6181603365539243
1.0,0.7249534646069639
1.0,0.899884373125029
0.0,0.6994501407243285
1.0,0.4471194849336507
1.0,0.8689147097785266
0.0,0.4388583901617957
0.0,0.5224039614427205
0.0,0.7951004272068912
0.0,0.2027884844723491
1.0,0.4549836245401175
0.0,0.13228880316198438
1.0,0.39304233139453815
1.0,0.5825302746626628
0.0,0.918880411501733
1.0,0.8061091821402895
1.0,0.6531452616429582
0.0,0.5450189713280985
0.0,0.14563571119617472
1.0,0.5370210509778032
0.0,0.714874208059104
0.0,0.22604127784662023
0.0,0.46946140721599505
0.0,0.3535121841948127
0.0,0.07950658740070346
0.0,0.7100530610735845
1.0,0.6611457773698237
1.0,0.6995614517780362
0.0,0.13897183017910864
1.0,0.852120328889687
0.0,0.7875163455075624
0.0,0.14254844732554203
1.0,0.9195751297421484
1.0,0.877564395974655
1.0,0.6418671402977186
0.0,0.19849570421536264
0.0,0.07332792834040004
0.0,0.4387697923187549
1.0,0.2289361128211275
0.0,0.23293117499163668
0.0,0.10807962655909768
0.0,0.3561832893955373
0.0,0.5048627513033603
1.0,0.7181011741633362
1.0,0.9587579597153179
0.0,0.7331332789253583
0.0,0.2549744661898278
0.0,0.6034122257046824
1.0,0.885885145422096
0.0,0.134342490330107
1.0,0.7793735320633597
1.0,0.47023676126746333
0.0,0.9492658798543594
0.0,0.12227672337814699
0.0,0.8834080003433382
0.0,0.18579111352114666
0.0,0.6033415086158094
0.0,0.15151805306175284
1.0,0.8459414727553394
1.0,0.9309776502025328
1.0,0.5160425136133415
1.0,0.6654379271212911
0.0,0.23024510941531723
0.0,0.3766997478999225
1.0,0.8467712800152359
1.0,0.6716414863058505
0.0,0.22155156142183263
0.0,0.35821003601309737
1.0,0.704723869182809
0.0,0.4351123881945111
0.0,0.10866249094067573
0.0,0.5203378856724209
1.0,0.3478610265945846
0.0,0.25102538380257616
0.0,0.031479595364129795
0.0,0.32586073154937667
1.0,0.5295391715010339
1.0,0.7926588931643584
0.0,0.7691431275530316
1.0,0.11925102353839019
0.0,0.19074672594548642
0.0,0.5546716046696216
1.0,0.5106563695127864
1.0,0.5847939941995117
0.0,0.5639774680791818
0.0,0.10681473989959807
1.0,0.7487729814949292
1.0,0.822172217277225
1.0,0.8214968507655998
0.0,0.11068153776907223
0.0,0.11391824953728566
1.0,0.5597308476474113
1.0,0.6162924922453975
1.0,0.6698754704287082
1.0,0.6633802083342167
0.0,0.05138173355368092
0.0,0.7061149937044949
1.0,0.49321091633123276
1.0,0.8637682888745836
0.0,0.4563873287474296
0.0,0.31928101732114406
1.0,0.94384996083923
1.0,0.9270157835487616
1.0,0.42389908783321245
0.0,0.6015675787375836
0.0,0.6601303422666261
0.0,0.5199466360897336
0.0,0.20480401719407082
0.0,0.38499809958084086
1.0,0.9188052752241956
1.0,0.909787643704426
0.0,0.47438114737019443
1.0,0.5106364397487343
1.0,0.31862669252599973
1.0,0.3433110582864641
0.0,0.24455889972974557
1.0,0.8664387271040951
1.0,0.699582197373215
0.0,0.07589662445349261
0.0,0.5319798205144746
0.0,0.6353766029584532
1.0,0.7119262976758465
0.0,0.3579494895830832
1.0,0.38379293483704185
1.0,0.3761224800588173
0.0,0.44140473509177774
1.0,0.5843149028448373
1.0,0.47858763606262045
0.0,0.6887638982378128
1.0,0.7886382583165197
1.0,0.8490484861780253
0.0,0.29124230196023937
1.0,0.4868961550107958
0.0,0.8541945735764692
1.0,0.6572670274521297
1.0,0.9180723728518985
1.0,0.5509077165218321
0.0,0.25699660721784895
1.0,0.8148433977543776
1.0,0.23844508990490323
0.0,0.20272091794824165
0.0,0.7902235816433988
1.0,0.8078347689252553
0.0,0.04653754082960576
1.0,0.8008330136842474
0.0,0.13385646294253253
1.0,0.7616984174393078
0.0,0.5274350179238076
1.0,0.6589979472243053
0.0,0.27441820878541867
0.0,0.7619087374306958
0.0,0.08893829356630435
0.0,0.06927302073812744
1.0,0.7834190472816865
1.0,0.6673843130271895
1.0,0.7924907249800585
0.0,0.2455793259181302
1.0,0.9055192330313364
0.0,0.20437776171544692
0.0,0.0992628369917413
0.0,0.2839480208363521
0.0,0.2719797249244754
1.0,0.7237987119090394
0.0,0.09212949974733928
1.0,0.7506071841420833
0.0,0.07585193803837523
1.0,0.9731192801019841
1.0,0.4363684583029649
1.0,0.3224298589616287
0.0,0.7745552738611858
1.0,0.5922409520895388
1.0,0.8112770968792035
0.0,0.2314316166906169
0.0,0.5394865000206938
0.0,0.8021172187998152
0.0,0.25633125837019916
1.0,0.624639836594627
0.0,0.061078870878459444
0.0,0.6162089051029737
0.0,0.164115587572888
1.0,0.3566622159888389
1.0,0.4224252113715369
0.0,0.37044520737980047
0.0,0.6032539123394847
0.0,0.07561512168539511
0.0,0.06609486376028337
0.0,0.102997037781085
0.0,0.3946752971160483
0.0,0.0770169134152782
0.0,0.3880567924926154
1.0,0.3678453219349715
1.0,0.7973411400409625
0.0,0.27242514661441264
1.0,0.17835342226623427
0.0,0.6534618152947699
1.0,0.9553027627920594
1.0,0.696447916549783
1.0,0.7543380283627069
1.0,0.5215889872281284
1.0,0.2810918965308631
0.0,0.24231358152659457
0.0,0.36710239049190035
1.0,0.7573239473439709
0.0,0.5627844941880897
0.0,0.04281204673363559
1.0,0.6533991807527864
0.0,0.12815668178506087
0.0,0.6340484992169854
0.0,0.5520886066728423
0.0,0.703813290925921
1.0,0.7864021337679917
1.0,0.9106539404669223
1.0,0.740616631022523
0.0,0.9234310623617169
1.0,0.5845657892798521
1.0,0.8997517569423253
1.0,0.15994983120483272
1.0,0.6762092116961914
1.0,0.8735359574776733
1.0,0.8291476699356954
0.0,0.8182764837123188
0.0,0.1313931428896547
1.0,0.7268947580714695
1.0,0.7653810506276344
1.0,0.7850434089371745
0.0,0.49943400876886557
1.0,0.9439570201653528
1.0,0.8207791135221368
0.0,0.372914718794534
0.0,0.7719170941137057
1.0,0.7633614923098584
1.0,0.9061229072884187
0.0,0.029450632612678957
0.0,0.8044468495755082
1.0,0.7629862049717115
1.0,0.6051905970246858
1.0,0.8370398899010423
1.0,0.34865533196996507
1.0,0.8193326682553821
0.0,0.4066931556459661
1.0,0.7117956384691164
1.0,0.7560622427020272
1.0,0.07355309193900947
0.0,0.21176925124066628
1.0,0.6788217556970014
0.0,0.6358477877033767
1.0,0.8136182094448958
1.0,0.8733047933383004
0.0,0.1929314647230324
0.0,0.021114124449137187
0.0,0.1634928823742722
1.0,0.8781021422027944
1.0,0.1862375100625721
0.0,0.45410724320841245
0.0,0.31059504942920924
0.0,0.3674797683533634
0.0,0.13611362396835996
0.0,0.2231558311895357
1.0,0.8067666955851726
0.0,0.3469537435044385
1.0,0.8701260860998328
0.0,0.3806576653702048
0.0,0.3192331353414629
0.0,0.8745246386570511
0.0,0.04221354377355121
1.0,0.6822306151480774
1.0,0.40952489723572655
0.0,0.5074293169401274
0.0,0.33606201654059903
0.0,0.48374374203008613
1.0,0.7565548225399457
1.0,0.707002091233251
1.0,0.46084256804523616
1.0,0.5002881028186669
1.0,0.5771352390535409
0.0,0.3040900336314464
1.0,0.5262806940216966
0.0,0.168233412396709
0.0,0.09828760179124427
1.0,0.741610313650973
0.0,0.3633627621217771
0.0,0.14867909150698844
0.0,0.0398545157523841
0.0,0.10428742095252523
1.0,0.8384259757598382
1.0,0.8247166143393277
1.0,0.680136666541092
1.0,0.2676466580228785
1.0,0.7794227482700822
1.0,0.48001577252879296
0.0,0.5922075195560695
1.0,0.621884879196141
1.0,0.6052497820584606
1.0,0.8429170605426751
1.0,0.6280664412924866
1.0,0.5082182443486133
1.0,0.9705502240960392
0.0,0.33062656417725356
1.0,0.5225931751254326
0.0,0.06045932487212281
1.0,0.7644894636754189
0.0,0.06433065495851828
1.0,0.46876263764211457
1.0,0.925900071975145
0.0,0.1416207935526504
1.0,0.1177279537704455
0.0,0.8286696913784078
1.0,0.7580230055453898
0.0,0.13684402164527465
1.0,0.8918211873595489
1.0,0.9179581121516758
0.0,0.09053163508047682
0.0,0.17297956065339243
1.0,0.7845581490405547
0.0,0.43901334069612447
0.0,0.05507093806020884
1.0,0.26166504433585785
0.0,0.022518742536312142
0.0,0.11864287985443615
1.0,0.7758912539788231
1.0,0.3995367427196972
0.0,0.0736036090996717
1.0,0.7240014371499648
1.0,0.640337162420777
0.0,0.3457249990212462
0.0,0.11351306908203809
1.0,0.6848867119311906
1.0,0.46866846298768533
0.0,0.30529641459913165
1.0,0.6586885955494799
1.0,0.858315377573381
0.0,0.09168386477739729
1.0,0.8319159764644132
1.0,0.6397987872059048
1.0,0.37506519367924346
0.0,0.569931426759821
1.0,0.18248082758899806
1.0,0.4683386288574976
0.0,0.6859375270832322
0.0,0.7735798565208146
0.0,0.12480019928336891
1.0,0.43025975261631055
0.0,0.33556164119684917
1.0,0.441511244246802
0.0,0.8534035589118435
0.0,0.2933211137644977
0.0,0.1801603128470611
0.0,0.5398549874498075
0.0,0.056397169727007326
0.0,0.6917586139684875
0.0,0.17744465867827452
0.0,0.05251962425529213
1.0,0.16987408098582757
0.0,0.2726369592364578
1.0,0.7467404401264057
1.0,0.957852829671336
0.0,0.513365476206429
0.0,0.04561104270029428
1.0,0.9358316649459741
1.0,0.7051754167492964
1.0,0.9211014240672416
1.0,0.6728550190437048
0.0,0.02388449629471515
1.0,0.9341926036449463
0.0,0.3367231526792769
0.0,0.19311959242034488
0.0,0.09891930800752816
1.0,0.8923021756560512
0.0,0.38143581047603137
0.0,0.3744705713934884
0.0,0.720727143931698
0.0,0.9197061747694292
0.0,0.5799635781513068
1.0,0.9114393762466774
0.0,0.08839829748947128
0.0,0.5141867694004189
1.0,0.7295022059823643
0.0,0.7813443551861005
1.0,0.660417796442945
0.0,0.02033602084601891
0.0,0.12405173140236718
0.0,0.2362457917043818
1.0,0.47379209678914885
0.0,0.05401642106890504
0.0,0.232004821319777
1.0,0.812923738366224
0.0,0.6508875681605766
1.0,0.7155176064435885
0.0,0.2846748747578494
0.0,0.28531016240276663
0.0,0.5954344857804779
0.0,0.36208808726328934
0.0,0.2015178114313878
0.0,0.02311366726847201
0.0,0.900129744687687
1.0,0.9319496038012787
1.0,0.7768029707188803
1.0,0.6183107221237676
1.0,0.9367829446545898
0.0,0.3937292511624088
0.0,0.3663552824072136
0.0,0.12059773642166186
1.0,0.7410118657329982
0.0,0.3173103817579329
0.0,0.0735339052972361
0.0,0.22795141745946923
1.0,0.246267574115484
1.0,0.542800254827864
1.0,0.8191253844725361
0.0,0.2477874830529568
0.0,0.8695852260500215
0.0,0.15454273326203527
0.0,0.61337332789033
1.0,0.6384443257043328
1.0,0.5645341764281169
0.0,0.49139501035385236
1.0,0.45372730086263324
1.0,0.8826640846399402
1.0,0.8320488795908428
0.0,0.3596424348257718
0.0,0.10208998909244209
1.0,0.594621058117215
1.0,0.9371969487564051
1.0,0.6181755567226972
0.0,0.23531775749241465
1.0,0.9513424765354509
0.0,0.038671277234724265
0.0,0.4304390227604392
1.0,0.4147964437470214
1.0,0.831781978141311
1.0,0.8125738253893706
0.0,0.6704460210781907
0.0,0.12203748949540465
1.0,0.9886355813207987
0.0,0.6940793987001423
1.0,0.5917635177481595
1.0,0.25596697456845907
0.0,0.656260298119293
0.0,0.1449484195149613
0.0,0.05692109453486725
0.0,0.011541782148885208
0.0,0.08447607480267019
1.0,0.7857471547913489
0.0,0.6326530429229854
1.0,0.6932732445042333
0.0,0.20537957010275615
0.0,0.08971937463305861
1.0,0.7005273758111705
0.0,0.1890330202088907
1.0,0.5079022885638559
0.0,0.7360271628081823
0.0,0.17378228475265542
0.0,0.17445523914267558
0.0,0.4062710135028921
0.0,0.5715133521471447
0.0,0.4006222831919506
1.0,0.8811902932502609
1.0,0.8134597519191427
0.0,0.36375804097715736
0.0,0.3847115391715993
0.0,0.47598031849395656
1.0,0.7786570507885012
1.0,0.5868189831874842
0.0,0.2021279632455101
1.0,0.6128104315105045
0.0,0.4260902171548137
0.0,0.5431643428227122
0.0,0.1806661983636118
0.0,0.43101189910732296
1.0,0.46671193187214455
1.0,0.7254132826273814
0.0,0.7915757312276585
0.0,0.3444291849801292
1.0,0.7382086100591845
1.0,0.3276320139734323
0.0,0.17263479345629834
1.0,0.3896425363227475
0.0,0.25115657075073006
1.0,0.8923223946742187
0.0,0.8351949817023231
1.0,0.6467592393188337
1.0,0.5182632267513275
0.0,0.1842379493828265
0.0,0.7109058533927521
0.0,0.5452185202771899
0.0,0.6240897799451638
0.0,0.3922164498590597
0.0,0.02773163554767158
0.0,0.42748091050827003
0.0,0.44308980464912595
1.0,0.46455557271704817
0.0,0.11283150481855028
1.0,0.8695695009439944
1.0,0.7111148590545642
0.0,0.026646850207023502
1.0,0.34287066204266037
0.0,0.90710121188492
0.0,0.13219464653126095
0.0,0.4595246500599123
1.0,0.9297302906952973
0.0,0.34314494413356195
1.0,0.49522426418866566
0.0,0.056869701535080766
1.0,0.7629788827759606
0.0,0.6927304434252466
1.0,0.908974387420972
0.0,0.22999396647874776
1.0,0.28872654695898053
1.0,0.4548319391102755
0.0,0.0915707820079807
0.0,0.13448203624270477
0.0,0.34608343091603444
1.0,0.49174988362609906
1.0,0.39700381205740176
0.0,0.0724936979197948
0.0,0.059323284416779754
1.0,0.7760161344610051
0.0,0.02517730858868498
1.0,0.6827312204279983
0.0,0.169016715458541
0.0,0.2819151411722573
0.0,0.880385153073861
1.0,0.817968322843084
1.0,0.9089371833693743
1.0,0.6403943110169681
0.0,0.4462407614901712
1.0,0.3939302753195245
1.0,0.350955736699978
1.0,0.7132845351248345
1.0,0.365091277368216
0.0,0.24128283038988135
1.0,0.7828795047454186
1.0,0.8825243412770627
1.0,0.30569240984265933
1.0,0.9117837291531125
1.0,0.717075479324386
0.0,0.2800838985632713
0.0,0.048243655556404745
1.0,0.5659687794573519
1.0,0.4422454996236288
1.0,0.5789838799467493
1.0,0.1775084494599787
0.0,0.39990704427561674
1.0,0.1688694388993554
1.0,0.7631002289560511
0.0,0.11059461845528132
0.0,0.26593009476590995
1.0,0.8168008783224501
1.0,0.8631149351138152
0.0,0.10745035845109505
1.0,0.814744000814432
0.0,0.16902324628810012
0.0,0.24218083238423146
1.0,0.7669551993061218
0.0,0.13345069688055666
0.0,0.13527324842398247
0.0,0.7957560945863217
0.0,0.3943707674287883
1.0,0.7885261677709332
1.0,0.08625463649014894
1.0,0.7013693986759515
1.0,0.715212860678162
0.0,0.5519913347809273
1.0,0.7240394007503066
0.0,0.41413702403108726
1.0,0.582802018527792
0.0,0.4456026187516821
0.0,0.7033860001015511
1.0,0.8950085717950371
1.0,0.9144432085069205
0.0,0.8574707013870855
1.0,0.6276836667521402
0.0,0.8349779100017795
0.0,0.05414546241408584
1.0,0.8666529319356371
1.0,0.5931459019007121
0.0,0.36911123509910576
1.0,0.4707166155047064
0.0,0.06324290649610263
1.0,0.8897584924987735
0.0,0.9091741702272118
1.0,0.6265595316396391
0.0,0.051355166071752424
0.0,0.5204701341877793
1.0,0.9517006200046693
0.0,0.2690228489290389
1.0,0.41736119095386465
1.0,0.6695759407416066
0.0,0.3249072573298267
1.0,0.9616341975442454
0.0,0.12380334906517354
1.0,0.47804196254690706
1.0,0.6507455217881774
1.0,0.5872753445149917
1.0,0.8309304197072382
0.0,0.3382695427447148
1.0,0.49112595151414606
1.0,0.15324947815286263
0.0,0.027531300897017875
1.0,0.8315479112617578
1.0,0.9220709864866652
1.0,0.7818100453456239
0.0,0.10853387024764101
1.0,0.4646947753035864
1.0,0.5314145989086113
0.0,0.2863803978111175
1.0,0.35637466969787573
0.0,0.45882962928688764
0.0,0.7101761800287629
0.0,0.25063462216115795
0.0,0.08168960804316064
0.0,0.6981634361558751
1.0,0.19957690439734227
0.0,0.6055010396165807
0.0,0.2762008436040687
1.0,0.4333254524128332
0.0,0.08230205232250398
1.0,0.3297225113834972
1.0,0.4743328006113683
1.0,0.6482170095682196
1.0,0.6925336018044956
1.0,0.9971409825622025
0.0,0.21391132588880685
0.0,0.11533576460151496
1.0,0.8813597137440379
1.0,0.4592600021205536
0.0,0.7564492641375253
1.0,0.8016427951060059
1.0,0.9109512023080576
0.0,0.8570652849911651
1.0,0.9300978249810055
1.0,0.8265928689475587
0.0,0.400145214513572
1.0,0.7049350729050257
0.0,0.5687073339189019
0.0,0.5876640583900092
1.0,0.8767517155291161
0.0,0.6287803920508638
1.0,0.9461710087678761
1.0,0.6355547430160875
1.0,0.8612992770575791
1.0,0.9015769504005039
0.0,0.7234152071544327
0.0,0.14699525174610534
1.0,0.6508676920177827
1.0,0.5935048147027386
0.0,0.20613990930881165
0.0,0.1899736328649029
1.0,0.4372111519276391
0.0,0.350916508245907
1.0,0.37969191019267884
0.0,0.32170210570458163
0.0,0.492346419757889
0.0,0.22783427163428885
1.0,0.8492868532603083
1.0,0.7917594692873429
1.0,0.3584664893626906
1.0,0.7464442011776729
1.0,0.5016219868154997
0.0,0.18281031460647423
0.0,0.7596651125892414
1.0,0.6566553463593012
1.0,0.9321771679900801
1.0,0.6850802159626631
0.0,0.6614023248806824
0.0,0.04541769107455128
0.0,0.3228390563017715
1.0,0.9366006732285796
1.0,0.6892350107210851
1.0,0.5589004249717175
0.0,0.31409287050789625
0.0,0.7886993832775488
0.0,0.04691981463095343
1.0,0.7700877536310454
0.0,0.8419708116504167
0.0,0.059165345396844024
0.0,0.4506466689421168
1.0,0.7910171886725085
0.0,0.1447151832588331
1.0,0.5413984226678037
1.0,0.9213649500559654
0.0,0.4322342296158962
0.0,0.13092319085781576
0.0,0.5899172314931329
0.0,0.7581441031041601
0.0,0.6314325389514321
0.0,0.2847967352214119
1.0,0.8594799182070588
1.0,0.3611091337168911
1.0,0.47041125801011835
1.0,0.16911989303247593
1.0,0.9288556113530696
1.0,0.7551675382455587
1.0,0.6136932419553663
0.0,0.38323922342977446
1.0,0.8223398105871261
0.0,0.28907466870248866
0.0,0.1666162942478548
1.0,0.7908227091399505
1.0,0.8514947601141098
0.0,0.6113111797467932
1.0,0.7011968600729348
0.0,0.8740631584840461
1.0,0.8006768559151058
0.0,0.025408251408762562
0.0,0.05349901297631421
0.0,0.277483568239819
0.0,0.3969878855910558
0.0,0.2860890686103926
1.0,0.9093116509585373
1.0,0.8937547026529611
1.0,0.13232207678182822
1.0,0.5276631826605401
0.0,0.6554439320003101
1.0,0.3392203798706168
0.0,0.44323189656296363
0.0,0.5375942228449087
0.0,0.6980524129899693
1.0,0.6021121138047605
1.0,0.5480830164592321
0.0,0.582263134809035
0.0,0.5734725581380766
0.0,0.0694163679732255
1.0,0.47046430894136115
0.0,0.13391204678979024
0.0,0.11277715637057498
1.0,0.48802866611104384
1.0,0.9223823180301143
0.0,0.04210460085354448
1.0,0.6755802248872038
0.0,0.17943647726949224
0.0,0.3908116577922877
0.0,0.5407300825056777
1.0,0.9401223883699708
1.0,0.3326148655436623
0.0,0.1293878577247271
1.0,0.7998445041695282
1.0,0.8161433333102996
1.0,0.6141491556129994
1.0,0.5334718905477797
1.0,0.9206894510747832
0.0,0.22626739203830679
1.0,0.7831710825919951
1.0,0.928909475114121
1.0,0.2758237369714925
1.0,0.936136722438872
1.0,0.5921984798686365
0.0,0.7983463565110437
1.0,0.8902148497613753
1.0,0.7729004771919434
1.0,0.6313715971951932
0.0,0.45858268517727874
0.0,0.14176837181226323
0.0,0.4797687471228686
1.0,0.5570487694026381
1.0,0.90071134021817
1.0,0.7880029698821488
0.0,0.3622413022138966
1.0,0.3506891474142862
1.0,0.8618604405243373
1.0,0.6888210746587653
0.0,0.14553206927369033
0.0,0.01927385817062857
1.0,0.5847622752931906
0.0,0.8715468198600412
0.0,0.13022196623575155
0.0,0.1698921116784277
1.0,0.4621382326579006
0.0,0.04999505803163631
1.0,0.7352252076734358
0.0,0.5217306510115899
1.0,0.37864270774578335
1.0,0.890041498721609
1.0,0.6255737069644477
1.0,0.892933350966093
1.0,0.6334863878318864
0.0,0.3045488081479749
0.0,0.5847161146793666
0.0,0.17325160041722104
0.0,0.0672821716278831
1.0,0.9132702424784072
0.0,0.223315316459365
1.0,0.5255808682975063
0.0,0.627691421567468
1.0,0.9019250226930658
0.0,0.09048833985823025
0.0,0.02898036052608194
1.0,0.9128355793899185
1.0,0.11169361469590393
1.0,0.4290114366522094
0.0,0.3049747689032262
0.0,0.14675157911368622
0.0,0.3369328065971445
0.0,0.45904637210602744
0.0,0.057362464973471194
0.0,0.03138938919978419
1.0,0.6039168702984263
1.0,0.46383447338911
1.0,0.8742767188367047
0.0,0.6237075900599091
0.0,0.5098757761816108
1.0,0.8430137465724806
1.0,0.42727243459578546
0.0,0.08408641645507661
1.0,0.676256440621188
1.0,0.622638146014652
1.0,0.8713143459684696
0.0,0.09064330466140832
1.0,0.6124363818268913
1.0,0.5701862973629537
1.0,0.7109877036877525
1.0,0.6467118916453232
0.0,0.7116259971883039
0.0,0.47062573663973417
0.0,0.42750310721743273
0.0,0.8457425277733635
0.0,0.5532242456206727
1.0,0.9536390139044014
1.0,0.6455573986371684
1.0,0.8605471682700859
1.0,0.8094395721782298
1.0,0.7060812224370019
0.0,0.5812136827183955
1.0,0.4543872150408809
0.0,0.7285970553560354
0.0,0.5072324831453365
0.0,0.8737586699528075
1.0,0.7778883396461929
1.0,0.7649588136139317
0.0,0.1135804677376965
1.0,0.9510169719693318
1.0,0.3626100089798718
1.0,0.9646775422096956
0.0,0.07529030614989954
0.0,0.21382538429417788
1.0,0.918295446434116
0.0,0.4403291229831634
1.0,0.36596953815371747
1.0,0.39078286849570215
0.0,0.09486884602160836
0.0,0.8010955667214933
1.0,0.6519346520563927
0.0,0.06408116431074175
1.0,0.38047263182592045
1.0,0.6146543086069919
1.0,0.5030875757368665
0.0,0.1443879551790182
1.0,0.8184934938918929
1.0,0.8563423658209475
0.0,0.0745242103039152
1.0,0.6871487137924797
0.0,0.33826474329752965
0.0,0.8397184303765236
0.0,0.39221768598911594
1.0,0.3853716181510167
1.0,0.2840212633222573
1.0,0.3793349741846388
1.0,0.3820935316816067
0.0,0.2892238439621525
1.0,0.8018338328155595
1.0,0.2764030375894465
0.0,0.561844260341734
0.0,0.7574218425428049
0.0,0.36317801901123925
0.0,0.48808946580284723
1.0,0.8597865334391314
1.0,0.7041890598499899
0.0,0.2174407548802792
0.0,0.08227495743039465
0.0,0.806302298285414
1.0,0.7480128228172858
1.0,0.26536809091802105
0.0,0.02447220685248041
1.0,0.9531846859042536
1.0,0.7050139209624484
1.0,0.9384033439469986
1.0,0.4864897185812741
0.0,0.05980940362054832
0.0,0.24196616656397812
1.0,0.6997756976672904
1.0,0.4151535675610214
1.0,0.631972718071397
0.0,0.053576434564730435
1.0,0.6870870090256531
1.0,0.8129189402232161
0.0,0.0868351983504472
0.0,0.1170593180228611
0.0,0.408122610779564
0.0,0.1488772182975978
1.0,0.5195688716581
1.0,0.1411257263093803
0.0,0.5061679186561265
0.0,0.5647862394738307
1.0,0.8852878166728427
0.0,0.7021976516806268
0.0,0.5758999065797603
0.0,0.8097400096718739
0.0,0.20530976119967392
1.0,0.18189398384669647
1.0,0.5430376327936631
1.0,0.7473253395949576
1.0,0.6941650981101877
1.0,0.36259785839941083
0.0,0.7611941367547859
1.0,0.3904720407054409
1.0,0.7663905510840578
1.0,0.6711631092831467
1.0,0.7273951428900478
0.0,0.13358287945429909
1.0,0.8266893348185622
0.0,0.710948301307978
0.0,0.33996520845088557
0.0,0.20695435623726643
0.0,0.0705733835865055
0.0,0.808833185192284
1.0,0.4802555955387785
0.0,0.47532020472543823
1.0,0.4638788056818758
0.0,0.13549119717083785
1.0,0.3253872661686845
1.0,0.7417142028772584
1.0,0.9615175282148009
0.0,0.515379811435668
0.0,0.38529387847407837
0.0,0.4218735248163553
0.0,0.0768114957869791
0.0,0.053533394012252836
0.0,0.11497209557906832
1.0,0.6418009228017529
1.0,0.5428713975734591
0.0,0.1095121216229741
1.0,0.8558102825075984
0.0,0.9291429453730997
1.0,0.34599070165597534
0.0,0.8261229664694932
0.0,0.16519207039386133
0.0,0.1258055191551955
1.0,0.9303089095423905
1.0,0.3924068581051113
1.0,0.38765799978331716
0.0,0.16621097890892517
1.0,0.9587763726751252
0.0,0.10339535602423626
1.0,0.7791988347648073
0.0,0.14506575836388458
1.0,0.16475740207249343
0.0,0.7729500562433282
0.0,0.14325292265556486
0.0,0.1122913433228138
1.0,0.5726315598927095
0.0,0.29755730198141694
1.0,0.05480408556428851
1.0,0.5967844383697912
0.0,0.20434972417858774
0.0,0.31302843953624176
0.0,0.21540647384449288
1.0,0.5926032995126603
1.0,0.6575695920664387
0.0,0.06900902031357328
1.0,0.5800614653826546
0.0,0.0800523357721421
1.0,0.8156429226878401
0.0,0.3186502870652244
0.0,0.4583707424149357
1.0,0.42100196717298377
0.0,0.08483215165473235
0.0,0.1922055459493972
1.0,0.9157776929162076
1.0,0.6749290566661197
0.0,0.11329362714162809
1.0,0.3152244294382427
1.0,0.6759416051119504
0.0,0.7163634063722748
1.0,0.5433574233097278
0.0,0.31419229883286937
1.0,0.6526130595101518
1.0,0.1429647315465644
0.0,0.5205702663997258
0.0,0.3328703886390974
0.0,0.3120364529619459
1.0,0.5036987672200425
1.0,0.9365731181368014
0.0,0.09582951754656245
1.0,0.9040737359940179
1.0,0.5421364268434606
0.0,0.6715079998806089
1.0,0.5291089719596371
1.0,0.7403186053297952
1.0,0.9466265821417561
0.0,0.18152123413047822
0.0,0.15793087393377156
1.0,0.9056821728224614
1.0,0.699693201164371
0.0,0.3263595690220865
0.0,0.45292987024985554
0.0,0.6161548419826366
0.0,0.30432104177403696
1.0,0.9202816769597147
0.0,0.6204308560966909
1.0,0.7717157662402394
0.0,0.21047512141291502
0.0,0.04101493777935332
1.0,0.5887430076277
0.0,0.23685563708821702
0.0,0.10367966179860795
0.0,0.08176381891961008
1.0,0.5714864080795422
0.0,0.22850336821686046
0.0,0.2795544686186989
0.0,0.015262129302639149
1.0,0.4242083958594529
0.0,0.0677333068315253
0.0,0.08577750544800664
1.0,0.48757737419976444
1.0,0.5095088199519264
1.0,0.22049421477983971
0.0,0.04225100382547112
1.0,0.9114722102348993
1.0,0.38040366363117867
0.0,0.2869331816188014
0.0,0.2154696106007646
1.0,0.6613029889265682
0.0,0.610445874657664
1.0,0.9492064644032517
0.0,0.4044395459803921
1.0,0.6839400492830674
1.0,0.3139896299521234
1.0,0.8182055383975829
0.0,0.02171375178995986
1.0,0.7905598467121007
0.0,0.08742064587369246
1.0,0.8368926801578473
1.0,0.77043437175287
0.0,0.3062132939972072
1.0,0.9203480707807478
0.0,0.3939149440634816
1.0,0.8511047222521384
0.0,0.13735102136940408
1.0,0.4855248932526968
0.0,0.4059783994708532
1.0,0.8368166463373508
0.0,0.28568992268158394
1.0,0.2225488624200473
1.0,0.8444765539856387
1.0,0.38373631316487317
1.0,0.709437707506299
0.0,0.45332734239246797
0.0,0.47557385495701554
1.0,0.8166415620036378
0.0,0.8575532813641452
0.0,0.7948176915511016
1.0,0.8309031845124555
1.0,0.6523075988774781
0.0,0.20806550874784202
0.0,0.3787962443109909
0.0,0.1325780420394387
0.0,0.090655194076535
0.0,0.48665547631459455
1.0,0.3885368230768833
0.0,0.022607303552974557
0.0,0.47671312015561257
1.0,0.5256513527798108
1.0,0.8630482826492891
0.0,0.046009680311737855
0.0,0.2024636126491016
0.0,0.6870731771845042
1.0,0.7528538979291889
1.0,0.4390032603749178
0.0,0.07166483665305105
0.0,0.13359159556601813
1.0,0.8952090034575273
0.0,0.18599328406527518
1.0,0.7090086423578105
0.0,0.32093096127148724
0.0,0.13401448437350189
0.0,0.09012336707957576
0.0,0.06320341986661179
1.0,0.9901036632298312
0.0,0.894091515900783
1.0,0.8395017241602755
1.0,0.7775727805151793
1.0,0.6506090071197845
1.0,0.7778958971017114
1.0,0.7094377086741639
0.0,0.0416993428702083
1.0,0.947519383081425
1.0,0.1941406376692379
0.0,0.531863749346557
0.0,0.4308915705623001
1.0,0.9058273285275706
0.0,0.4440404662118097
0.0,0.05448359086807288
0.0,0.30343605983958805
0.0,0.13381377527399016
1.0,0.9175741043274831
0.0,0.6673244801713868
0.0,0.4167142880625535
1.0,0.6181902439670057
1.0,0.5740028434364237
1.0,0.8395992866841875
0.0,0.6503062238727948
1.0,0.4782249863696422
1.0,0.9460067238546346
1.0,0.5732129996908345
0.0,0.028403527581392456
1.0,0.8791402156201032
0.0,0.09864808019260855
0.0,0.06751952243809357
1.0,0.3682106761145051
0.0,0.06641120654790118
1.0,0.32982503737591595
0.0,0.3042748152207276
0.0,0.10994219122543025
0.0,0.14793625237724659
1.0,0.7951343598761779
0.0,0.019084427969288977
0.0,0.4897584056106602
1.0,0.482020677248017
1.0,0.6193835480857866
1.0,0.3520865502836515
0.0,0.24470329244250646
1.0,0.2854843487819535
0.0,0.03620833504514073
0.0,0.07082427849990906
1.0,0.5840166851380175
1.0,0.7765547464907778
1.0,0.5838572628603264
1.0,0.4915076233062664
0.0,0.5220971425674122
1.0,0.9657740912020316
1.0,0.7768486888665433
0.0,0.047108619980457934
1.0,0.8060311659348601
1.0,0.3776793342036723
1.0,0.9542481467572033
1.0,0.8399765695244483
0.0,0.30037905950224236
1.0,0.8925925599865187
0.0,0.24393861805409384
0.0,0.26804549775775427
1.0,0.7633459925000103
1.0,0.9715173094401713
1.0,0.7051694652758403
0.0,0.35841873494435444
0.0,0.404129591788302
0.0,0.24750802838142133
1.0,0.6800672665266493
1.0,0.6796951960450366
1.0,0.9450029633145374
1.0,0.7467141215581776
0.0,0.45618576344396844
1.0,0.764568558130248
0.0,0.1123582485853087
1.0,0.9202140853534819
0.0,0.5024731569393885
0.0,0.08828504436384585
1.0,0.7978755112429233
1.0,0.6829705133590519
1.0,0.7415947065163333
0.0,0.2909679590054753
1.0,0.35737385714045516
0.0,0.22640450411558363
0.0,0.6464669109883071
1.0,0.6250662217536704
1.0,0.5587074202842166
1.0,0.25971000338757533
1.0,0.624359039962034
1.0,0.642232848160582
1.0,0.8126971359155526
0.0,0.33410348304954585
1.0,0.764979310019613
1.0,0.728515299994
1.0,0.9663208904869132
0.0,0.7453917665598868
1.0,0.9846861123915189
0.0,0.08045560158693484
0.0,0.038989343114961814
1.0,0.48157422963348695
0.0,0.5164257014314498
0.0,0.1372131525113705
0.0,0.10845061703099204
0.0,0.6503507123377638
1.0,0.823459953382519
0.0,0.658047091501426
1.0,0.39002704278478517
0.0,0.8788187945448662
0.0,0.05644037018778134
0.0,0.4115032193415457
0.0,0.18880971589094
0.0,0.08742098405465577
1.0,0.8289977048562951
1.0,0.5893094103790288
0.0,0.933964380766929
1.0,0.24194538679932748
1.0,0.2917933243991421
0.0,0.6686360056922527
1.0,0.7008828952384736
0.0,0.09944463816502877
0.0,0.10307073765624217
0.0,0.7706406865048231
0.0,0.2252576173310667
1.0,0.8647721441540825
1.0,0.6937427053314478
1.0,0.5620884441432793
0.0,0.1240654154403817
0.0,0.14792043653109116
0.0,0.5705905714846023
0.0,0.6010301857801269
1.0,0.9274808650034945
1.0,0.7917955966197641
1.0,0.7619975146578645
0.0,0.2740463982008067
1.0,0.6776488919750505
1.0,0.17242288428198155
1.0,0.8257038456495984
0.0,0.059995175018553525
1.0,0.6561181652518941
0.0,0.3983716139886669
0.0,0.23106014273032854
1.0,0.8817429321035218
1.0,0.32772806276579125
0.0,0.3045577156495583
0.0,0.6298715414170764
0.0,0.08097609482514814
1.0,0.751621241206878
0.0,0.17212312297124757
1.0,0.6952919735777152
1.0,0.894439554101383
1.0,0.8620964503319186
1.0,0.7731120612621132
1.0,0.7970294363644307
0.0,0.9032932059314718
0.0,0.12031653325149125
1.0,0.8575725177450957
1.0,0.8436746646049416
0.0,0.6477334855227413
1.0,0.8493493284806647
0.0,0.6648644197803627
0.0,0.16933634958381205
1.0,0.12241816551482901
0.0,0.29779895354248354
0.0,0.6062761935658246
0.0,0.7112690460875672
1.0,0.5423095546484584
0.0,0.45161744395527903
0.0,0.3728920195693623
0.0,0.83523549875519
1.0,0.7483716467864012
0.0,0.4632419051003783
1.0,0.43199688730699765
1.0,0.8076684867959883
1.0,0.5285987086044865
0.0,0.7028311995316929
0.0,0.07365615903544588
1.0,0.7695441498798686
0.0,0.09905152762975478
0.0,0.6869266733872219
0.0,0.8974323013253983
0.0,0.07707530211229904
1.0,0.8780625853675987
1.0,0.7080096255500316
0.0,0.1402774503461003
0.0,0.9082861045497094
1.0,0.4879693032171577
1.0,0.6851199142479977
1.0,0.5115734917249586
0.0,0.4070681819086417
0.0,0.1033511896247872
1.0,0.8402389543622156
0.0,0.12576562758676052
1.0,0.8322061195467562
0.0,0.07275190038349941
0.0,0.1538149759324832
0.0,0.4651063868924602
0.0,0.8900678767113348
1.0,0.39979411603665044
0.0,0.2768020413782957
0.0,0.07727328191181237
1.0,0.6402977086447429
0.0,0.18213063050451472
0.0,0.2347832495738178
0.0,0.14164996317293976
1.0,0.7785546251848827
1.0,0.6930971655849867
0.0,0.07631961861437472
0.0,0.11238989788554994
1.0,0.8013373741114428
1.0,0.6975373004276462
1.0,0.8441610900709321
1.0,0.6755596635158388
0.0,0.1945175340540263
0.0,0.11350470158710083
0.0,0.12998620848678125
1.0,0.7954970691143898
1.0,0.7803457763262027
1.0,0.6339711937496926
1.0,0.33885355774499387
1.0,0.1126376419585569
1.0,0.8857492690225592
0.0,0.6402882658562933
1.0,0.6993809947382187
0.0,0.06607287378675389
0.0,0.05476574290226825
1.0,0.8705397106025355
0.0,0.10560026169043564
1.0,0.652432135996405
1.0,0.8844652648253273
1.0,0.7579038596092076
0.0,0.9690290023868687
1.0,0.9250775163692854
0.0,0.6685821853761935
1.0,0.2998836541353205
0.0,0.7498849463604997
0.0,0.05430025867529522
1.0,0.379160825673431
1.0,0.7623401226724702
0.0,0.042874919246207885
0.0,0.5827282925293441
0.0,0.3272413845680877
1.0,0.7691748630867146
0.0,0.8487432252969059
0.0,0.026698167925917705
0.0,0.03707691745179892
0.0,0.17002300181315363
0.0,0.7576720671627275
1.0,0.5681555230626574
0.0,0.06139229878416493
1.0,0.3748491812949036
0.0,0.06682402938572463
0.0,0.8803716713834993
1.0,0.939978003859552
0.0,0.7347411894127226
1.0,0.3264438747519426
0.0,0.7745370705033449
1.0,0.4272144040064216
0.0,0.4801792178727625
0.0,0.022408954372323257
0.0,0.3977519818910801
0.0,0.2653279515683261
0.0,0.7916902838447569
0.0,0.8607742464421001
0.0,0.12834289194872286
0.0,0.722392665238898
0.0,0.084020807968429
1.0,0.6546696451748171
0.0,0.19647490147185273
0.0,0.2485590603476986
1.0,0.7651124659313993
0.0,0.16000099344409457
1.0,0.5725305289874048
1.0,0.4500769987816309
1.0,0.4851934130665998
0.0,0.043033040166800915
0.0,0.3973714087591965
0.0,0.04632866378249449
1.0,0.8575354474728016
1.0,0.7354692279521864
1.0,0.9056247468095708
1.0,0.8635402741404945
1.0,0.5938825302840198
1.0,0.6471101755864451
0.0,0.0932895709954894
0.0,0.08787650649723709
0.0,0.0818940312358104
0.0,0.16575624192047703
0.0,0.1511450791409684
1.0,0.8220655357610461
1.0,0.5508214606150765
0.0,0.7313979466040604
1.0,0.895902666200685
1.0,0.8219073059163298
1.0,0.5603647873836832
0.0,0.41175523249915136
0.0,0.1701274234292835
1.0,0.6612506048970671
0.0,0.057638434155212956
1.0,0.3837368238889887
0.0,0.7649367821873186
0.0,0.025824640247108344
0.0,0.36650683131640116
1.0,0.8420738056986569
0.0,0.09180579004555048
1.0,0.841345469249088
1.0,0.7773425038917301
1.0,0.6452931447492105
0.0,0.49701985933082016
1.0,0.8354243259578672
0.0,0.2399757924712993
1.0,0.338026715948181
0.0,0.36943591910112045
0.0,0.17629900369506493
0.0,0.28279722097292115
0.0,0.1354255345257332
0.0,0.26357726783473
0.0,0.43336035055599503
1.0,0.8264474211741561
1.0,0.8476652009649449
1.0,0.5702078873118184
1.0,0.6932737220415157
0.0,0.8167807340339117
1.0,0.39079848475555196
0.0,0.4620411350703736
1.0,0.9368335203482697
0.0,0.18022011194743587
0.0,0.13777113487067774
0.0,0.1679663264971358
0.0,0.007447853977974038
1.0,0.506014683272877
0.0,0.22096587825341646
0.0,0.2867472149215536
0.0,0.3923857905063971
0.0,0.8429251644950544
0.0,0.22020858859551176
1.0,0.22502287914551436
1.0,0.6907220241797315
0.0,0.22234648517319947
1.0,0.45487351838821544
0.0,0.11298788690889874
1.0,0.8830825494474341
0.0,0.7837045347638399
1.0,0.6857954660814062
1.0,0.8252833401603368
1.0,0.3119463853197436
1.0,0.8076995994809548
0.0,0.6265872894408366
1.0,0.815436348702975
1.0,0.3905820468944232
0.0,0.12525582602003188
1.0,0.8818491368596364
0.0,0.2621480816091292
0.0,0.7767369803392503
1.0,0.32651846928776107
1.0,0.6766065806045054
1.0,0.967427114634088
1.0,0.28426558488417086
0.0,0.13448203624270477
1.0,0.6844245908025661
0.0,0.28182577493368327
1.0,0.48044049164743585
0.0,0.08952839595267754
0.0,0.8319756254988221
1.0,0.08506271211446823
0.0,0.012954400062450916
1.0,0.9302467663971943
1.0,0.916186428888204
0.0,0.217043020822086
1.0,0.6295787701461386
1.0,0.8681257777078745
0.0,0.6402017031392975
0.0,0.18198790248584557
0.0,0.7558982863462738
0.0,0.22730752142197938
0.0,0.070598121083871
0.0,0.04386891165714297
1.0,0.8660544380269608
1.0,0.7787785274080485
0.0,0.2638423190646585
0.0,0.9648562245757011
1.0,0.45840503514096
0.0,0.5571108617896154
1.0,0.9283376654785425
0.0,0.8043338297534067
0.0,0.726325762379487
0.0,0.44851635669355144
0.0,0.1354355261714443
1.0,0.644410460724068
1.0,0.42317326934140764
0.0,0.7114784640501262
1.0,0.27375657727560787
1.0,0.5672575213780509
0.0,0.14416712215534438
1.0,0.18296265546188553
1.0,0.18026929983234002
0.0,0.1555936490004887
0.0,0.46378628536404876
1.0,0.8221914232785436
1.0,0.5296668077729045
1.0,0.7118672554582132
1.0,0.88259322314421
0.0,0.20501135688526473
1.0,0.5261959167504046
1.0,0.6812219109219569
1.0,0.847022640731546
0.0,0.5928814351611301
1.0,0.7111718091301629
1.0,0.40270789828068293
1.0,0.6731776434253226
1.0,0.42339406796269696
0.0,0.5489594442879486
1.0,0.20611053060049778
0.0,0.44494426798741654
1.0,0.6094291646411647
1.0,0.9093495700895529
1.0,0.4393116388845395
0.0,0.17397183178487458
1.0,0.8693277023591047
0.0,0.11460094995816542
1.0,0.7088505998825589
1.0,0.8801830059638359
1.0,0.9222494149578331
1.0,0.4908388879541027
1.0,0.788877034274674
1.0,0.31842703547805434
1.0,0.9507637540480465
0.0,0.048501738489662785
0.0,0.21831280561521807
1.0,0.43034774389646085
0.0,0.332937667105469
0.0,0.8649828573458738
0.0,0.04069258861289021
1.0,0.5756989964682605
1.0,0.7804460823734141
0.0,0.3390480927554643
1.0,0.9004261340374718
0.0,0.47380370283245227
0.0,0.7195931040988496
1.0,0.4428093056901755
1.0,0.6550683179566189
0.0,0.2607328560729277
1.0,0.673593072220527
1.0,0.8325238225273767
1.0,0.5713167459278398
1.0,0.29936915579462553
0.0,0.10790150568337775
1.0,0.9185536082427168
1.0,0.8947966219213959
0.0,0.36479906216269303
1.0,0.4952921025748852
1.0,0.5578519846324133
0.0,0.34356101715953374
1.0,0.8458754962213684
1.0,0.6378477193565647
0.0,0.1906403902643083
0.0,0.3913465619730424
1.0,0.468338415205639
1.0,0.7798711551990848
0.0,0.06337067333066039
0.0,0.04888477172301902
0.0,0.35464054398602185
0.0,0.20199804816558084
1.0,0.7164847346012084
0.0,0.8100621280293696
1.0,0.6995179531834145
1.0,0.7274949622082729
0.0,0.12682196426286857
1.0,0.9226954330766228
1.0,0.1830003363512606
1.0,0.8756429010400613
1.0,0.6725207096079184
0.0,0.6531830814760853
0.0,0.21838023920752964
1.0,0.8313756874379044
0.0,0.8116353803891396
0.0,0.1253047096222358
0.0,0.44938195382856233
1.0,0.9267216498848626
0.0,0.6861351551258865
1.0,0.903989914041999
1.0,0.6289379927090901
0.0,0.11273557615933127
0.0,0.04634424015073324
0.0,0.19248431231096058
0.0,0.5050893842470445
0.0,0.5426828156723151
0.0,0.4211439893693347
1.0,0.6161410869308519
1.0,0.8654284725396442
1.0,0.9708998583152697
0.0,0.07636460036827104
1.0,0.8624703448575776
0.0,0.8415950251358579
1.0,0.411541856436454
1.0,0.7380501896473319
0.0,0.7854573904831861
1.0,0.824592891552179
1.0,0.9053330451646129
1.0,0.8540837721321657
0.0,0.7545563249542632
0.0,0.5369675702367156
0.0,0.3424782557833197
0.0,0.7276487926753475
1.0,0.63007127340643
1.0,0.6146603537804693
1.0,0.7116283375539714
0.0,0.08664881753095768
1.0,0.20965088615879082
1.0,0.8516174921663664
1.0,0.7061244706029064
1.0,0.8465388582993351
0.0,0.9000045826107904
0.0,0.37083863764260083
0.0,0.3891779146045137
1.0,0.5807825406903613
1.0,0.4398759141807564
1.0,0.7747573287884231
1.0,0.6406984224905643
1.0,0.7352032950164551
1.0,0.9311821564046887
0.0,0.7208682214916107
0.0,0.3090582134957984
0.0,0.30278635410087323
0.0,0.1901990769666087
1.0,0.615862981031331
1.0,0.8568313763841477
1.0,0.7003029415691724
1.0,0.34829723633623183
1.0,0.35190203999708314
1.0,0.9210675548775906
1.0,0.7342102585258798
0.0,0.333408309338265
0.0,0.08264692657548642
0.0,0.12748586743521578
1.0,0.8213337182219128
0.0,0.11900208911672264
0.0,0.7957690855941959
0.0,0.10235464807615806
0.0,0.06548914282171761
1.0,0.13702751142047767
1.0,0.205622927996306
0.0,0.17098169786702283
0.0,0.5676840586742399
1.0,0.8218440358427236
1.0,0.6236272412243278
0.0,0.648371489312862
0.0,0.41314644070932643
1.0,0.595947533377429
1.0,0.7592716285892221
0.0,0.3124856169238111
0.0,0.018499002043250105
0.0,0.15930406829600266
0.0,0.1478992443791091
1.0,0.6610054288285129
1.0,0.8869323897144079
1.0,0.9677504885993249
0.0,0.17700051628208635
0.0,0.06273037102358892
1.0,0.3564704225305574
1.0,0.28836461592137475
1.0,0.9358869142829022
0.0,0.7221877341177287
1.0,0.8932198585237187
1.0,0.19460557604494993
0.0,0.9156571986297086
0.0,0.15348560366134362
1.0,0.6695557521486235
1.0,0.6480096601428676
0.0,0.30836194059972155
0.0,0.30277365459825406
0.0,0.24332486602419579
0.0,0.40137471784014994
1.0,0.7277508917638646
0.0,0.8314474145655615
0.0,0.044041545513443296
0.0,0.2583862703932474
1.0,0.6677402903332508
0.0,0.5077948684589189
0.0,0.12964760578430543
1.0,0.9934329320586152
0.0,0.32447647028889326
0.0,0.25195737130772744
1.0,0.5522673381710999
0.0,0.044974570832773314
0.0,0.15696214975170547
1.0,0.7847488298391971
1.0,0.9321281068746214
1.0,0.6843281535505473
1.0,0.6232407626609525
1.0,0.8766450186672602
0.0,0.8520777626611723
0.0,0.725951094095507
1.0,0.859232647652201
1.0,0.5769618872011357
0.0,0.08545898545331852
0.0,0.6766674220973632
0.0,0.6177342938302678
1.0,0.5017668161115063
0.0,0.13635433138659922
0.0,0.5818699631326429
0.0,0.18758397521153836
1.0,0.4295641268212905
0.0,0.1393773842698608
1.0,0.1559690459703134
0.0,0.10613765017960752
0.0,0.06388941902939584
1.0,0.5331849920119925
1.0,0.7587696750585933
1.0,0.7602336596737085
0.0,0.8763976101054304
0.0,0.2253463443527192
1.0,0.43098501605970885
1.0,0.05374671707434518
0.0,0.1685741085709312
0.0,0.4033509963974396
0.0,0.6306521537585532
1.0,0.4971703912232582
0.0,0.43011135734265976
1.0,0.5320609227714398
1.0,0.8297831253175032
1.0,0.8401836606174037
1.0,0.8985264159040819
0.0,0.39200129227021435
1.0,0.8520504223726043
0.0,0.31915169937898746
1.0,0.39933910318193144
1.0,0.7413658114707219
0.0,0.7809374836716105
1.0,0.4126972606288761
1.0,0.414263858280614
1.0,0.22090490822353775
1.0,0.786674016582423
0.0,0.05331344024786751
0.0,0.5723217106836707
1.0,0.8192132564002392
1.0,0.7685117671020703
0.0,0.273079550378108
0.0,0.017582647807606617
0.0,0.6491406326429938
0.0,0.8404441332947122
1.0,0.7018302053304082
0.0,0.16297820217874698
1.0,0.7508906265836188
0.0,0.1785458413036923
0.0,0.07377009730987819
0.0,0.12685398138055665
1.0,0.6616530165867547
1.0,0.8075462072503281
0.0,0.11558862393435318
0.0,0.02938898527492497
0.0,0.11235813478287064
1.0,0.6284685818530715
0.0,0.6312667750387345
1.0,0.20354518884930686
1.0,0.835376959704614
1.0,0.7604221000251605
1.0,0.7886933820677524
1.0,0.6463815304472227
1.0,0.7386799391145216
1.0,0.23576743012451104
0.0,0.48164328980377735
0.0,0.8204231638863583
0.0,0.17400060837691328
0.0,0.3311269021484923
0.0,0.4194578024813018
0.0,0.1522445812346576
1.0,0.6487635292449138
0.0,0.10728611863702112
0.0,0.33107781535649694
0.0,0.13154069424831943
1.0,0.24779586101591744
1.0,0.8738689166840621
1.0,0.900146859728628
0.0,0.2062439352760225
1.0,0.7332004600102819
0.0,0.8209106917205956
1.0,0.6505405926873946
0.0,0.7923172029732349
1.0,0.9085365562074053
0.0,0.30316706021560547
1.0,0.8189847521689652
0.0,0.18017474406475112
1.0,0.37678717656519506
0.0,0.16370653928865397
0.0,0.2372969242536364
1.0,0.5282998145585932
0.0,0.7173931386450321
1.0,0.31617510387292436
1.0,0.8117713935533896
0.0,0.24082732035680993
0.0,0.4153756815152147
1.0,0.8955894716998827
1.0,0.6521824056912322
0.0,0.38507868176678506
1.0,0.7801256758099976
0.0,0.44224188367636524
0.0,0.2658708985095951
1.0,0.9452797833977238
0.0,0.7166451846722677
1.0,0.845788285822041
1.0,0.8502135605872165
0.0,0.07033251580279522
1.0,0.5133683684390808
0.0,0.2863218047522948
1.0,0.28613369985199577
0.0,0.24571297177291465
1.0,0.8047826088931288
0.0,0.4041953360751365
0.0,0.1424459531832453
0.0,0.6082280709013093
1.0,0.8435970597718025
0.0,0.11681116046390938
1.0,0.5572135672159301
0.0,0.5926319583301872
1.0,0.6511944421249432
1.0,0.4463064742980885
0.0,0.6494994918737893
1.0,0.5643416979319849
1.0,0.4308952187397687
0.0,0.8621641098205182
0.0,0.20278925173534926
0.0,0.02359268943124195
1.0,0.7092129913594232
1.0,0.4162880088689628
1.0,0.30062366218992687
1.0,0.9509682363780438
1.0,0.31639445772165653
1.0,0.3743911764816188
1.0,0.8297964875709205
0.0,0.7986193974857659
1.0,0.9267397877370414
0.0,0.45587667805106963
1.0,0.8182330446227646
0.0,0.7220787095565896
0.0,0.02423421401734869
0.0,0.1555575357983024
1.0,0.49132201757618194
1.0,0.6856408850301948
1.0,0.7488917069343969
1.0,0.8653676496093758
0.0,0.5203925756283473
1.0,0.3851404862525414
1.0,0.6367269545959497
0.0,0.45549445303581876
0.0,0.11922604706781356
0.0,0.124169533195903
0.0,0.06863298988414937
0.0,0.23013130703405565
0.0,0.5739909603548037
0.0,0.06778682618390873
1.0,0.6757958700418791
0.0,0.4176489186338105
0.0,0.11514100512683234
1.0,0.9318894511963765
0.0,0.2771504958569307
1.0,0.8750429895343623
1.0,0.6629380838443797
0.0,0.7323149485488094
1.0,0.4781997436719377
1.0,0.716882247292572
1.0,0.2878298994378605
1.0,0.9549948716955299
0.0,0.35567929441101986
0.0,0.053969097404898456
1.0,0.6620720175393868
1.0,0.42020131838573915
1.0,0.9439280485715447
1.0,0.8550343636028268
1.0,0.9611469105419653
1.0,0.5813786401792357
1.0,0.6375342458228679
1.0,0.7739676528356207
0.0,0.12946809564280462
1.0,0.936242999555394
1.0,0.5763338867210386
0.0,0.17399183279457775
0.0,0.5026697620373037
0.0,0.592596274816215
1.0,0.7923112715989509
1.0,0.6122363696711801
0.0,0.16384291254502173
0.0,0.38121220316761917
1.0,0.9075837720017242
0.0,0.24171112603472156
1.0,0.5649875368279961
0.0,0.04200166239562332
1.0,0.3682769202829962
1.0,0.851164971995629
0.0,0.6814677778867313
0.0,0.18213063050451472
1.0,0.9497992216815947
1.0,0.3889255957532497
0.0,0.17187775377301162
0.0,0.5751861586778986
0.0,0.029409286482362927
1.0,0.8833610297403137
0.0,0.24314923844317762
1.0,0.779113375418137
0.0,0.1688963201852381
0.0,0.6265616338332578
0.0,0.32763636746015984
1.0,0.6826543014272436
1.0,0.6551971165252481
0.0,0.21255766725737182
0.0,0.3134261172296162
1.0,0.8154497048886229
0.0,0.12988249130727636
1.0,0.47479958277160594
0.0,0.4615551705504636
0.0,0.06079274611406253
1.0,0.6489950448933586
1.0,0.7624233812389363
1.0,0.6657114066041965
1.0,0.686144715675802
1.0,0.4803539614816687
1.0,0.9534336173512793
1.0,0.9025736960347018
0.0,0.5386935516397868
1.0,0.48636775309951
0.0,0.557524329949546
1.0,0.5470621499291799
0.0,0.20231355480336122
0.0,0.7679554390080197
1.0,0.5436158689087515
1.0,0.802950529285528
0.0,0.12832311273535868
1.0,0.7923991147657364
1.0,0.8947678182694048
0.0,0.046394756371394966
1.0,0.6937158276753105
1.0,0.2916964798809428
0.0,0.208729485698456
0.0,0.10921178160106004
0.0,0.11110580232010747
1.0,0.7369773198870204
0.0,0.14936133666864732
1.0,0.733382460400272
1.0,0.40407935090837277
1.0,0.4438397354318228
1.0,0.6839739481784228
0.0,0.3528190668222073
0.0,0.06469134519493333
0.0,0.5126160828384156
1.0,0.7165199975669354
1.0,0.6931785761350652
0.0,0.5694387374107188
1.0,0.7478679214148638
0.0,0.880092760381386
0.0,0.2430347044968629
1.0,0.4404874282195902
1.0,0.8966708763171255
1.0,0.8128662852324819
0.0,0.018980111984599264
0.0,0.16142655425581753
1.0,0.8216046112836292
0.0,0.34124210398905463
1.0,0.3714981975944566
0.0,0.8714931849245646
1.0,0.7586733996886044
1.0,0.5610512974312166
1.0,0.5555372610054347
0.0,0.09181584358069989
1.0,0.9289462079466508
0.0,0.7940391143413728
0.0,0.14005173013105932
1.0,0.7220109861126455
0.0,0.7080826251979989
1.0,0.7868538827979068
1.0,0.8276547446003889
0.0,0.2382890511847071
1.0,0.9323801864458698
1.0,0.2511960700359782
0.0,0.7668463512650432
0.0,0.0749422082017644
1.0,0.7587344741208719
0.0,0.06886515702224358
0.0,0.025851100182617725
1.0,0.6475688143315802
1.0,0.6537126967693248
1.0,0.9389929501753752
0.0,0.1553944417112298
1.0,0.9045093178068022
0.0,0.07531615662207304
0.0,0.3650805715556006
0.0,0.44220899593721663
1.0,0.886019375774058
1.0,0.4604696339602201
0.0,0.6426287790119741
0.0,0.12146915246198478
0.0,0.19619369385608584
0.0,0.5234278081293345
1.0,0.8476799887912305
1.0,0.4664772340110496
0.0,0.12416710749831975
1.0,0.3806349877860736
0.0,0.6005441111089855
0.0,0.13077047517186788
0.0,0.23065001062930976
0.0,0.14193262332459367
0.0,0.1257309881298604
1.0,0.5408651451198688
1.0,0.4353487433628658
0.0,0.35090348767597057
1.0,0.9317580829114831
1.0,0.8005380391277297
0.0,0.08579855429965395
1.0,0.7444577331542618
1.0,0.8508932201423349
1.0,0.8697584480065201
0.0,0.34984327947286037
1.0,0.5809216215098479
1.0,0.8685113645206473
0.0,0.09143320123922148
1.0,0.9086026698245171
1.0,0.4994767022049996
1.0,0.6701871087144341
0.0,0.5097541242670184
0.0,0.15214453672224176
1.0,0.8733116636534269
1.0,0.8231043148523453
1.0,0.231306632271445
1.0,0.8353568718488177
0.0,0.34274093296919833
1.0,0.4810900951631223
0.0,0.4768119807679162
0.0,0.20971140552770223
1.0,0.9171438771705265
1.0,0.7112352848490222
1.0,0.7817008243545198
0.0,0.09432776025851412
0.0,0.06988533830821009
0.0,0.7228570600183792
0.0,0.3040739645979436
0.0,0.5945238092465522
0.0,0.6926669771774521
1.0,0.8625429329558558
0.0,0.6518522069963697
1.0,0.8112721380543239
1.0,0.8764793344862447
1.0,0.4242867331947785
1.0,0.7537112697587951
1.0,0.6990509777825775
1.0,0.39662467740190654
1.0,0.6446345670891089
1.0,0.9638075356947116
1.0,0.700579474962155
1.0,0.8412129044586145
0.0,0.21262411709227552
1.0,0.8384893429750051
0.0,0.0743931604327519
0.0,0.504352041856159
0.0,0.22326459462539255
1.0,0.8678928307868017
0.0,0.4619178632047018
0.0,0.12249963606608774
0.0,0.5634447493344775
1.0,0.8535496646825959
0.0,0.7915327830986609
1.0,0.5483268168287155
1.0,0.7493874787313964
0.0,0.13385646294253253
1.0,0.2989415784929651
1.0,0.8351266054287592
0.0,0.8913638186114067
0.0,0.6007494502726931
1.0,0.5861135216272132
1.0,0.5018853819356673
0.0,0.2930317419800489
1.0,0.6374508368477747
0.0,0.36083912469157925
0.0,0.15062260950817535
0.0,0.058023089826527804
0.0,0.5859608714394217
0.0,0.12274627551563803
0.0,0.7020768889551938
1.0,0.060367669968701354
0.0,0.1636879813436819
1.0,0.9564853521270779
0.0,0.6628118182637462
0.0,0.7559700924041723
0.0,0.08403682439714114
1.0,0.9837678359634168
0.0,0.28219097708944485
1.0,0.679802293905234
1.0,0.4647725526004093
0.0,0.274986158976888
1.0,0.7984722979997156
1.0,0.6735736330169108
0.0,0.7253295617908154
0.0,0.23080802562698916
1.0,0.7571150082305812
0.0,0.16840269222875362
0.0,0.5986959463480539
1.0,0.25704126447321995
0.0,0.11585445803843415
1.0,0.7439998146886626
0.0,0.45178345538820774
1.0,0.6204503835425156
1.0,0.5582180941986585
1.0,0.9389014454400708
0.0,0.47598362157785423
0.0,0.21551639843386936
0.0,0.1232834117024337
0.0,0.07869134896614725
0.0,0.18673337966701636
0.0,0.1912682852886713
0.0,0.8010578385485548
1.0,0.30778165780484956
1.0,0.4823356227250385
0.0,0.1830288348806169
1.0,0.5356930176617317
1.0,0.6749230476033833
1.0,0.7196594448193978
0.0,0.07272264854570794
1.0,0.9242014281464233
0.0,0.6094441091227532
1.0,0.19500869789981762
0.0,0.45442752149634114
0.0,0.29400985929610973
1.0,0.15747415911296342
1.0,0.6375996093906335
1.0,0.4519699491741095
1.0,0.5140623138806943
0.0,0.14322884330897281
1.0,0.14429631769299966
0.0,0.03903313152741563
0.0,0.20218902882209436
0.0,0.05758902786066796
0.0,0.059152104774320605
1.0,0.7730401104702451
0.0,0.07847018043466208
1.0,0.7831469982851328
1.0,0.8439863841227154
0.0,0.08385962512593073
1.0,0.5958278654162433
0.0,0.8247385717816158
0.0,0.5873917745074798
1.0,0.9575203119217978
0.0,0.5437280595311494
1.0,0.2665448058649921
0.0,0.09764606005329621
1.0,0.2951491034777838
0.0,0.32373697421823705
0.0,0.09494327147460242
0.0,0.5756981016010077
0.0,0.41325371378643877
1.0,0.2585142481679997
0.0,0.6502708106828097
0.0,0.21739088872187864
1.0,0.8244187535536909
0.0,0.12372928341974258
1.0,0.3053852163459686
0.0,0.15837434065040124
1.0,0.9153556832818524
1.0,0.7885323233180881
0.0,0.27152221995061654
0.0,0.02876302657839782
0.0,0.5526405200481459
0.0,0.2262434334223553
1.0,0.6946825974194025
0.0,0.8160170821565209
1.0,0.9229951683221149
0.0,0.3979690290192151
0.0,0.05189722226082545
1.0,0.36670977115458214
0.0,0.25076092737010586
1.0,0.6572216418845072
0.0,0.05532877435361393
1.0,0.7226147042888766
1.0,0.1956805154257868
1.0,0.8980452616528802
0.0,0.8839484741875994
0.0,0.6993907591964991
1.0,0.8078497233254618
0.0,0.4860217709151253
0.0,0.04085725580920113
1.0,0.8532298077851299
0.0,0.48260789009697647
1.0,0.824113825117799
1.0,0.6876732280590694
0.0,0.5459042679389943
0.0,0.051289506922497084
0.0,0.42359243040231276
0.0,0.2278041551012052
0.0,0.05260026825374338
1.0,0.3931147891723653
1.0,0.6358788755494451
0.0,0.18016049040098742
0.0,0.3389452972289742
0.0,0.46586158785788845
0.0,0.15386342312185744
0.0,0.7002109869973545
0.0,0.3285862772864492
1.0,0.45336007777160015
0.0,0.7452289737248637
1.0,0.9181822831078981
0.0,0.20281003377547693
0.0,0.6509350739866063
0.0,0.0896447627596595
1.0,0.6990664995628038
0.0,0.2286498063975329
1.0,0.5549252159147607
0.0,0.08636139813245629
1.0,0.755529075365612
1.0,0.7309545868045852
1.0,0.47186505136712154
0.0,0.7829064787758904
1.0,0.7799307205814572
0.0,0.8088779559192828
0.0,0.22630018668302862
0.0,0.5715761916404717
1.0,0.7429633694697206
0.0,0.297462853890629
1.0,0.6355476260606376
0.0,0.3494135600649127
1.0,0.40821263177129047
1.0,0.8807147923877517
1.0,0.6015861300483462
1.0,0.692916995374815
1.0,0.9525385773642224
1.0,0.5430770097891113
0.0,0.0797472090907769
0.0,0.21181951408105854
0.0,0.19391653891799238
1.0,0.7917695697460272
1.0,0.4691630360979895
1.0,0.608325954161675
1.0,0.7510832067886398
0.0,0.3324972516433842
0.0,0.2188350811061705
1.0,0.803488431871741
1.0,0.8521540045385109
0.0,0.1952701144001413
0.0,0.43410940027615946
1.0,0.7639827848610192
1.0,0.3628847758282087
0.0,0.7624694074873404
1.0,0.932092618975215
1.0,0.9547266486093473
1.0,0.7496286949031302
0.0,0.35615294915903173
0.0,0.31764489055523615
1.0,0.7790831019008237
1.0,0.30944613031119383
0.0,0.07988116130770746
0.0,0.9694328376569038
0.0,0.22551303698864894
0.0,0.6967045215239687
0.0,0.02815463790214981
1.0,0.6410669859398569
1.0,0.47772248567895126
0.0,0.7924690976678208
0.0,0.3366298212945824
0.0,0.13940314417331676
1.0,0.7859531966655642
1.0,0.7765727135857361
0.0,0.3608889299613929
0.0,0.5405056748068093
0.0,0.9127855986317546
0.0,0.3768701470515347
0.0,0.11970301808600196
1.0,0.7143323822256156
1.0,0.5590057843395188
1.0,0.8370756550054029
1.0,0.0335267672041088
1.0,0.9561128778122899
1.0,0.6414817078852343
1.0,0.9083934146129444
0.0,0.19940857310478682
0.0,0.48715511491269725
1.0,0.5680329079015264
0.0,0.42065606528599025
1.0,0.4854451621903645
1.0,0.8661377518056284
0.0,0.26089152454084796
1.0,0.5457678163158253
1.0,0.8510721175455183
0.0,0.4438818209176392
0.0,0.42328220333925054
1.0,0.7298173040595012
1.0,0.2076911999740932
0.0,0.3779029450007747
0.0,0.5125129399197363
0.0,0.8338371342892813
1.0,0.8161456439600471
1.0,0.3896114989786219
1.0,0.6060984010168295
1.0,0.4162706483391946
1.0,0.9446651867123084
1.0,0.7340948360352701
0.0,0.14690939019621718
0.0,0.22827798212705677
0.0,0.3433346473251445
0.0,0.5772162008528774
1.0,0.7365211070080845
0.0,0.48128838703126176
1.0,0.8119479923214715
0.0,0.06333005779395925
1.0,0.205622927996306
0.0,0.10843054427311036
1.0,0.2518357720061107
0.0,0.7477427850349512
1.0,0.3310107608335548
0.0,0.06853382468055351
0.0,0.07084441292834814
0.0,0.1920361830986969
0.0,0.6858576110047958
1.0,0.6143366085517226
1.0,0.9518991849927421
0.0,0.6775102201062739
0.0,0.13368754497562335
1.0,0.8795484669858785
0.0,0.4046409420029967
0.0,0.554810708834536
1.0,0.6413805673877775
1.0,0.6786971615927675
0.0,0.5865971670464238
1.0,0.416743006715687
0.0,0.2772274629992483
1.0,0.606428809350098
1.0,0.5723751139694659
0.0,0.011568272350475254
0.0,0.06039933101793452
1.0,0.8599988264404885
1.0,0.9061404634004679
0.0,0.15533920768227513
0.0,0.7149703288877707
0.0,0.3411895280472797
0.0,0.6138605562522634
1.0,0.9827518819859347
1.0,0.4990955196031928
0.0,0.3753382293734785
1.0,0.8733192319828957
1.0,0.6127234877934328
0.0,0.29079883250085764
1.0,0.9170859838334341
0.0,0.1735749922991894
0.0,0.08238092167200284
1.0,0.7561735571981123
0.0,0.047326531193200044
0.0,0.29150883398795335
1.0,0.13815060897118495
0.0,0.15524717892276046
0.0,0.4643449244782083
1.0,0.48370317633486437
1.0,0.27365700441673113
0.0,0.49560768706219704
1.0,0.6405385865569347
0.0,0.7906623814241126
1.0,0.8440852927945268
1.0,0.1600366055916228
0.0,0.5967001669053736
0.0,0.26633222980707333
0.0,0.70867388273847
1.0,0.6840639847846159
0.0,0.09069779876034734
0.0,0.3322614125953795
1.0,0.9569067771482714
1.0,0.8117408189607354
1.0,0.34290243724484226
1.0,0.8915733336756215
0.0,0.035101840292196165
0.0,0.0555126138149983
1.0,0.8781811679901796
0.0,0.7848383044457368
0.0,0.44928467702917063
1.0,0.8229187208770407
0.0,0.303239692952943
0.0,0.14507631603905874
1.0,0.30686811762411637
0.0,0.6442758856131168
0.0,0.19829375119143772
0.0,0.11202587358610656
1.0,0.3487113325345884
1.0,0.7640447643814785
0.0,0.09235152382750811
1.0,0.6957652446664198
1.0,0.9932479696546326
0.0,0.6614775067731371
0.0,0.45710654158516933
0.0,0.11700397581345301
0.0,0.031276257135174
1.0,0.6108160993813944
0.0,0.11094435676777584
0.0,0.026454428249192325
0.0,0.0721503561787556
1.0,0.7825420888874401
0.0,0.03953243468321489
0.0,0.27674012550064775
1.0,0.8102178577746295
0.0,0.10860649230540284
1.0,0.13381377527399016
0.0,0.5227438360178869
1.0,0.25429615391670196
0.0,0.06328372209648647
1.0,0.2758029530745374
0.0,0.6254192910947338
1.0,0.9167870030668606
1.0,0.525913841377574
0.0,0.13027450274347543
0.0,0.42305610675261757
1.0,0.8271386400199165
1.0,0.5872227091026078
0.0,0.4693035082835598
1.0,0.20989337952209747
0.0,0.26758123500620756
0.0,0.07256285163273432
1.0,0.505261068444872
1.0,0.23730602544642507
0.0,0.44013895712506435
0.0,0.802233245256347
0.0,0.08837411911895197
1.0,0.548740193946233
0.0,0.058095166701157
1.0,0.8376343229917665
0.0,0.45452780128436493
0.0,0.804957421506875
0.0,0.15432002465371908
1.0,0.7518575884974451
1.0,0.8347105347548827
1.0,0.6298164697820191
0.0,0.3235044961994257
0.0,0.13526809333246062
0.0,0.035932856770898546
0.0,0.13188101302719052
1.0,0.7596378913752129
0.0,0.1827437631352521
1.0,0.16971973206816102
0.0,0.6325971564096008
0.0,0.3909611599027613
1.0,0.8915246917206344
0.0,0.06287815543760307
1.0,0.7888844681869671
1.0,0.5257640152518545
1.0,0.8982820236074037
1.0,0.8273224903959872
0.0,0.18984713569237663
1.0,0.8699597852205827
0.0,0.7516119837004173
0.0,0.20937847327653122
0.0,0.1461710685114836
1.0,0.1581940238730361
0.0,0.31088643208070293
0.0,0.11004376597626249
0.0,0.6602451464611724
1.0,0.9416857552415282
0.0,0.2202590855506461
1.0,0.8865929227584267
0.0,0.3421218568286931
1.0,0.9276423620854934
0.0,0.3238784228000927
0.0,0.7369363221354506
1.0,0.9202760306728784
1.0,0.7884509527349943
1.0,0.9050630008204585
1.0,0.8012806024955609
0.0,0.3379340322425316
1.0,0.575501520895487
1.0,0.8505413537022795
0.0,0.6242305907113839
1.0,0.8324465833675421
0.0,0.04893763426527671
1.0,0.26454687083641976
1.0,0.7645935489822324
1.0,0.7631420835301381
0.0,0.2854121912630457
0.0,0.5195321599475589
1.0,0.8003095967562974
0.0,0.03372564580454547
0.0,0.3309171900031175
0.0,0.3560508598455079
0.0,0.6915079305678986
0.0,0.7526918588299568
1.0,0.7249993024049678
1.0,0.23479532795058122
1.0,0.6436609002330275
0.0,0.4120763852276207
1.0,0.6491505752288671
0.0,0.38797788122461474
0.0,0.3852647496317675
1.0,0.873567651719472
1.0,0.7214659782501622
1.0,0.22272144730110927
0.0,0.09378994500458822
1.0,0.4377340787143841
1.0,0.420920062046698
0.0,0.4159160197384925
0.0,0.40611875945476494
0.0,0.6116688078975739
1.0,0.6725354227464498
0.0,0.07326009600672322
1.0,0.4664350392010502
1.0,0.6920955761801407
0.0,0.14393845828415014
1.0,0.297292424762117
1.0,0.7734814358220479
0.0,0.7506883302318539
1.0,0.4951791207457445
0.0,0.2112120641178749
0.0,0.16068046111077355
1.0,0.8600260250412124
1.0,0.7218752623750758
0.0,0.23806965428875823
1.0,0.8439424509832077
1.0,0.910730526791785
0.0,0.1838791314048321
1.0,0.7068512906087914
1.0,0.5649731930244896
0.0,0.919142346768661
0.0,0.6420255357923134
0.0,0.1030260807911089
1.0,0.6779800751732694
1.0,0.4266427836028699
0.0,0.056938632369210915
1.0,0.6040296840591972
1.0,0.7679235499080475
0.0,0.10510007122626983
0.0,0.28951829830512166
1.0,0.48455057355511827
0.0,0.062212231214341406
1.0,0.692265408749658
0.0,0.1755258986256875
0.0,0.022326846327757655
0.0,0.40171926759568627
1.0,0.6572174643515462
1.0,0.6013732385326684
0.0,0.8936625471019577
1.0,0.8546441476202737
0.0,0.04580698451605009
0.0,0.8533705014535075
1.0,0.7264243466034608
0.0,0.4593421489780768
1.0,0.683703421882005
1.0,0.41108200909429754
1.0,0.9705885880425953
1.0,0.9283213088737938
0.0,0.7149171523267728
1.0,0.8972431213308448
0.0,0.09404502279796048
1.0,0.469731139064853
0.0,0.6624083386814247
1.0,0.9351401752118654
1.0,0.955559780879593
0.0,0.07257944380382209
0.0,0.3104000129195672
1.0,0.7759639705040109
0.0,0.7885339813657781
1.0,0.8308382064495067
1.0,0.493078524532638
1.0,0.9016472675280267
0.0,0.48701725676758373
0.0,0.4762742577012804
1.0,0.919317948484129
1.0,0.8961323342816137
0.0,0.16424386324814585
1.0,0.6619732533353389
0.0,0.2770646137763599
0.0,0.46119451003539885
0.0,0.5089357710682385
0.0,0.6925137212506599
1.0,0.41856360186335273
1.0,0.6668819911127885
0.0,0.8351099800349895
0.0,0.12456548282495891
1.0,0.48179484549703977
0.0,0.5449938637747648
0.0,0.5683594203034412
0.0,0.1079388369157723
0.0,0.7820745285999742
1.0,0.7445367485567471
1.0,0.2582532359769661
0.0,0.700708836408144
0.0,0.31932668052933866
1.0,0.8734746021582904
1.0,0.8874934825134593
1.0,0.9368422930492638
0.0,0.6845641280251065
0.0,0.8593554460842583
0.0,0.10146896013129084
0.0,0.0533527157837678
0.0,0.21808655823523174
1.0,0.7824162047087404
0.0,0.18343746906118438
1.0,0.8126189375755708
1.0,0.8298273752163616
0.0,0.8580213382209028
0.0,0.5227022435323478
0.0,0.014631606410607767
1.0,0.7286094537785592
0.0,0.42364811607121294
0.0,0.05789392641587314
1.0,0.8286081074267123
1.0,0.9725461495951173
1.0,0.8656890501922572
1.0,0.8525093326062331
1.0,0.7500599319977637
1.0,0.18394403965686984
1.0,0.5765869422877329
1.0,0.8896980329571658
1.0,0.574625087509961
0.0,0.10005846285501767
0.0,0.6021403641402896
0.0,0.838329226607156
1.0,0.7047313555471589
0.0,0.11773945458129223
1.0,0.5345991190196736
1.0,0.930685838172155
1.0,0.3814975821275745
1.0,0.5245524209994659
1.0,0.7732847101191551
1.0,0.7765798735877525
1.0,0.5375635377497414
0.0,0.3150010645466327
0.0,0.07763300771081162
1.0,0.39934182883176683
1.0,0.6547010346404848
1.0,0.9354588467661955
1.0,0.8710109625222783
0.0,0.6692205102309762
1.0,0.03843779429230758
0.0,0.28551113394728656
1.0,0.5989778507811023
1.0,0.5459287788340113
1.0,0.9109440678221539
1.0,0.6991906507810357
0.0,0.06548551013563837
0.0,0.12927905696202338
0.0,0.6397836839686164
1.0,0.36730297871195416
1.0,0.5562063960724284
0.0,0.131746162599144
0.0,0.09442624083340671
1.0,0.5383240636164462
0.0,0.6137633057869347
1.0,0.8242875523538784
1.0,0.7770007071668842
0.0,0.7393462192546415
0.0,0.9421695680142671
1.0,0.8245481756960167
1.0,0.6906476356407458
1.0,0.8306933349192516
0.0,0.6185758577519331
1.0,0.2565920180373692
0.0,0.6650333768882792
0.0,0.1233650540534483
0.0,0.21868971533105866
1.0,0.855410766499037
0.0,0.4523839775954593
1.0,0.6960155541794311
1.0,0.8127210234976326
0.0,0.594734622125007
1.0,0.3486659123571726
0.0,0.10785659341789693
0.0,0.19894386889422083
0.0,0.09619369831763576
1.0,0.3411497171758314
0.0,0.17491033596127267
1.0,0.4042643262824446
1.0,0.5217511661271999
1.0,0.9633576974251346
0.0,0.642478822310388
0.0,0.20819086045431198
1.0,0.6544706690024458
1.0,0.7813011572887341
1.0,0.4228054354841384
0.0,0.7496120454175399
1.0,0.7662880394556332
0.0,0.16805679872467674
0.0,0.2502791754304844
1.0,0.6327238748114692
1.0,0.5676211111513754
1.0,0.5516484796733155
0.0,0.16660775965120103
0.0,0.07557438853261744
1.0,0.4441913543113435
0.0,0.2848956146554968
0.0,0.17131790477120967
0.0,0.13364962328971758
1.0,0.8782274702489479
1.0,0.22949288900849196
0.0,0.8594031057557266
1.0,0.5655131589468214
1.0,0.7793337129500374
0.0,0.06532348546863107
1.0,0.5482710527882836
1.0,0.8857780963076755
1.0,0.4413856998765013
0.0,0.05214350193491234
1.0,0.8858959056558817
0.0,0.2419352588301583
0.0,0.11306908025500828
0.0,0.11138677465728883
0.0,0.06996505234782334
1.0,0.7788160848633863
0.0,0.9258373213792043
0.0,0.04132920998042215
0.0,0.2716869748271405
0.0,0.4926085766635362
1.0,0.3257562077065977
0.0,0.15920458409090452
0.0,0.13391204678979024
1.0,0.890253481258202
1.0,0.8803975048545987
1.0,0.8525036666719128
1.0,0.7114275474276968
1.0,0.724495453844085
0.0,0.6613544747536265
0.0,0.3857768629838888
1.0,0.9187693656679293
1.0,0.7056053548288646
1.0,0.8695648112063387
0.0,0.6826309931570125
1.0,0.684942655263381
1.0,0.18185589370334912
1.0,0.7926429594255803
0.0,0.32927038760872185
1.0,0.9269386883272194
0.0,0.6537938718591046
1.0,0.840210537257325
0.0,0.7960415764113853
0.0,0.23013255630754395
0.0,0.13631707879953286
1.0,0.793263163039866
1.0,0.8043260770364308
1.0,0.814600989687474
0.0,0.04614104130086992
1.0,0.8973025898719931
1.0,0.3577328708552392
1.0,0.8124578971464957
0.0,0.44196136913088957
0.0,0.14381614103991408
0.0,0.9237622116455964
1.0,0.6835839816108571
1.0,0.2223078945409193
0.0,0.14573020338232917
0.0,0.6468899173493476
0.0,0.23462302957438758
0.0,0.8053617571951024
0.0,0.2603712301415767
0.0,0.13744906418224123
1.0,0.8704406876975529
1.0,0.8179028763030949
0.0,0.07201687545933891
0.0,0.05151322371768656
1.0,0.9433934031445629
0.0,0.213869911896704
0.0,0.269692468888991
0.0,0.02505356978178481
1.0,0.8506443399853145
1.0,0.8705818033472712
0.0,0.28855851052158943
1.0,0.8000904019186823
1.0,0.5076280006914552
0.0,0.4987525718380197
1.0,0.15214023132873594
1.0,0.7805585823695751
0.0,0.07399391110551234
1.0,0.5239414291895808
1.0,0.8985542981325491
1.0,0.8490627567974813
0.0,0.05468220201076779
1.0,0.7338579443368001
1.0,0.7862923318917528
0.0,0.47237253247432365
1.0,0.5812644631478827
0.0,0.5836518683909296
0.0,0.12653580923111224
0.0,0.6766254433680657
1.0,0.7979748237671694
0.0,0.060268755556366314
1.0,0.6164947531637662
1.0,0.42305802545606364
0.0,0.6942954756943609
1.0,0.5346976708221368
1.0,0.7329265966919061
0.0,0.6523880748489127
1.0,0.8900770370882511
0.0,0.7088291597467477
0.0,0.48547727166441057
0.0,0.4528035614483946
1.0,0.5611390109024319
0.0,0.3106461079132314
0.0,0.08588657256449338
0.0,0.6412862803981708
0.0,0.06473778756521707
0.0,0.5393670986233493
0.0,0.5290032045028579
1.0,0.5777464057938946
1.0,0.8500430905093008
0.0,0.06854480920920333
0.0,0.14777386112416954
0.0,0.2893958543398062
0.0,0.08681244321325336
0.0,0.4207061078433111
0.0,0.2139083544375866
0.0,0.06520534539825704
1.0,0.6482993511642292
1.0,0.8831279353201333
0.0,0.5953314807285566
1.0,0.6729634255000325
1.0,0.8365666599171181
1.0,0.39372144443683543
0.0,0.19113115531559513
1.0,0.8649957781263821
1.0,0.4269165754791576
0.0,0.07497812027680961
0.0,0.03442203939340645
0.0,0.20655590043379163
0.0,0.21992744156246008
1.0,0.5217926955121296
1.0,0.36905339736183607
0.0,0.21827580018276121
0.0,0.6013284382870135
1.0,0.8787664786489449
1.0,0.4709934041158436
1.0,0.9244865902171417
0.0,0.46630564155169874
0.0,0.6656451734882827
0.0,0.48831075861657014
0.0,0.06992966556444104
0.0,0.08894203634867155
1.0,0.6883218523662527
0.0,0.1488001960441045
1.0,0.8106964983413423
0.0,0.2857725876900635
1.0,0.6718328491387779
1.0,0.3524971140639319
1.0,0.4594780067863497
1.0,0.8219779920460795
1.0,0.898698059954407
0.0,0.4527524641748738
1.0,0.1507063059701355
1.0,0.3795653776356538
0.0,0.05177945862389144
1.0,0.848948186692961
1.0,0.653625873359011
0.0,0.3358201136050786
1.0,0.7983222842855302
0.0,0.11614254353239324
1.0,0.7557442245432818
0.0,0.5573651748147997
1.0,0.8578184411400448
0.0,0.10656478861538725
0.0,0.7573382094477028
1.0,0.5023177771434695
1.0,0.8900478204739588
0.0,0.16857216402878517
0.0,0.06720877909466703
0.0,0.08737383664233664
1.0,0.8770979782526179
0.0,0.2867016579044188
1.0,0.7171327476453285
1.0,0.848498396363968
0.0,0.34281442508935706
0.0,0.5014902878401647
0.0,0.15493700848377587
1.0,0.5509070123887773
1.0,0.8783110583892549
0.0,0.8914194452277979
1.0,0.8038354183252086
1.0,0.8111448233423586
1.0,0.7492240565842738
0.0,0.013839705285828317
1.0,0.8509379007828629
1.0,0.7855329941843847
1.0,0.32814993447331575
0.0,0.31156748260213807
0.0,0.33493125731098927
1.0,0.18145831523407413
1.0,0.8341676576885195
1.0,0.6640624879057213
0.0,0.34936157144007646
0.0,0.7124144323041023
0.0,0.08566341299489652
0.0,0.30697362380193527
0.0,0.26162817489440154
1.0,0.6485072999470061
1.0,0.6250193687532087
0.0,0.08144111092598315
1.0,0.7809525866728245
1.0,0.5583342211819747
0.0,0.34430863520560684
0.0,0.14208957282121035
0.0,0.23406287905994594
0.0,0.4140117019060489
1.0,0.9065249846840576
1.0,0.6000298147497137
1.0,0.31713938947499154
0.0,0.03800283489120343
0.0,0.37173990073551993
1.0,0.32538790754061114
1.0,0.813941616135564
0.0,0.6750596134290602
0.0,0.5713737625681731
1.0,0.8337795233794338
1.0,0.5848917987395256
1.0,0.5142533258228458
1.0,0.7542360149952996
0.0,0.11928054177429134
1.0,0.4398489264812492
1.0,0.2516918874223413
0.0,0.49616361252827834
1.0,0.5438599654000236
0.0,0.7635412678744954
1.0,0.47773961714937546
0.0,0.4331871744648657
0.0,0.07157643918700193
0.0,0.05983864317407428
0.0,0.5894737767819012
1.0,0.5773646840157212
1.0,0.5125665848401978
0.0,0.8222909724402774
0.0,0.20196623853574924
0.0,0.10978061191283954
0.0,0.7275524577092136
1.0,0.1999199950377285
1.0,0.7903706166790552
0.0,0.1719278801043532
1.0,0.8948119251871531
0.0,0.2741889401171413
0.0,0.5826577747791778
0.0,0.46161724893762424
0.0,0.15288080891837466
0.0,0.25182000159222534
1.0,0.4900806309037208
0.0,0.33055350884328744
0.0,0.14540833727863628
1.0,0.9212352093913971
1.0,0.7783096480974738
1.0,0.6963412199378001
0.0,0.09966580732729133
0.0,0.45562845378936834
1.0,0.8940636101456769
1.0,0.9039914827713365
0.0,0.709173541039247
1.0,0.5592014357414393
1.0,0.8344194808330698
1.0,0.8660113858798306
1.0,0.4659427908728279
1.0,0.9076562059179425
1.0,0.22574081922631423
0.0,0.46957062043169717
1.0,0.8451467139514032
1.0,0.9167973443651853
1.0,0.6172436083743293
0.0,0.6768605504676808
0.0,0.3271128250719105
0.0,0.0975726722950906
0.0,0.12750621795194422
0.0,0.16784906551316145
1.0,0.5367401171512339
1.0,0.8644263496944768
1.0,0.405073721014127
1.0,0.42297299448039266
1.0,0.6873444404180338
0.0,0.9521716510489702
0.0,0.3109363201966753
0.0,0.44737550399412307
0.0,0.2909515460843095
1.0,0.5223423783965541
1.0,0.7447381883580392
1.0,0.6183616889652946
1.0,0.6304055226990691
1.0,0.8241688943001266
0.0,0.25268690732954135
1.0,0.7089159092095795
1.0,0.8432971974647006
1.0,0.8441662457894994
1.0,0.4925597817420851
1.0,0.8020000848504095
1.0,0.8899421646377522
1.0,0.9197565291706326
1.0,0.8317016674145083
1.0,0.7842423301153202
0.0,0.1851575788640628
1.0,0.8062468591418511
1.0,0.23168414603195372
0.0,0.8144055136583426
0.0,0.9268916324636454
0.0,0.4346151159585208
1.0,0.7420607251866366
0.0,0.13053864913846497
1.0,0.8849115573169417
1.0,0.8324238842375185
0.0,0.029363189139845324
0.0,0.4566684446440882
0.0,0.8826354004416158
1.0,0.7756308423656233
1.0,0.5337680558806381
0.0,0.39466019772132366
0.0,0.1178821711835782
0.0,0.3978768536126781
1.0,0.9202438175729222
0.0,0.438268175346688
1.0,0.25390849942250543
0.0,0.19769984826514583
0.0,0.6088130082792554
0.0,0.2619530097765628
1.0,0.23601119446230076
0.0,0.10383383567864975
0.0,0.22460937377726706
1.0,0.6284064214461148
1.0,0.6068496105488927
0.0,0.3028060565296192
0.0,0.6760914776861827
1.0,0.5298149704823731
0.0,0.15645785793507647
1.0,0.9007763688226982
1.0,0.44912576087523864
0.0,0.06502145769638926
0.0,0.2297001758066446
0.0,0.15449150567690068
0.0,0.6809626012168406
0.0,0.2732210781098387
0.0,0.6302139418381743
0.0,0.08679307129807426
0.0,0.3247704819432652
1.0,0.6811819119066608
0.0,0.2715724293268507
0.0,0.7201402293028585
1.0,0.7870281633205051
0.0,0.37278962701129675
0.0,0.5455145620871273
0.0,0.15298429656442097
1.0,0.7934685322245746
0.0,0.26200321465479154
0.0,0.23805693962537977
1.0,0.39309342126467506
1.0,0.9378161915038516
1.0,0.7992012837802374
0.0,0.28729408368539755
0.0,0.26750388399116165
0.0,0.559734753679963
1.0,0.8504401316192649
1.0,0.1823416667480338
1.0,0.7155238753407771
0.0,0.6841142306381018
1.0,0.8855824517389449
1.0,0.8394091650975568
1.0,0.9148029183434414
0.0,0.525974387491303
0.0,0.20204291914055497
1.0,0.7073902995035403
1.0,0.4400951158775291
1.0,0.6185254282525163
1.0,0.6831689039905458
0.0,0.18796421175382869
0.0,0.07718093281905333
0.0,0.9590248871315058
0.0,0.4703661558839373
0.0,0.7133978930899978
1.0,0.8194949924690947
0.0,0.15018619193820942
1.0,0.8650538283622675
1.0,0.441789043981969
0.0,0.04371280262362269
1.0,0.8787255254192328
1.0,0.8987049983433204
1.0,0.4772915581161463
1.0,0.8192322543122549
0.0,0.1610472157140645
0.0,0.25936961102216766
1.0,0.6196362281889012
0.0,0.13213262807310328
0.0,0.2682770266259258
1.0,0.7663552767812115
1.0,0.3040987941789096
0.0,0.20185918193951916
1.0,0.6413069262951392
1.0,0.8528801077292275
1.0,0.6722124522108006
0.0,0.56644943247211
0.0,0.20596436134601298
1.0,0.5556835248212993
0.0,0.07078360472638054
1.0,0.9374663648049342
1.0,0.6442787061154889
0.0,0.6805287052546664
1.0,0.7129926619807173
0.0,0.016104351590139756
1.0,0.9379789234627547
0.0,0.5771749443980461
1.0,0.902735584944676
1.0,0.9476476892396413
0.0,0.19978171106241438
1.0,0.24805201661163187
0.0,0.06113308786167436
0.0,0.4626949220772444
0.0,0.5327966712120998
1.0,0.7468572285309619
0.0,0.42858617692336687
0.0,0.9011802481630957
0.0,0.7725705274916559
0.0,0.5139670770175794
1.0,0.8172442728211531
0.0,0.7737905641165901
0.0,0.15912341503767505
0.0,0.7268205962825794
0.0,0.48994388305738185
0.0,0.549091717662923
0.0,0.730676529846567
0.0,0.29921389813099575
1.0,0.22552972060729587
1.0,0.4807430207303803
0.0,0.19485494110020324
1.0,0.6014314087979965
0.0,0.05450560265621186
0.0,0.4909964033343015
0.0,0.5282818905976611
0.0,0.41616957216327555
1.0,0.7522646984562964
0.0,0.2338768488154659
0.0,0.5967042506031449
0.0,0.3314875991664556
0.0,0.46953573285458666
0.0,0.0782729602834058
1.0,0.818617209720227
0.0,0.5071228097261014
0.0,0.15464956942767322
1.0,0.8859501646924626
0.0,0.04003905604879444
1.0,0.8768970246392289
1.0,0.9366509605371549
0.0,0.17156595438066105
0.0,0.4351082325306027
0.0,0.3276311311593336
1.0,0.9620043366235637
0.0,0.09189108425335034
0.0,0.03779829712726616
0.0,0.039386355755114184
0.0,0.08132369862288716
1.0,0.8577781361432478
0.0,0.6375273049979304
0.0,0.44277833036598346
0.0,0.08338230583387583
0.0,0.4181014966000278
0.0,0.03671870191114177
0.0,0.6864702862203759
0.0,0.44598223778143675
1.0,0.8024905754257656
1.0,0.5452391611551681
0.0,0.7967524048642428
1.0,0.8305986415680326
0.0,0.059694340899869545
0.0,0.5320378499963235
1.0,0.39603389710564707
1.0,0.4892779310957259
0.0,0.3074756417656507
0.0,0.17116227291751707
1.0,0.9238651298746975
0.0,0.238820852679391
1.0,0.8972186443366164
0.0,0.23210484601809114
0.0,0.7550167427936315
0.0,0.8619743426053343
1.0,0.31178235122174236
1.0,0.7621029628828808
1.0,0.6038508556303359
0.0,0.3608668966823447
1.0,0.5645786994479688
0.0,0.4123741823692981
0.0,0.09904446017844767
0.0,0.0705733835865055
0.0,0.20032762505584634
1.0,0.36808304864209707
1.0,0.8395488477283303
1.0,0.37434950327378635
1.0,0.876269084787108
0.0,0.7579861624343618
1.0,0.41811470667370143
1.0,0.2608652685036728
1.0,0.4816353085487591
0.0,0.21652748478032052
0.0,0.18721602336661616
0.0,0.37202084354957066
0.0,0.06989657967735352
0.0,0.2807038783076219
1.0,0.4068773786704609
1.0,0.6163823121370225
1.0,0.7574301077483586
1.0,0.8999791573688636
0.0,0.8331393315618578
1.0,0.8353416261666435
1.0,0.12414365422049234
0.0,0.14520412057108298
1.0,0.4564878779941523
1.0,0.32172861400930053
0.0,0.7902999616805961
1.0,0.8303178108465525
1.0,0.7103626300707664
0.0,0.6526524629688291
1.0,0.8123742600507503
0.0,0.24785673785670284
0.0,0.10989621619059624
0.0,0.31649655027008317
1.0,0.40024038534697476
0.0,0.1519775615768839
1.0,0.5116794175686532
1.0,0.9483946586629859
1.0,0.6165210547606448
0.0,0.5292396253055214
1.0,0.7893736842033121
0.0,0.0699988098996046
0.0,0.4538959974486357
1.0,0.6999585750059405
0.0,0.3645875190333545
0.0,0.6913640325331031
1.0,0.8843706100696082
1.0,0.7123014382414462
0.0,0.8509840241297126
1.0,0.8231830442679803
1.0,0.9159770241048486
0.0,0.23010948164294107
1.0,0.2885145839456177
1.0,0.8928670932463968
1.0,0.5524675754483293
0.0,0.41490064873047866
1.0,0.5647651399999759
0.0,0.09174857499141068
0.0,0.4026551666607804
1.0,0.3935592595676381
0.0,0.37100323589698664
0.0,0.44189677736110095
1.0,0.2900937401447389
0.0,0.0936686704279572
1.0,0.419677160148021
1.0,0.17550977624123643
1.0,0.81123649431376
0.0,0.8559255729840736
0.0,0.21897218672759816
1.0,0.5924574297463315
0.0,0.20907061184122228
1.0,0.5115002203100826
0.0,0.4952918400628722
0.0,0.5776971459497009
0.0,0.135391269277489
0.0,0.33962965983683546
1.0,0.9461241872507958
1.0,0.789558813776992
1.0,0.6230808994375525
0.0,0.44749212455841414
1.0,0.15572900729612543
1.0,0.5906864098993139
1.0,0.763630005373592
0.0,0.7347668848227992
0.0,0.17144030472812272
1.0,0.9231675897672273
1.0,0.4733052944038132
0.0,0.1347814418764281
0.0,0.8825190929902458
1.0,0.7159937207533715
1.0,0.9065358357193303
1.0,0.7512624306517565
1.0,0.7751833010317286
1.0,0.930364601117098
0.0,0.11529733390229854
0.0,0.03772820764581821
1.0,0.3820297935668829
1.0,0.7491552218744184
1.0,0.2321779206159551
1.0,0.6294240035807924
1.0,0.7501578101684455
0.0,0.12062991236693947
1.0,0.6983900094930129
1.0,0.8148176077790013
1.0,0.6539516129216711
1.0,0.6289091821908352
1.0,0.8765319238901108
1.0,0.7671520481303343
1.0,0.7383803323559908
1.0,0.8801084753985997
1.0,0.15383744058007057
1.0,0.8896536810880947
0.0,0.24038956417100937
1.0,0.7990865564222513
1.0,0.7548162790615113
0.0,0.8389562265100295
1.0,0.8682611657556777
1.0,0.5880548678085568
1.0,0.5446476450312335
1.0,0.4629755536144756
1.0,0.9444542653187794
0.0,0.09067303479940499
0.0,0.2380822297447902
1.0,0.5219398273539341
0.0,0.5703832432984411
0.0,0.4684917338771951
1.0,0.2858837616514262
0.0,0.08022837447947619
1.0,0.574645174415003
0.0,0.049949914426607234
1.0,0.3209246160275681
1.0,0.6060903045609886
0.0,0.11239444677636361
1.0,0.8746548107844768
1.0,0.9227374170382253
0.0,0.4255216391119932
1.0,0.5923324262496666
1.0,0.6054428253877219
1.0,0.7382844741636487
1.0,0.6908965630682641
1.0,0.4102837692666843
0.0,0.5101146544561594
1.0,0.25533224104662117
0.0,0.1806554842294826
1.0,0.9132407034573882
0.0,0.4254480944257041
1.0,0.7089825113506011
1.0,0.8005311227316257
0.0,0.23371181590780213
1.0,0.1160126945384444
1.0,0.6215001608933394
0.0,0.026057070493445626
0.0,0.24812218170735081
0.0,0.8294549531985463
1.0,0.8732409180736582
0.0,0.11611325250995141
0.0,0.08627107823688167
1.0,0.8745731160477158
0.0,0.4988071463785748
1.0,0.8216092050507353
1.0,0.5684283391431646
1.0,0.7077979861264702
0.0,0.19016048380892672
1.0,0.8344059861426295
0.0,0.23057269966035684
1.0,0.6585786784947398
1.0,0.46219092954028873
0.0,0.35527543617755936
1.0,0.5558870256149039
0.0,0.3021623649439561
1.0,0.777689031447695
0.0,0.23119449451715157
1.0,0.5142556091376803
0.0,0.8916275334292318
0.0,0.13492192827210756
1.0,0.8704294488032278
0.0,0.34135601813494093
1.0,0.7814936742999894
1.0,0.3454459218996745
1.0,0.5904162548849824
1.0,0.8301725546044967
0.0,0.24729094515632574
1.0,0.7560591932454087
0.0,0.07724623185067522
1.0,0.851874391642928
0.0,0.47852427537699854
1.0,0.462481413322108
1.0,0.8018743913709887
1.0,0.35198721520223764
0.0,0.5802372936173154
1.0,0.26645949581841755
1.0,0.2889168160382556
0.0,0.18967357409264202
0.0,0.19609793607440457
1.0,0.7620069263513123
1.0,0.8931878441704887
1.0,0.7037914034725329
0.0,0.5993808534955706
1.0,0.914647980840072
0.0,0.08032314476135384
0.0,0.36926797701361214
0.0,0.12256743663900896
0.0,0.4563678538083395
1.0,0.18091888932868155
0.0,0.17870747719643215
1.0,0.7431288079327659
0.0,0.13942549147077576
1.0,0.6546459186446425
0.0,0.7138252430978368
1.0,0.8388848192136976
1.0,0.3283656971269947
1.0,0.6731596945131215
1.0,0.8928049156690074
1.0,0.8414391173593984
1.0,0.869485093086352
1.0,0.4230100662374509
0.0,0.7958980831577308
0.0,0.2849733212155033
1.0,0.7796210622799447
0.0,0.32916084874751783
1.0,0.703227949326546
0.0,0.044965798538625354
1.0,0.5126382139222552
1.0,0.7346531633765105
1.0,0.8987946020344207
1.0,0.5080415465497178
1.0,0.561313041754436
0.0,0.02325009483598898
0.0,0.16467111106405571
0.0,0.12815523327153158
0.0,0.5387829900230244
1.0,0.19122444443194975
0.0,0.6611747991684402
1.0,0.34503006581937534
1.0,0.6326992744964024
1.0,0.8776107195975957
1.0,0.39605148146915187
1.0,0.8185211658411612
0.0,0.4606587167582054
1.0,0.5087609627777937
0.0,0.8424329777850785
1.0,0.5169144811448495
0.0,0.5115067588976879
0.0,0.34487107232492076
1.0,0.8074927436278128
0.0,0.07712925149583486
1.0,0.8928049290581281
0.0,0.4957810969905047
1.0,0.9247616540690682
1.0,0.7212516340270335
1.0,0.6308368995500622
0.0,0.33022888903336894
1.0,0.6757902611840774
1.0,0.861727398985791
0.0,0.15654871207925353
0.0,0.10866503438314148
1.0,0.8394067385621234
1.0,0.8240882811692067
0.0,0.13521535624062847
0.0,0.18068006509367734
0.0,0.46635277339818126
0.0,0.6873020331311881
0.0,0.12387598588106614
1.0,0.6228131081232899
0.0,0.04337841521912432
1.0,0.8509862008613773
1.0,0.9384982431994727
1.0,0.9379992998550379
1.0,0.464761254224053
1.0,0.719071013400319
0.0,0.05789392641587314
1.0,0.9389905045751605
0.0,0.43233888349360416
1.0,0.8116228039324052
1.0,0.8793868467048774
0.0,0.06532305728855987
0.0,0.25408315698793493
1.0,0.640776462952035
1.0,0.7428440372008565
1.0,0.8105444185724504
0.0,0.9397267790426582
1.0,0.5602638870073336
0.0,0.33695223842517247
0.0,0.03125718298334397
1.0,0.8780820057115519
1.0,0.41524875645945086
1.0,0.6767910104991881
1.0,0.21084879992822345
0.0,0.4623859575369108
1.0,0.5738853012076948
1.0,0.5522518880174222
0.0,0.9535211301673157
1.0,0.7059314236759738
1.0,0.8395701264055024
0.0,0.7820146652009325
0.0,0.5290709569985778
0.0,0.7171474559709793
0.0,0.06883894057285685
1.0,0.48887589740289955
0.0,0.3373901918506485
1.0,0.7381981204538265
0.0,0.4402896509975931
0.0,0.28840881735588236
0.0,0.2650460615819725
1.0,0.4822035291283232
1.0,0.5734565254883137
1.0,0.9742145423767073
1.0,0.6902249503934431
1.0,0.6664357613349019
1.0,0.260057984605515
1.0,0.8597978544438867
0.0,0.6548088954289366
1.0,0.9151947953769843
1.0,0.7465758074107205
1.0,0.4960750982984862
0.0,0.42355944348784497
1.0,0.5996185693036914
0.0,0.6765338526472642
0.0,0.7202293540976804
1.0,0.3582548249848552
1.0,0.10433277642269803
1.0,0.583279479939512
1.0,0.205622927996306
0.0,0.2461767508753781
1.0,0.8241696388064266
1.0,0.8209944841941079
0.0,0.1406952209380866
0.0,0.3163109724652976
0.0,0.055916607215762006
1.0,0.48874159224622815
0.0,0.3284664646014673
1.0,0.4209631151080607
0.0,0.7867991899092971
0.0,0.38537909695842065
1.0,0.895486123244179
1.0,0.9338560596406827
1.0,0.4307040206317666
0.0,0.8606730204435522
1.0,0.5396141872580463
1.0,0.8989425466842755
0.0,0.91771990125356
0.0,0.32094440974922067
1.0,0.24665927409502034
1.0,0.5653073299895431
0.0,0.18500698342195626
0.0,0.23793633568390557
0.0,0.22254313483882412
1.0,0.8454509932461562
1.0,0.6408028796273777
0.0,0.7326959050238058
1.0,0.8286331920730353
0.0,0.1131103357350232
0.0,0.07117023542662694
1.0,0.822490803943924
0.0,0.2517332451727191
0.0,0.45329523243586706
1.0,0.3560901304659748
1.0,0.7747202307917804
0.0,0.1847190262121049
1.0,0.36706766113493955
1.0,0.7322689503510041
0.0,0.5701296516963426
0.0,0.6937254369130887
0.0,0.4271556857601911
0.0,0.7092605181786263
1.0,0.39304233139453815
0.0,0.3322634667357386
0.0,0.06667090096385778
1.0,0.6477160670548902
1.0,0.7582354340331414
0.0,0.8090176647810059
1.0,0.4274287628115191
1.0,0.8003069815183075
1.0,0.5568039543317935
0.0,0.6818136672834477
0.0,0.09071469164008006
0.0,0.524913706403518
0.0,0.3666849171912382
1.0,0.8030037259327365
0.0,0.0571059307910191
1.0,0.6875182336654315
1.0,0.8784368644929905
0.0,0.8968910387792643
0.0,0.07720709790929459
1.0,0.9910401303054099
1.0,0.4170344806105041
1.0,0.692374011323942
1.0,0.6834153839795365
0.0,0.4796798993351009
0.0,0.09597744166848796
0.0,0.5339213451927544
1.0,0.7692037171034313
1.0,0.9173219102246609
1.0,0.24909164598409433
1.0,0.8090658653318894
1.0,0.959802476844523
1.0,0.8995240512538467
1.0,0.2920885047739772
0.0,0.2856845431723286
0.0,0.38598538021892664
0.0,0.2916552493447811
0.0,0.3902241956881588
1.0,0.5287267311203323
0.0,0.9171739983389585
0.0,0.06629228354021699
0.0,0.3653994665721952
1.0,0.8512421780893508
1.0,0.9182135015178494
0.0,0.3603345106115525
0.0,0.5337415058319382
0.0,0.90420968276133
1.0,0.29857932574799834
0.0,0.09357366015738995
1.0,0.6978735104953402
1.0,0.5565671077482748
0.0,0.1884875551907701
0.0,0.06053713149817079
0.0,0.5588245530573571
0.0,0.32416991817208773
1.0,0.5411001542002001
0.0,0.5658918450930004
1.0,0.6658275185746458
0.0,0.18552429639892848
1.0,0.5462343190675105
0.0,0.20660495985705696
0.0,0.17694068663274218
0.0,0.127255498494909
0.0,0.2189640424336528
0.0,0.5369911693045347
0.0,0.015229673165164662
1.0,0.388688336127248
0.0,0.18873550929409272
0.0,0.5031630529912597
0.0,0.06783486990199847
0.0,0.6688149059088995
0.0,0.16301006215566022
0.0,0.1191017408337018
1.0,0.7208520084329049
0.0,0.3734094585373504
1.0,0.9267476113860491
0.0,0.17903590079832066
0.0,0.9023201989628236
0.0,0.4150836190617732
0.0,0.16243079176702374
1.0,0.951620769498771
1.0,0.41126808785233726
1.0,0.6936029273728623
0.0,0.07859132732534709
1.0,0.9348524891551737
1.0,0.8828342442166948
0.0,0.11539820321052667
0.0,0.11534564522447492
1.0,0.6742353955361896
0.0,0.09482286786247626
1.0,0.583870402242278
1.0,0.6930639138285939
0.0,0.06985126580448589
0.0,0.41592260957994887
0.0,0.09078383828436845
0.0,0.4006779971488762
0.0,0.20964876013445344
1.0,0.6803786806602369
0.0,0.15711157592882435
0.0,0.5841777966287675
0.0,0.7628235070800105
1.0,0.8958068080540365
1.0,0.5425662199244846
0.0,0.06661834265443747
1.0,0.35867594693309107
0.0,0.45660956171893324
0.0,0.33670086160659773
1.0,0.5949851314118259
1.0,0.783197959805454
1.0,0.8556967190882198
1.0,0.8856195751111272
1.0,0.82803649241871
1.0,0.6234600595553847
0.0,0.5395801237121505
1.0,0.49280721521503645
0.0,0.6669476935478078
1.0,0.7144329568731462
0.0,0.6778153273721911
1.0,0.11734929575823214
0.0,0.22261912185561822
0.0,0.7752004589897281
1.0,0.9099198439312313
0.0,0.5120308453826736
1.0,0.5930072437035743
0.0,0.6404872524654259
1.0,0.9612782303560898
0.0,0.5417326955001822
0.0,0.34371579758383936
1.0,0.6329845372454862
1.0,0.8982086280597693
0.0,0.16500118183909127
0.0,0.07812596592919441
1.0,0.5493864519484182
1.0,0.8278998567650641
0.0,0.8193705140672236
0.0,0.4901220438811101
0.0,0.2679257038186364
1.0,0.8518786944385411
1.0,0.9138505220016857
1.0,0.5622882079678156
1.0,0.4618863945737967
0.0,0.6301058399021378
1.0,0.8435694771060561
1.0,0.8575621323022455
1.0,0.661691520823172
0.0,0.7825361713669042
1.0,0.5392976037990721
0.0,0.3404917357358247
1.0,0.22014144165988742
0.0,0.8321056881879763
1.0,0.45495622375271016
0.0,0.0706635733814584
1.0,0.6238723123838128
1.0,0.8441936679586479
1.0,0.3988750952328384
0.0,0.6754994471455159
0.0,0.09853478500107433
1.0,0.16029987547674185
0.0,0.36610808651075527
1.0,0.3159775607431204
0.0,0.29275657895479645
1.0,0.2934677054944959
0.0,0.34708876513731396
0.0,0.6389402758067011
0.0,0.15708105144185697
0.0,0.35504874779940154
0.0,0.34288564127836124
0.0,0.07232549802048731
0.0,0.225757306621761
0.0,0.5307489566344137
1.0,0.5424189905361929
1.0,0.2709619343682911
1.0,0.27471809169602857
0.0,0.14556497729040171
0.0,0.4390806563089689
1.0,0.9490908623091606
0.0,0.0840651269572105
1.0,0.9168967834773423
1.0,0.8774200102586729
1.0,0.8192967940161104
0.0,0.08202860371958573
0.0,0.4706837292398521
0.0,0.8085975287907997
1.0,0.5273717216791141
1.0,0.923181350930667
1.0,0.8125669081620531
1.0,0.8292725133342683
0.0,0.10034316062441118
1.0,0.5835069565131406
1.0,0.6825243663338466
1.0,0.8505712987605474
0.0,0.11372332697995073
1.0,0.36345773233315865
1.0,0.5380571055210988
0.0,0.12401288087324165
1.0,0.690828362607405
0.0,0.21103391083106054
1.0,0.8267006180977866
0.0,0.7647063512059985
0.0,0.1948091779425086
0.0,0.5036041204554776
1.0,0.7800727200111548
0.0,0.7462881676053145
0.0,0.17820913930343382
0.0,0.15602866219580072
0.0,0.09878790176069722
1.0,0.5821436196516631
1.0,0.8457085262555589
1.0,0.8418458144094959
1.0,0.9334983754704158
0.0,0.8594355259917574
1.0,0.42606340308725377
0.0,0.34729667627448946
1.0,0.8065272652359692
0.0,0.31131120340365104
0.0,0.4029201375873046
0.0,0.6237931816894658
0.0,0.08387911379219179
1.0,0.20479814595812407
1.0,0.12729079025273876
0.0,0.2205416120473243
1.0,0.6826916214510281
1.0,0.8034009507545605
0.0,0.9126276392991283
0.0,0.6485543191575861
0.0,0.9729116689239415
0.0,0.5184030705867484
0.0,0.36111952920729873
0.0,0.13375255629495464
1.0,0.7340673119664469
1.0,0.8728904377284652
1.0,0.7715134369488333
0.0,0.5614455879348769
1.0,0.9488231799152189
0.0,0.8096289149606773
0.0,0.8217268708466301
0.0,0.513394248411666
0.0,0.20006545384399463
0.0,0.09790206531113975
1.0,0.7606195006253827
0.0,0.054670114183790766
0.0,0.6083651490980719
0.0,0.22373709302155
0.0,0.21491050488704716
0.0,0.038517053966864445
0.0,0.5045447185814098
0.0,0.18039959543791065
0.0,0.07350421694288897
1.0,0.3494767347833122
1.0,0.8740131093083185
1.0,0.6417153466082359
1.0,0.12369458801094566
0.0,0.13459969861483287
1.0,0.9138894354646387
1.0,0.2409575523065533
1.0,0.8937372926030378
0.0,0.052915960803326764
0.0,0.4620698559137676
0.0,0.7959582930385143
1.0,0.3833396830664319
1.0,0.696982894116682
1.0,0.5394804325064708
0.0,0.5471560064156209
1.0,0.5933128221959851
1.0,0.2529831933935022
0.0,0.6301907614889546
1.0,0.8929464180145651
0.0,0.2804299158619238
1.0,0.8052168501170544
1.0,0.7969341824655641
0.0,0.01821872672135725
0.0,0.049538545840078524
0.0,0.3395108973107984
1.0,0.8761269690082705
1.0,0.5090490133322692
0.0,0.3764146447258564
1.0,0.7978298386836497
0.0,0.10758733635163695
1.0,0.39860699184843346
0.0,0.3696293284846173
1.0,0.4773717742364584
0.0,0.09269212428102094
1.0,0.918605013763031
1.0,0.7687087378779833
1.0,0.17713445803534145
0.0,0.18971455783036922
0.0,0.7746703747201217
1.0,0.055181737142437445
1.0,0.6493142102954094
0.0,0.5258153008758151
0.0,0.10641827725073764
1.0,0.5758560627638486
0.0,0.14029520749618185
0.0,0.240306854989202
0.0,0.415415617432693
1.0,0.7453349141332966
0.0,0.40176367756436016
1.0,0.9159206025139959
0.0,0.10360674367930958
0.0,0.21570598048738993
0.0,0.1480955654821607
0.0,0.2876217771893148
1.0,0.5658932586008603
1.0,0.9470126716181305
1.0,0.9283113380975628
0.0,0.09420321822132856
1.0,0.802014103739711
1.0,0.3272853625848347
0.0,0.17428708945868038
0.0,0.05130087237335512
1.0,0.8148501549653476
1.0,0.9041917284423893
0.0,0.33775882373849503
1.0,0.7451535516050811
1.0,0.6399042736262381
0.0,0.14215971301588132
1.0,0.5734307196820306
1.0,0.6900528691126178
1.0,0.8525531526300408
1.0,0.5419585416027606
0.0,0.5912978839769338
0.0,0.24945196187784674
0.0,0.4773502779327695
1.0,0.8652044820742171
0.0,0.37897026470907036
0.0,0.23941556004231845
0.0,0.21555768710589698
0.0,0.05735425765777717
1.0,0.2904460784179302
1.0,0.5619232302597175
0.0,0.16865603017935676
0.0,0.3804366744018198
0.0,0.7322144422451463
0.0,0.6445449231873419
1.0,0.8397468351939018
0.0,0.04266467070880746
1.0,0.5665071025541745
1.0,0.8009974843979417
0.0,0.35169749996106336
1.0,0.8032281938108177
1.0,0.9007649461606041
1.0,0.8188394696936738
0.0,0.029017675267057626
0.0,0.30787484835407514
1.0,0.6781271755630781
0.0,0.14182479939297066
0.0,0.16023976007652405
1.0,0.747246570117592
1.0,0.5183211909508004
0.0,0.10838938084848712
0.0,0.49269544284582045
0.0,0.5865906431101839
0.0,0.05352312780938212
1.0,0.8150427953918313
0.0,0.288205415910876
0.0,0.11032422531019251
1.0,0.6802218510368574
1.0,0.8944867183529885
1.0,0.5791446390362733
1.0,0.8521433679886472
1.0,0.5182997812887863
0.0,0.14062295662644342
1.0,0.8316529328077487
1.0,0.4758578394210051
1.0,0.8647631384361475
0.0,0.05346282360921452
1.0,0.33036293443665105
0.0,0.13038923901596305
1.0,0.8014926041945121
1.0,0.7723019521263241
0.0,0.11331466469894905
0.0,0.17568218112579265
1.0,0.7442396476852342
0.0,0.45208832149439926
1.0,0.7775053961351611
1.0,0.29390949129668203
1.0,0.36466326552398015
0.0,0.8530662766407723
0.0,0.04819773404048861
1.0,0.9428262837014969
1.0,0.21678891339834916
0.0,0.07637408539387665
0.0,0.20273583413398408
1.0,0.4949053010944472
1.0,0.6310143685024934
0.0,0.6795367299702585
1.0,0.693501979617376
0.0,0.1585955627604975
1.0,0.9456955461816092
1.0,0.5014129756652097
0.0,0.30315647744760316
1.0,0.7919883553978521
0.0,0.24180109714391315
0.0,0.4594751216843019
1.0,0.6984356068890412
0.0,0.475495407205141
0.0,0.3482059597357289
1.0,0.39018273983504437
1.0,0.49836180312989287
0.0,0.44310868129219083
0.0,0.5547658969444347
1.0,0.711932289652385
1.0,0.5297789428889985
0.0,0.3423472016252357
1.0,0.8292560896193265
1.0,0.8550726985155352
0.0,0.41674561936930943
1.0,0.5799013316378496
1.0,0.2763485631409004
1.0,0.7364770513014209
0.0,0.49209983710110505
1.0,0.4270839144438859
1.0,0.8157890918895412
1.0,0.9728344105563449
1.0,0.4909281610834858
1.0,0.6628988109649688
1.0,0.9407612362566986
0.0,0.31289894740769075
1.0,0.5649379592809147
0.0,0.5829377951876181
1.0,0.8233821773975905
1.0,0.5933113830718011
0.0,0.04761290725636585
1.0,0.6989059285972059
0.0,0.3351565169786525
0.0,0.43624737081678056
0.0,0.10938000200256034
0.0,0.13127264750527692
0.0,0.36764543435096575
0.0,0.021167553059360734
1.0,0.7329930404429156
1.0,0.8753612794952261
0.0,0.3417138763895538
0.0,0.24571923974789417
1.0,0.9657178062995138
1.0,0.5045536948438126
1.0,0.1572518582758554
1.0,0.91154340478779
1.0,0.33830317505972096
1.0,0.5198230937022015
1.0,0.5581330132954316
0.0,0.8413450906787066
1.0,0.36462756428187887
1.0,0.715932155108655
1.0,0.48183265435346445
1.0,0.45370592099450296
0.0,0.0621363372963448
0.0,0.017374391422372765
1.0,0.4985390353844982
1.0,0.3494467611673181
0.0,0.6312964291911942
0.0,0.6385436885923477
1.0,0.8761118779892675
0.0,0.49094534726022304
1.0,0.5042506919499796
1.0,0.9215220202108085
0.0,0.643615323431335
1.0,0.940928227769678
0.0,0.40783452002983234
0.0,0.3888853499099303
1.0,0.6530337739738412
0.0,0.6611101332320084
0.0,0.4512843148920136
1.0,0.7675534107683324
0.0,0.3286506653924289
1.0,0.62678695849377
0.0,0.8015802481646291
1.0,0.5173449669707032
1.0,0.8084108740141609
0.0,0.6259888661903026
1.0,0.6613314438167871
1.0,0.8774606339929871
1.0,0.8161206808116228
1.0,0.775434905744409
1.0,0.4378020255458571
1.0,0.5565754070548421
0.0,0.6226208232292254
0.0,0.32509755684844055
0.0,0.16258057143115287
0.0,0.580515445357147
1.0,0.9291949286010789
0.0,0.8162658307416886
0.0,0.2591833746924985
0.0,0.14860768391581955
1.0,0.6874019970573707
1.0,0.629460293700983
0.0,0.6735060733246367
0.0,0.03863699240868191
0.0,0.05207526626034027
0.0,0.11048394391925069
0.0,0.06529965920210731
1.0,0.5701777692987555
1.0,0.38568906711071216
0.0,0.6052100089338838
1.0,0.8847771493644421
1.0,0.7797604707013852
0.0,0.06207173181676525
1.0,0.46684983666358004
1.0,0.5184383904642847
0.0,0.2943565101985826
0.0,0.19613089076898996
0.0,0.29158327472095913
0.0,0.09189437334458958
1.0,0.8068455623931416
0.0,0.8467362046241023
1.0,0.34184338169311734
0.0,0.09438639600462737
1.0,0.9346075385385838
0.0,0.19240596678429867
1.0,0.7491747478161705
0.0,0.26552888096366783
1.0,0.7055924756486085
1.0,0.664644485205147
1.0,0.39513893891377533
1.0,0.7136742473105377
1.0,0.9371443249073692
0.0,0.1701657084146224
0.0,0.29959537753405685
1.0,0.47901596281658476
1.0,0.13985618927680787
1.0,0.1718724215944797
1.0,0.7366603208390435
1.0,0.5309761307689627
1.0,0.328580182997656
1.0,0.9369603713192634
1.0,0.2983820959386776
0.0,0.414843121036695
0.0,0.5850846317182116
0.0,0.6431318130025033
1.0,0.3759219571813056
0.0,0.26321151776233737
1.0,0.9635973122307927
1.0,0.8109912922019642
0.0,0.6115467972109803
1.0,0.6388038827897883
0.0,0.18543697400800147
1.0,0.588661001725014
1.0,0.8675321129329893
1.0,0.1559298793122772
0.0,0.240358357579677
1.0,0.8874422443427342
1.0,0.3117155348828751
0.0,0.2547927630844
1.0,0.8093649326006205
1.0,0.6922345286081446
0.0,0.11004375032391764
1.0,0.8638702497921187
0.0,0.15842849598524084
1.0,0.5771789621965884
0.0,0.5793381433550346
0.0,0.394553382268725
1.0,0.6502441318623989
1.0,0.9415948473756364
1.0,0.4687333700037934
0.0,0.11390063087438795
1.0,0.9621096865511924
1.0,0.5617333850547586
0.0,0.10028303965944008
1.0,0.6371208553610412
0.0,0.2073635383296974
0.0,0.412619072764259
0.0,0.573841687328853
1.0,0.9500299656206778
1.0,0.3268369317553024
1.0,0.4223133368113053
0.0,0.6385872105275168
1.0,0.5272049452243405
0.0,0.2920416049907564
0.0,0.07568313391661805
0.0,0.9398803120699334
0.0,0.5619920471199805
0.0,0.08279539210001978
0.0,0.5686951795667781
1.0,0.1787341972995129
0.0,0.061954000969725434
1.0,0.6544612563789673
0.0,0.9218142208010629
1.0,0.24569217743634492
1.0,0.09253872207535706
1.0,0.3502618050658389
0.0,0.25225791864403824
1.0,0.5297219538283835
0.0,0.43159706710486273
0.0,0.3819150081396073
0.0,0.22077733048023038
1.0,0.45043800370402104
0.0,0.24501406694027655
0.0,0.7244220391527978
0.0,0.3284591703169532
1.0,0.6668732419099916
1.0,0.8761247618282855
0.0,0.26230152255718847
0.0,0.711395405143558
0.0,0.08860229758472911
0.0,0.2774223037387701
0.0,0.45844569420698367
0.0,0.02741434517025821
1.0,0.9360935569115985
1.0,0.5110007336562052
1.0,0.72872101801348
0.0,0.7400266285476882
0.0,0.5380829647729769
0.0,0.04050867859217378
0.0,0.8092125687095656
0.0,0.349483871706131
0.0,0.6514714997128708
1.0,0.9081191084519089
1.0,0.8834207623139114
1.0,0.39431948824606544
1.0,0.5423511800650085
0.0,0.1291044604124296
0.0,0.39964349076329875
1.0,0.3966203648729418
1.0,0.28073754088712993
1.0,0.6708665188900905
0.0,0.08781781921570556
0.0,0.5895915835300254
0.0,0.058312003723792624
1.0,0.8558465763393495
1.0,0.3758653659968511
0.0,0.39047735432785824
0.0,0.09770933407574314
1.0,0.4934232949842481
0.0,0.3704881801645369
0.0,0.2893825909395521
0.0,0.9025796039828056
1.0,0.3913598065802007
1.0,0.7301953581717513
1.0,0.4645635681721741
0.0,0.036122600253554286
1.0,0.6427234403769605
1.0,0.649185019232667
1.0,0.5776971548454466
0.0,0.07657784922778887
1.0,0.693888458649911
0.0,0.9523331076048519
0.0,0.3070616828588317
1.0,0.3845152258275436
1.0,0.2313447638992457
1.0,0.505041496726878
1.0,0.5885582843781056
0.0,0.11401712903651391
1.0,0.530585992376502
0.0,0.7004583160169148
0.0,0.4409212783420286
1.0,0.5367819038538852
1.0,0.7460639711339964
0.0,0.21740290433375192
0.0,0.19946480896003754
0.0,0.419439461465896
1.0,0.48229795870537034
0.0,0.7237597688442211
0.0,0.25799744802844965
0.0,0.705059576374086
1.0,0.3889163593524759
1.0,0.6875172306052295
0.0,0.03149049504599431
0.0,0.42949554205586704
1.0,0.8790729040358883
0.0,0.5046644504791014
0.0,0.10653697729808916
1.0,0.6076002573669563
0.0,0.5180225795958833
1.0,0.8958794982326973
0.0,0.6536533858744975
0.0,0.7583038332223444
0.0,0.03716169064818524
0.0,0.13937829653086217
0.0,0.1024579721895221
1.0,0.7243419198574665
0.0,0.23266833225873174
1.0,0.6659079102867638
1.0,0.5402591928769864
1.0,0.6536893966510651
1.0,0.4236367784631791
1.0,0.6129806624963285
0.0,0.11442037504223723
1.0,0.9356489183798986
1.0,0.4118045150977029
1.0,0.668373833431415
1.0,0.7982107721747891
0.0,0.1780084782920231
1.0,0.8543259868026976
1.0,0.5512079730308768
0.0,0.12121730779378834
0.0,0.18111707018162082
0.0,0.1199540638793097
0.0,0.5820621439439542
1.0,0.8913854003467602
0.0,0.7049268323962586
0.0,0.5808434815358553
0.0,0.11789406336751003
0.0,0.11263679414998214
1.0,0.8914202342204541
1.0,0.8458272288013371
0.0,0.06458020027633095
0.0,0.3061051783556289
1.0,0.9564376127106711
1.0,0.8855105306493627
0.0,0.29581225602116856
1.0,0.7355288294964499
0.0,0.20054791546828263
1.0,0.7522703709784115
1.0,0.6472760001502922
0.0,0.45784883893702644
1.0,0.9069963871803681
1.0,0.7970379387229528
0.0,0.20396989459335982
1.0,0.9310859468018812
1.0,0.8510988978606889
0.0,0.7065310983496638
1.0,0.9354655069378252
0.0,0.29150157908910856
1.0,0.4416824921770151
0.0,0.9559547724509396
1.0,0.5612249009144044
1.0,0.48508985417673633
1.0,0.4017757531343201
0.0,0.6242251419094208
1.0,0.5715774195287605
0.0,0.057919459525997766
0.0,0.6941727428401311
0.0,0.20206843061904708
0.0,0.0662985674686289
1.0,0.5339081361965554
0.0,0.14288506394085101
0.0,0.49810079963605974
0.0,0.7422679826091525
0.0,0.7292377616649862
0.0,0.5992249725522392
1.0,0.7911272097902019
0.0,0.9280389455288308
0.0,0.6010243869063305
0.0,0.36806167095478226
0.0,0.06825756881655783
0.0,0.1073950529139867
1.0,0.8199498138077512
1.0,0.8539401748209385
1.0,0.7349402305014966
0.0,0.48386125985889084
0.0,0.28069096838239455
0.0,0.2669048796853736
0.0,0.08079113748218732
0.0,0.5693999570495849
1.0,0.6415235554948693
1.0,0.7389044456999205
0.0,0.32624069951668105
0.0,0.06416785969190839
0.0,0.5008988928696176
0.0,0.3786712228035117
0.0,0.15893092065561315
0.0,0.03610100063580281
0.0,0.21316927430041935
1.0,0.553160301736171
0.0,0.17884634359019122
0.0,0.21297970449742248
0.0,0.16735804336200463
1.0,0.9308058831267141
1.0,0.6497396945224693
1.0,0.4792921426444468
1.0,0.7460867678813148
0.0,0.661668160082618
0.0,0.09217551760217658
1.0,0.904241224205187
1.0,0.757092720770346
1.0,0.877729739121742
0.0,0.1895925546452352
0.0,0.7108172730726613
0.0,0.03967146071471303
0.0,0.9379660670725336
0.0,0.240157800484829
0.0,0.2563405160177367
1.0,0.7131365150936487
0.0,0.2556180473586138
1.0,0.9083030912845202
1.0,0.7242588859905247
1.0,0.7011463260155657
1.0,0.9046115801464802
1.0,0.6114191970847813
0.0,0.5888478637198007
1.0,0.570117231838662
1.0,0.6728080731455656
0.0,0.4177212955646089
0.0,0.37152881152653094
1.0,0.4851389914528661
1.0,0.8997880424512049
1.0,0.8834279847703082
0.0,0.18781535351073547
0.0,0.044201064056941464
0.0,0.12960196915679958
0.0,0.6290818533241771
1.0,0.5253525834502251
0.0,0.2579298412269115
0.0,0.022615518333232863
1.0,0.7624726860959886
0.0,0.4104194063134724
0.0,0.05621187737026281
1.0,0.6107359828555335
0.0,0.7758205833233212
0.0,0.5613038593725036
0.0,0.5168362523311204
1.0,0.9165029690783785
1.0,0.8530811648930182
1.0,0.8526107399887796
0.0,0.13633475538326686
0.0,0.43811977351889153
1.0,0.47700384561441167
1.0,0.8076510699597165
1.0,0.27220681391793333
0.0,0.11624324887896431
1.0,0.7904307214604095
0.0,0.13309044365989564
1.0,0.9964815182534691
0.0,0.047326531193200044
0.0,0.22553442745530505
0.0,0.8350054659987297
1.0,0.709901621187297
1.0,0.5450909627769251
1.0,0.7416483669476726
1.0,0.3339552156517108
1.0,0.5740212140197325
0.0,0.04445735747051162
1.0,0.7325425276459527
0.0,0.519046887036673
0.0,0.09937680482692386
0.0,0.22711336480094735
1.0,0.4045476590698529
1.0,0.7575017711351395
0.0,0.28633969963231126
0.0,0.08305386679876724
0.0,0.8587104381393538
1.0,0.8266633662006544
1.0,0.5078560872388029
0.0,0.5711232978210962
0.0,0.07707184210077293
0.0,0.15604647611181066
0.0,0.20844220314301495
1.0,0.6073938792487447
1.0,0.9582249175978907
0.0,0.7670141304405338
1.0,0.8848056553667781
0.0,0.41554779906273004
0.0,0.3842214247507296
1.0,0.7056659239792478
0.0,0.3623803578038532
0.0,0.18761147306850728
1.0,0.8382123971562283
1.0,0.8459444081189762
1.0,0.5406759546674256
1.0,0.6858557405369055
1.0,0.7821942265747375
0.0,0.1784346230835799
1.0,0.6001301812096339
1.0,0.8191166934848662
0.0,0.5214897045913729
0.0,0.1700254989927857
0.0,0.26306678218570173
0.0,0.07020571391810601
0.0,0.03531504592918034
0.0,0.26005346676950875
1.0,0.16272208779828173
0.0,0.6694155099610172
1.0,0.7662682738213935
0.0,0.5206874289964593
1.0,0.5148737654296369
0.0,0.14411841223177307
0.0,0.6873521409749774
1.0,0.40531221274347606
0.0,0.6740370053777799
1.0,0.7946822635144952
0.0,0.5884360233894775
0.0,0.07720709790929459
1.0,0.5836046100138682
1.0,0.502418756534721
0.0,0.30237941563033427
1.0,0.8531376961407947
1.0,0.985175303546811
0.0,0.3202462404245341
0.0,0.1568155524717553
1.0,0.8470030219414401
1.0,0.19304910807029535
0.0,0.0977498642479474
0.0,0.06973951998692486
1.0,0.5917848031319937
0.0,0.16458013274460864
1.0,0.5593361333728732
0.0,0.4443762059323862
0.0,0.1610965238062228
1.0,0.6669650472697244
1.0,0.7070986501683361
1.0,0.7058818540948193
0.0,0.05759746754056124
0.0,0.10973840652201239
0.0,0.37357120741700933
1.0,0.19366430628935608
1.0,0.9216171510563289
0.0,0.3247989356917677
0.0,0.12293259869779612
1.0,0.8189256505107328
1.0,0.7990636874285342
0.0,0.7483685630076051
0.0,0.7608599679520658
0.0,0.29072926969947
0.0,0.17026993728675183
0.0,0.03003730087826851
0.0,0.17007765857985305
0.0,0.15648056140743066
0.0,0.38454406634717186
0.0,0.3422110721523361
1.0,0.5894379151020253
1.0,0.5724587049110746
1.0,0.4408496554542329
0.0,0.9022354678062259
1.0,0.6275070918240073
0.0,0.37667273068208457
1.0,0.8640055196801244
0.0,0.25634293403040365
0.0,0.1988337775634689
0.0,0.5805848683473577
0.0,0.266113956290118
0.0,0.5657958332208028
1.0,0.4872766401309562
1.0,0.621731670596862
1.0,0.7716911785233647
0.0,0.8765112690451431
1.0,0.8091438294943286
1.0,0.6638002894881275
0.0,0.7239985058947536
0.0,0.6232181358957035
1.0,0.8762008066701231
0.0,0.628258347713719
0.0,0.1916510931651922
0.0,0.6479461751273993
1.0,0.5060453229080569
0.0,0.8849407603095258
0.0,0.2957147950931617
1.0,0.7891137525134709
0.0,0.08105572469047519
0.0,0.8400837168537942
1.0,0.730978240892394
1.0,0.37742429280686846
0.0,0.05284295135349243
0.0,0.7372591979211889
0.0,0.5334572899143853
1.0,0.5245472508943949
0.0,0.060507153318833905
1.0,0.7694667198268529
0.0,0.09447620203705895
0.0,0.6084674326009953
1.0,0.8598708699133579
0.0,0.23886432229834295
0.0,0.09513467368037283
1.0,0.5213179065384559
1.0,0.565429261675969
0.0,0.7493260002144816
1.0,0.7269150590981533
1.0,0.8158276511176983
0.0,0.7793531970657221
1.0,0.7102528639992538
0.0,0.18130570733696394
0.0,0.5400776240560254
1.0,0.8483875866545032
1.0,0.7741390276914829
0.0,0.23173799654901397
1.0,0.7799809375741515
0.0,0.7396040893754654
0.0,0.09026142280623838
0.0,0.1394319676198626
1.0,0.407745279637895
0.0,0.6799402725711751
1.0,0.7631209517717717
0.0,0.2878717288663767
1.0,0.6727313364070489
0.0,0.09368924022978994
1.0,0.5546440029983664
0.0,0.48697284713104666
0.0,0.254295287984857
0.0,0.35005913961895885
0.0,0.012143832549737346
0.0,0.844118424773656
1.0,0.915890982185449
0.0,0.5960297555213886
0.0,0.6263082962882878
1.0,0.5275212164737132
1.0,0.6554216324835005
0.0,0.6853483520337906
1.0,0.4246877927560585
0.0,0.4195504473167442
0.0,0.06113088486306735
0.0,0.2727179852938633
0.0,0.2590268058886763
0.0,0.13920276868240627
1.0,0.4359699211479322
1.0,0.5815342098844783
1.0,0.873965184611024
0.0,0.012951260719888915
0.0,0.47238362759080904
0.0,0.30625259723886106
1.0,0.838184002621953
0.0,0.1836763832766148
1.0,0.6798866047023686
1.0,0.8943510731883721
1.0,0.833133503844935
1.0,0.7918307709964185
0.0,0.3970393477732192
0.0,0.3964321788920272
0.0,0.7319879661725043
0.0,0.258605273891786
1.0,0.5348249534552124
1.0,0.8393780142118719
0.0,0.016082048820339107
1.0,0.8548027840333698
1.0,0.16191374260974475
0.0,0.050193098930272864
1.0,0.7682000661263508
0.0,0.09069864276101547
1.0,0.7350292150221842
0.0,0.1839932645238277
0.0,0.6684709925632359
1.0,0.9478302735670316
1.0,0.7767284555938346
1.0,0.8541892251979497
1.0,0.35127185013866286
0.0,0.5931162727218287
0.0,0.13965342466517075
0.0,0.5073277927594642
0.0,0.7686330574494848
1.0,0.8335448414755063
1.0,0.1974079283562455
0.0,0.6838571585844715
1.0,0.43855279485847876
0.0,0.044056010837975966
0.0,0.08430956109533252
0.0,0.3747368011774411
0.0,0.2824568805589447
0.0,0.49221608740183537
0.0,0.23923343576901673
1.0,0.7885264164228927
0.0,0.12223379892229043
1.0,0.891308636817439
0.0,0.03821510995195884
0.0,0.305485010277179
0.0,0.17563861999258473
0.0,0.479785677883285
0.0,0.18961667127857934
0.0,0.1047487669540262
1.0,0.8595105802358123
1.0,0.7853000155289501
1.0,0.8774176585025467
0.0,0.2387818615792458
0.0,0.22274633278806588
1.0,0.8888652093468938
0.0,0.05581015276513932
0.0,0.5671599146624005
0.0,0.12006298074111457
0.0,0.18053711082043875
1.0,0.7803891137891728
1.0,0.16935614454050893
0.0,0.784697675592519
0.0,0.09149342258820004
0.0,0.4440423564982165
1.0,0.3582377460870247
1.0,0.9732225181737743
1.0,0.8584393265704768
0.0,0.46573405436476484
1.0,0.729766252061328
0.0,0.05061285848546104
0.0,0.08221058688356045
0.0,0.7720611533945345
0.0,0.06884426930642173
0.0,0.17279762940401933
0.0,0.5911875717936466
0.0,0.3213555343754625
0.0,0.10960698589628119
1.0,0.649721094104532
0.0,0.3997782122008945
0.0,0.7201559490675041
1.0,0.9243060434847811
1.0,0.31923652938001373
0.0,0.5769674169185259
0.0,0.6781935336793963
0.0,0.03411658731219861
1.0,0.796676369843522
0.0,0.11495644953830819
1.0,0.6853633213270187
0.0,0.03393061565346991
1.0,0.5818804142878163
0.0,0.05643617028267926
1.0,0.7363288564425697
1.0,0.6167479650549725
1.0,0.8712348774059443
0.0,0.9057610897586621
0.0,0.346349587365078
0.0,0.4571454736764518
1.0,0.6538882188723016
1.0,0.9373522224455559
0.0,0.6980107469431835
1.0,0.7537006668814377
1.0,0.8611786860909232
0.0,0.17096099311367358
1.0,0.6212777246942964
1.0,0.8155724411835514
0.0,0.16812372620138596
0.0,0.637464385739116
0.0,0.5360457730836174
0.0,0.17347877042872298
0.0,0.8226186949255837
1.0,0.5792860095886743
1.0,0.7304284422249474
0.0,0.038171660077422245
1.0,0.8270665215409612
1.0,0.4173304401868479
0.0,0.4386152073486165
1.0,0.34528675628731936
1.0,0.15848759490108472
0.0,0.24001958914955707
1.0,0.9513379792175682
1.0,0.19122232578030746
1.0,0.6771853809289199
1.0,0.8187805807043645
0.0,0.6825789042748107
1.0,0.9259264807462181
0.0,0.24772064762261112
1.0,0.49823972379251147
0.0,0.07508756234034589
1.0,0.9063256428326255
1.0,0.8914051955436415
1.0,0.927228759561267
0.0,0.21548391769898725
0.0,0.4559486507134155
0.0,0.8579049768699598
1.0,0.4265929197325173
0.0,0.630656870498574
1.0,0.9201926282171025
1.0,0.7289843634020761
1.0,0.6614868353228589
0.0,0.0856340069444621
0.0,0.6072246148154861
1.0,0.7596420028907829
0.0,0.5463754431564306
0.0,0.07705054755354945
1.0,0.8595548844288144
1.0,0.8138939257195746
1.0,0.7768010106976838
1.0,0.810441696356835
0.0,0.24005433951935234
1.0,0.4031273747000987
0.0,0.3894933449487975
0.0,0.8272424077440274
1.0,0.9296312488362822
0.0,0.6893412388861988
0.0,0.04259642312444486
0.0,0.09029426201814832
0.0,0.07953338340698349
0.0,0.6141503069771991
0.0,0.03393874926329122
0.0,0.058351790750874745
1.0,0.6766943922765956
0.0,0.17188778394758114
1.0,0.29461620572586905
0.0,0.40745027645756055
0.0,0.6926233894502782
0.0,0.6492504462938384
1.0,0.695704250516481
0.0,0.06403491395565039
1.0,0.8092558098556435
1.0,0.9412955886575721
1.0,0.6506816642109
1.0,0.5033285195520713
1.0,0.2734348173878703
0.0,0.2017522531449833
1.0,0.5457744329486625
1.0,0.3249506360932554
1.0,0.33683089782531406
1.0,0.4213251814173994
0.0,0.06579578181181094
1.0,0.7284507502242048
1.0,0.8325679809098728
1.0,0.7456015449649758
0.0,0.09144169775735614
0.0,0.06813828471857368
0.0,0.35335828046600093
1.0,0.9365413853320437
1.0,0.6100633605514127
0.0,0.2750121792847152
0.0,0.3756372269960074
1.0,0.8235576888388156
1.0,0.6917248046945216
0.0,0.8218088909064392
1.0,0.2189687205798087
0.0,0.4130889959106586
0.0,0.35864398213026244
1.0,0.46765936841753497
0.0,0.8333724691685893
0.0,0.26242857563278366
0.0,0.08021494527764064
1.0,0.3506095339730945
0.0,0.26470263273255734
1.0,0.6281819397939074
0.0,0.5116716816255055
1.0,0.9419310768157214
0.0,0.5724264419951698
0.0,0.20061050349853385
0.0,0.29984359966410645
0.0,0.2902009180709261
0.0,0.08689971946372956
0.0,0.1068829967560666
1.0,0.43794734236444954
0.0,0.7769043329334563
0.0,0.10780700223560133
0.0,0.4961063662350352
0.0,0.8985751066551388
1.0,0.43112896949202695
0.0,0.7797951432616042
1.0,0.48202082756875503
1.0,0.3576035041153408
0.0,0.16960560429922886
1.0,0.731121235536569
1.0,0.71451125490644
0.0,0.5927638017625061
0.0,0.21084879992822345
0.0,0.6634609726194995
0.0,0.32401379427632476
0.0,0.16299305930563696
0.0,0.06344598369062696
0.0,0.11291707257988026
1.0,0.23714520007721887
0.0,0.7198482296126932
0.0,0.7345842929996149
1.0,0.9807678410813903
0.0,0.5664126080497501
0.0,0.8397755313580303
0.0,0.8388947646007777
1.0,0.8298845335073641
1.0,0.6775237892177058
0.0,0.47237253247432365
0.0,0.732239458631222
1.0,0.6489598575649717
0.0,0.7289554834723053
1.0,0.8566241428890728
0.0,0.36279939421367124
0.0,0.08784704417923393
1.0,0.8000066395748362
1.0,0.9145001442005525
0.0,0.6054826923240202
0.0,0.16968760491846963
0.0,0.24363760282945787
0.0,0.7386800688321297
1.0,0.7221029865467845
1.0,0.80833718064116
0.0,0.5044931699477755
1.0,0.5176191326166084
1.0,0.6991724667666649
1.0,0.39233841593651214
0.0,0.24724914579993915
1.0,0.9368040214934398
1.0,0.9507694896512818
0.0,0.11354649324852537
1.0,0.6661550762452461
1.0,0.767571283933796
1.0,0.5324538422578471
1.0,0.6357901174019391
0.0,0.14318582697558777
0.0,0.35436140153843443
0.0,0.6092041098497764
1.0,0.44249382724264985
0.0,0.4622720060707162
1.0,0.9325407419851558
0.0,0.9008641830251515
1.0,0.5216081825282224
0.0,0.3607819613055625
1.0,0.8424802996402206
0.0,0.7904470427001431
1.0,0.6431884231775207
1.0,0.8889347922592215
1.0,0.5985544327670441
0.0,0.3090154468755786
1.0,0.8415792556128737
1.0,0.8129779785714563
1.0,0.8026716069812686
1.0,0.39118207483100803
1.0,0.9026192603374923
1.0,0.8469116940790314
1.0,0.5689991661948766
0.0,0.3841499953311952
1.0,0.6802218510368574
1.0,0.5911130040827687
1.0,0.7754932730893339
1.0,0.7637092883556014
1.0,0.9387920244979819
0.0,0.1939984283756302
0.0,0.08784465800158567
1.0,0.7139202405827293
0.0,0.20092260678507942
0.0,0.3954606447373041
1.0,0.7974578547556886
0.0,0.19270199069278607
0.0,0.6682583652768861
1.0,0.7594083292412961
1.0,0.8342940301595677
1.0,0.7519983348623784
0.0,0.5003040757038025
0.0,0.3678969643432893
1.0,0.6266109039131404
0.0,0.45285062827396433
0.0,0.795522114191218
0.0,0.5536118676931646
0.0,0.18699572120299723
0.0,0.10981695549648736
0.0,0.6498202221499481
0.0,0.0370273667031805
0.0,0.19532972118465
0.0,0.29083888476541137
0.0,0.041013963469472746
0.0,0.056178101058410104
0.0,0.034593492029340055
1.0,0.5531440602296529
1.0,0.7865221623704736
0.0,0.6710808080653675
0.0,0.32968022780058515
0.0,0.6240172775130126
1.0,0.7026668622464003
0.0,0.07594950707140413
0.0,0.2856832010796436
1.0,0.8816274348899187
0.0,0.5176064516370948
1.0,0.8098436681028189
1.0,0.34780695820464935
0.0,0.23023434354885772
0.0,0.19334678675192674
1.0,0.7191755648588725
1.0,0.6348645378839629
1.0,0.7652423278432534
1.0,0.9266982088224422
1.0,0.19432206291843654
1.0,0.7517420265653898
1.0,0.5067079793815815
1.0,0.6215604979193176
1.0,0.8548313305153542
0.0,0.29798446602915546
0.0,0.433661399451737
0.0,0.47601818691667724
1.0,0.45238360502953706
0.0,0.7984112451048679
0.0,0.07967868665141775
1.0,0.6474528624147001
0.0,0.11862006225166663
0.0,0.07737089690237364
1.0,0.57575356628752
0.0,0.8019054394772926
0.0,0.4270257242625496
1.0,0.27186272341322504
0.0,0.15564759358280794
1.0,0.7381981204538265
1.0,0.39954515216762043
1.0,0.36914408678555377
1.0,0.6267196922794604
0.0,0.05946765559693744
0.0,0.4692415433089253
1.0,0.24523113121330367
0.0,0.09772338353128547
0.0,0.34374765516463507
0.0,0.06780788328387279
0.0,0.33578240395335335
0.0,0.8157594333248062
1.0,0.9332932644022136
1.0,0.5530820464821552
0.0,0.6342303234287818
1.0,0.5587936659168748
1.0,0.8871856132782607
0.0,0.17717728166511487
1.0,0.6036009169897281
0.0,0.03919793204891242
1.0,0.475497497966691
0.0,0.11839951339267654
1.0,0.8586941341874283
1.0,0.7233471892242946
1.0,0.6812690412608899
0.0,0.14575573097381786
1.0,0.8538771258247154
0.0,0.870725359630151
0.0,0.623907666064041
1.0,0.8447177095827678
1.0,0.5806023058378939
1.0,0.7123611278735107
0.0,0.036555909884308624
0.0,0.6304714768220945
0.0,0.15905958645595578
0.0,0.1323003781956036
1.0,0.372642628266504
1.0,0.9169020725766227
1.0,0.7622958955585638
0.0,0.2910933986890797
0.0,0.061904452472702945
0.0,0.9249471480401033
0.0,0.25270721130026647
0.0,0.19888903385603007
0.0,0.2625419849829636
0.0,0.15381695494229217
0.0,0.3690581799404792
0.0,0.5653056969642548
1.0,0.59937686286006
0.0,0.4775196897218459
0.0,0.7955469605632186
1.0,0.3740389854713223
1.0,0.6076388564605094
0.0,0.04106623305188738
1.0,0.8124537029239768
1.0,0.6799699902746906
0.0,0.758103849581132
0.0,0.07484565635563077
1.0,0.6149670546122517
1.0,0.8736968122703017
1.0,0.6289813057884508
0.0,0.754381611106712
0.0,0.580529717195488
1.0,0.8754936168029351
1.0,0.7580917735056698
0.0,0.39807129298223154
0.0,0.17248095058753007
1.0,0.6844729857871517
0.0,0.37391401318190276
0.0,0.05274998055739485
1.0,0.8928996283924946
0.0,0.05125031442707791
1.0,0.49606034615505923
0.0,0.2071463584287328
1.0,0.37828854379006294
1.0,0.86338155905818
1.0,0.9018426641822742
1.0,0.8135686304181464
1.0,0.5439800625735451
0.0,0.04926626841709632
0.0,0.049271303954330624
1.0,0.351205509688208
0.0,0.22417183312505262
1.0,0.35103311079391714
1.0,0.5720525184271363
1.0,0.860996192976005
0.0,0.10847577845069103
0.0,0.3799945063269322
0.0,0.2359652132763732
0.0,0.04607878226403311
0.0,0.11982392092319287
1.0,0.7537530396599037
1.0,0.6414418607745695
1.0,0.37707520938059524
0.0,0.3311082837873456
0.0,0.5135047418050426
0.0,0.171543822456085
0.0,0.10826961585580616
0.0,0.20972110387492418
0.0,0.4461110385302686
0.0,0.05265332275780303
0.0,0.4873409914410704
1.0,0.6439136333019635
1.0,0.6572806438945967
0.0,0.06301023182884125
1.0,0.4406982892743893
1.0,0.6934859694701673
1.0,0.7972160498489649
1.0,0.8603733892922966
1.0,0.492009210676684
1.0,0.3002411063504489
0.0,0.24947300087248955
0.0,0.06575750690367947
1.0,0.7795401185369801
1.0,0.7144938812805524
0.0,0.12433768342523314
1.0,0.47933701075086566
0.0,0.05641404571517707
0.0,0.08602979675321316
1.0,0.901669618973061
1.0,0.4684550621696208
0.0,0.27554123028943883
0.0,0.28930030803013657
0.0,0.7248666025614185
1.0,0.12954097401182968
0.0,0.03774186805716144
1.0,0.9016220813291309
0.0,0.5834384106361311
1.0,0.785232713357168
0.0,0.8897721705957066
1.0,0.7542654253121022
1.0,0.9368663761813384
0.0,0.38816994798546417
0.0,0.2700783516568348
1.0,0.8928695453204638
1.0,0.411495137866023
1.0,0.5882455371552588
0.0,0.3045795051655163
0.0,0.10855507918611573
1.0,0.3784359710082379
1.0,0.8959887563388028
0.0,0.42012425664959263
0.0,0.3225981064511076
1.0,0.8265465736678628
1.0,0.780824886396636
0.0,0.18843109741217473
1.0,0.506628993500547
1.0,0.4024090561893538
0.0,0.10307513742315888
1.0,0.7845865788292474
0.0,0.04342972589813112
1.0,0.9192720304845693
1.0,0.7081745060392468
1.0,0.4185603519757429
0.0,0.17240155080058045
1.0,0.41967767150458063
0.0,0.5430799031547637
1.0,0.44938310023604905
1.0,0.7352206794465054
1.0,0.21865410891447876
0.0,0.3634645719356464
0.0,0.8325115324639901
1.0,0.501839937565329
0.0,0.5872064302210308
0.0,0.3911326024460956
0.0,0.3285877440598738
0.0,0.0215104223988951
1.0,0.8629210059917316
1.0,0.873802623392519
0.0,0.7623680978266572
0.0,0.45339260305099593
0.0,0.3395040518515602
0.0,0.08623347969222493
0.0,0.94255998769365
0.0,0.17620969348263385
0.0,0.08141720618631564
1.0,0.8945244462267775
1.0,0.8034895376086333
1.0,0.8210418391595272
0.0,0.2254187677973259
0.0,0.10224956297958987
0.0,0.4407129649594651
0.0,0.6713533279190267
0.0,0.1330402932828692
1.0,0.44681580670141907
1.0,0.7138844762778471
1.0,0.744981761979663
1.0,0.6250643108687088
1.0,0.8342923635054179
0.0,0.7275363403751355
0.0,0.19477441287007163
1.0,0.6502579854494707
0.0,0.6354674197188198
0.0,0.27358123034329385
0.0,0.648252831791818
0.0,0.5424736375994
0.0,0.46993161848477777
0.0,0.39565894533331264
1.0,0.3283187038358347
0.0,0.8544968955223269
1.0,0.7796771386482272
0.0,0.22405163909481568
1.0,0.9104179815749605
0.0,0.9299810368448428
0.0,0.3324237662320201
0.0,0.14045602199632035
0.0,0.8801686982467094
0.0,0.2409755048447506
0.0,0.8571756631218204
1.0,0.35137815804869116
0.0,0.37281979594196785
0.0,0.3139411279293983
0.0,0.43612380861327826
0.0,0.28598893719504664
1.0,0.7455720167728498
0.0,0.856070211626578
0.0,0.3702120645543187
1.0,0.7251287382618657
1.0,0.6452241337178513
0.0,0.29824657745909466
0.0,0.3623462206738311
1.0,0.6289147450151156
1.0,0.8881940719492919
0.0,0.039616870737772404
1.0,0.40756943732080264
1.0,0.4159262442594599
0.0,0.09373846862586858
1.0,0.36885004781568587
1.0,0.416468785636511
1.0,0.6289078455284337
1.0,0.5141783260346035
0.0,0.4537893025892683
1.0,0.7843568141130656
1.0,0.7121292614730239
1.0,0.37743770477798966
0.0,0.06509966777946967
1.0,0.7759014130964114
0.0,0.4986042262218522
1.0,0.911598634371542
0.0,0.6443375412329365
1.0,0.7792745510540715
1.0,0.4873471838326255
1.0,0.5698216964536561
1.0,0.14673272414293895
1.0,0.9252311437573135
0.0,0.372431655345559
0.0,0.49781262896117456
0.0,0.5826427418315149
1.0,0.7072539853895308
1.0,0.6289365560643354
0.0,0.8408311891142063
0.0,0.08733275843537994
0.0,0.012831786023270075
0.0,0.3412099125218363
1.0,0.7363797943929697
0.0,0.05498224451582183
0.0,0.10208541859088505
0.0,0.25628893531295677
0.0,0.39182669267058134
0.0,0.20064709670185893
1.0,0.8084654908740015
0.0,0.3387608449196543
0.0,0.05629126553936696
1.0,0.36022223346746796
0.0,0.2333358677360025
0.0,0.04489127355903631
0.0,0.15669977979097177
0.0,0.47313584731350744
1.0,0.7927796371635943
0.0,0.12751896353638625
1.0,0.8984374841701331
0.0,0.3452676526912134
0.0,0.0860987331604704
1.0,0.8551653412735807
0.0,0.8643073990328591
1.0,0.721532353973948
0.0,0.3628160938580609
1.0,0.892745825170848
1.0,0.8393551014727993
1.0,0.5361714294887104
0.0,0.20531037529912127
1.0,0.8998217022899512
1.0,0.7861313477806775
0.0,0.2435879574152906
1.0,0.7781615273267679
1.0,0.9462338696819647
0.0,0.13853828822582354
0.0,0.9178369936483822
1.0,0.8343392346770617
1.0,0.7557139002344924
1.0,0.5771062967705275
1.0,0.8987971728719882
1.0,0.7437636640223585
1.0,0.8339469483601059
1.0,0.7425186173607209
0.0,0.11869502114949966
1.0,0.27139964594177324
0.0,0.07527545591691667
0.0,0.3422590633599958
1.0,0.47827617350759655
1.0,0.672246715286962
0.0,0.20231844523443043
0.0,0.41136381851925846
0.0,0.4099244067365186
1.0,0.6558344227046281
0.0,0.14349717823509256
0.0,0.10939820113544681
0.0,0.25710770986919906
1.0,0.8203963041465808
1.0,0.7273390737816319
0.0,0.33229272300510704
0.0,0.59624945964335
0.0,0.6853614996022714
1.0,0.5871951805394968
0.0,0.20613042256181804
1.0,0.5788019796559669
0.0,0.17915422533468556
0.0,0.0393041950691355
1.0,0.7905489724853233
0.0,0.3704918785286606
0.0,0.42051247376845835
0.0,0.21018616998164769
0.0,0.15760330124780153
0.0,0.18386950554500886
0.0,0.2596378177725064
0.0,0.5495858067499382
1.0,0.9417488110663195
1.0,0.5308983610994111
0.0,0.2217937629126932
1.0,0.8954815010720877
1.0,0.3531081718730306
1.0,0.8046557267885813
0.0,0.43457976509241386
1.0,0.9452983753741471
1.0,0.7997870160350499
1.0,0.6545086729397425
1.0,0.9762797293982837
1.0,0.870060177802656
0.0,0.256563044465622
0.0,0.12151978435270241
0.0,0.6409447044855445
1.0,0.7237302935189075
1.0,0.8621283597500945
1.0,0.7211898385227938
0.0,0.5644695093053513
0.0,0.06574560936063722
0.0,0.15526198659649842
1.0,0.8630972243618011
1.0,0.17300231379059827
1.0,0.8687566002982209
0.0,0.13323215177450748
0.0,0.07709666750732322
1.0,0.831423028207416
1.0,0.6851071329541656
0.0,0.4907360713041222
0.0,0.08711155258992118
1.0,0.7895687221753447
1.0,0.4386107832735629
0.0,0.3984362631434775
1.0,0.8216898019213975
0.0,0.26512554204134464
1.0,0.392995846814024
1.0,0.6171245607240143
0.0,0.2931645803208105
0.0,0.08105419662674582
1.0,0.858233968575545
0.0,0.6216423720984485
1.0,0.7431789259785411
0.0,0.2846040802767693
1.0,0.4569064779316294
1.0,0.6534177486715966
0.0,0.735878408463896
0.0,0.3999801652646612
1.0,0.8956671723641743
1.0,0.36922167303924425
1.0,0.8531398992198463
0.0,0.26111858380707587
0.0,0.025357547027854355
1.0,0.6559648337764559
0.0,0.5535022497657541
1.0,0.7300277697138177
0.0,0.26857476100184063
1.0,0.7378838692245744
0.0,0.13245110139505326
1.0,0.757407115536644
0.0,0.715428518181586
1.0,0.7948427160284203
0.0,0.36661739086868905
1.0,0.6706999909764487
0.0,0.5920473230201003
0.0,0.5173817227543708
1.0,0.34495131306807014
1.0,0.43884249161981825
1.0,0.9451250389905722
0.0,0.5573541266813616
0.0,0.18879468629762064
0.0,0.12069295104500603
0.0,0.1333624294163242
1.0,0.7410728875305995
1.0,0.871544699928798
0.0,0.16719159717779378
0.0,0.4118100912255949
1.0,0.6683248137599825
1.0,0.13074914683977587
0.0,0.6422731881580773
1.0,0.4214810992786009
1.0,0.5365715751676148
0.0,0.05991528909729958
0.0,0.22467458455845288
1.0,0.286656078305828
0.0,0.1683963334470972
0.0,0.8924486791113502
1.0,0.7448885655323787
0.0,0.0978262044343651
0.0,0.40820398868951646
0.0,0.09979516999341145
0.0,0.7672852753681794
0.0,0.21148667465986218
0.0,0.7262237303665848
1.0,0.5746496404664487
0.0,0.7877172157405471
1.0,0.6293186443969158
1.0,0.6556237115951038
1.0,0.5514999303050441
0.0,0.10537138534250468
0.0,0.17298931664589556
0.0,0.0250401652522382
1.0,0.7650839447918589
1.0,0.8741859323981089
1.0,0.9214580262005768
1.0,0.6746060121718747
0.0,0.061523004029091236
1.0,0.8414479692443114
0.0,0.0921409095564429
1.0,0.6764294561650612
1.0,0.46327235055156324
1.0,0.458005319789201
0.0,0.060552106577246814
1.0,0.653147878696824
1.0,0.701609399448585
1.0,0.7097983298269879
1.0,0.5754641982000303
1.0,0.9176264390240283
1.0,0.47616784246875826
0.0,0.42660347403923343
1.0,0.9181186067019882
0.0,0.3014710486676784
0.0,0.16460722033378566
0.0,0.13665245650456453
0.0,0.9269876219684304
1.0,0.5229674673838164
1.0,0.30677555612660007
0.0,0.1517467235358884
0.0,0.16229931712798967
0.0,0.8924951689215493
0.0,0.6426933183993325
0.0,0.5024640402544096
1.0,0.7595759483987973
0.0,0.12844911682658047
0.0,0.3161773232971927
1.0,0.728675384716815
0.0,0.24500123017834047
0.0,0.3075255790885315
0.0,0.42916666490074445
1.0,0.7943076987075243
1.0,0.8509300250310231
1.0,0.288934328683199
0.0,0.23070580199868718
1.0,0.7123881870542775
1.0,0.7784805328401148
1.0,0.8672931020837055
0.0,0.03567809961451861
0.0,0.2167539098445582
0.0,0.185123883075278
0.0,0.19903023670555114
0.0,0.10761194822712898
1.0,0.9098996650583244
1.0,0.6496126951182453
0.0,0.34647928967112374
1.0,0.8019763374723843
0.0,0.4587676960327222
1.0,0.43724152488806045
1.0,0.4266235928763278
1.0,0.522054447870484
1.0,0.2620796372296632
1.0,0.5036892206638506
1.0,0.4496689117561279
1.0,0.9266564221902114
0.0,0.7921168424107611
0.0,0.24935763525848506
1.0,0.31478745353618065
0.0,0.32278009091908244
1.0,0.8174247417260059
1.0,0.7494575379441625
0.0,0.018357714636298334
0.0,0.08464867366303781
0.0,0.5678016838073877
1.0,0.49145559876456035
1.0,0.9079606047762876
0.0,0.046984821724362504
0.0,0.16906769164986965
0.0,0.051879643864445255
1.0,0.3976261111498261
1.0,0.1886039905842404
0.0,0.2751000702222315
1.0,0.7482554672216966
1.0,0.9437266275813354
1.0,0.627058148993294
0.0,0.42446624752632783
1.0,0.7070089022655268
1.0,0.5821926196510127
0.0,0.2594797691889291
1.0,0.6559832892764457
0.0,0.04756756539052524
1.0,0.7815609561682931
0.0,0.09691307745997604
1.0,0.8526336468857056
1.0,0.2676776369899175
1.0,0.5928371661337554
1.0,0.8991640140895409
1.0,0.9689984420243152
0.0,0.3358580841359264
1.0,0.8593119100278394
0.0,0.5038616092908941
1.0,0.3347834929174547
1.0,0.8701650992343659
1.0,0.5152012362157219
0.0,0.13758421628153414
0.0,0.10685649557887233
0.0,0.6184234614410127
1.0,0.6978085587225101
1.0,0.7488514026744005
0.0,0.3547940213504013
0.0,0.45159147516219617
1.0,0.8172381105617849
1.0,0.33473533505624115
1.0,0.5963381343598915
1.0,0.5864868352236676
1.0,0.19804793114289265
1.0,0.9258165365229916
0.0,0.4254480944257041
1.0,0.6834454514641435
0.0,0.06452391932792369
0.0,0.6805766661100846
0.0,0.22263739955012243
0.0,0.9087565837551537
1.0,0.6737363952817095
1.0,0.8953086859043016
1.0,0.8896140100469122
1.0,0.6972685143335393
0.0,0.17787955170296604
0.0,0.04698589572817427
1.0,0.8990360824368155
1.0,0.6362574105257008
1.0,0.43461585379742457
1.0,0.6239605251845115
1.0,0.7772787263637467
0.0,0.15931669844495894
0.0,0.28258508114491887
0.0,0.1568875891867823
0.0,0.22034151253106077
1.0,0.6263713940586868
1.0,0.3011432755627129
0.0,0.5401170202845129
1.0,0.4820098043693661
1.0,0.7937982714544534
0.0,0.8064314547384731
0.0,0.5528979964045124
0.0,0.30188673557309664
1.0,0.9331352657350476
0.0,0.04380144778891236
1.0,0.306693817091578
1.0,0.33688913149549077
1.0,0.852663732847532
1.0,0.26110460578536454
1.0,0.7179075025710021
0.0,0.18037964772016618
1.0,0.417477336051172
1.0,0.5872035024138207
0.0,0.580059501126224
0.0,0.12433903661901713
1.0,0.8541187519494924
1.0,0.4786523003452846
1.0,0.8329110387237005
1.0,0.6573366307888001
1.0,0.9544973749094998
0.0,0.1499632853059379
0.0,0.258702835811404
0.0,0.23377868070657018
1.0,0.8250816746286695
0.0,0.21826374517115474
1.0,0.5852679162758635
1.0,0.1271345960461963
1.0,0.7922711031307752
0.0,0.14527912663127832
1.0,0.6994721502863233
0.0,0.14941067620401235
0.0,0.06288371911081697
0.0,0.1560272588513084
0.0,0.7836436770734738
1.0,0.7875332290906283
0.0,0.3805131279416716
1.0,0.9460439650433445
1.0,0.725110705625552
1.0,0.8463587029503788
0.0,0.3549455261024666
0.0,0.34767289602810003
1.0,0.60904979909321
1.0,0.7130017366418528
1.0,0.37681898375478107
0.0,0.05877834140508661
0.0,0.8250347767350918
0.0,0.1283862643126485
0.0,0.08196954484530065
0.0,0.13018844789157064
1.0,0.7496909586355746
1.0,0.24367630921812666
1.0,0.6159183760437281
0.0,0.5420251911789045
1.0,0.4974341286591951
1.0,0.13070422772452905
0.0,0.010228197680940528
1.0,0.8900800202833702
0.0,0.08633110589870738
0.0,0.2866967792175145
0.0,0.809175532366357
0.0,0.1418548783538704
1.0,0.8163523523799171
0.0,0.07414769128709288
1.0,0.7110513825896649
0.0,0.16451835374027032
1.0,0.774318941530914
1.0,0.9071341667501566
1.0,0.1939215212357124
1.0,0.2543040627820258
0.0,0.4358420021547754
0.0,0.7414928253016421
1.0,0.2017655451337034
0.0,0.6256098029945802
0.0,0.3897162653045382
0.0,0.3062132939972072
0.0,0.326702226425248
1.0,0.8108421212954255
0.0,0.3400029002266615
0.0,0.20814889859394134
1.0,0.48835172088797785
0.0,0.6718673989103864
0.0,0.6428628845568057
1.0,0.14422952894861224
0.0,0.46378384695080654
0.0,0.31770000662756304
0.0,0.5897796599207529
0.0,0.09791930676681282
0.0,0.5227582944906486
1.0,0.8691626560401975
1.0,0.794897742152905
0.0,0.7340645073217967
1.0,0.707776015314114
1.0,0.3569850756989529
1.0,0.5164587809861138
0.0,0.05303161756119339
1.0,0.17772648855904744
1.0,0.32360338593964705
0.0,0.0446747362896248
0.0,0.49996803931552175
1.0,0.8321788820691778
0.0,0.1729931543854663
0.0,0.29945682566191817
0.0,0.3313449226145338
0.0,0.20980092761610294
0.0,0.2312400546533667
1.0,0.7261498906064994
0.0,0.7100817495458409
1.0,0.731063009145915
1.0,0.6314596050812717
0.0,0.649678153969272
0.0,0.1811380019653839
0.0,0.23048948952570797
0.0,0.1846159539497572
0.0,0.3449066923024864
0.0,0.8123044695609641
0.0,0.17906395376356704
0.0,0.33080539308625917
0.0,0.6652691998141856
0.0,0.08767118483427479
1.0,0.4948291817856454
0.0,0.410995838147972
1.0,0.33476069548358267
0.0,0.4232517833268936
0.0,0.15415474498807416
1.0,0.9091990442735861
1.0,0.6955746317140863
0.0,0.27286432712817377
0.0,0.13524072311328977
0.0,0.5989990544303325
0.0,0.13105377452990433
1.0,0.156159169130675
1.0,0.7534857983175891
0.0,0.07052451656580738
1.0,0.7780908369011742
0.0,0.14268597281004677
1.0,0.6792268446427145
0.0,0.12080709050440856
1.0,0.8272129055786642
1.0,0.7706022606778153
0.0,0.557401817923853
0.0,0.08230205232250398
1.0,0.38460595063772834
1.0,0.7972783073306626
1.0,0.38622227238767526
0.0,0.08369792530965332
0.0,0.21309357195526596
1.0,0.30423468233488815
0.0,0.2096608073953285
0.0,0.7590449270145442
1.0,0.5748792359183749
1.0,0.8333467688777738
1.0,0.8406289667485074
1.0,0.8987526510870543
0.0,0.15498228961235794
1.0,0.6134417606000412
1.0,0.7458738842082868
0.0,0.3464800116344208
0.0,0.05015420022197089
0.0,0.22650567949866943
0.0,0.5111821442160605
1.0,0.5943348427392758
1.0,0.34583991726217084
1.0,0.8127718379898037
0.0,0.06959857122163694
0.0,0.0949793138113973
0.0,0.27273406567504493
0.0,0.19937421151647008
0.0,0.43627758955938445
1.0,0.7447968788644778
1.0,0.8681987066302579
0.0,0.12970865730072523
1.0,0.9162760160727796
0.0,0.12465879229440643
0.0,0.24391307429754344
1.0,0.5951165653195354
1.0,0.5481138001689303
0.0,0.22902577712136157
1.0,0.44302940081206177
1.0,0.587274912993366
1.0,0.7295746942709666
0.0,0.15499583216407986
1.0,0.4259588448643682
1.0,0.7616780561594609
0.0,0.106489620696408
0.0,0.037050662214790905
1.0,0.8540599858259046
1.0,0.49950814348604816
0.0,0.10872872884311928
0.0,0.19395362580059938
0.0,0.04981315833995518
0.0,0.08191064552601726
0.0,0.12361775952564986
0.0,0.14399413932127716
1.0,0.5062816764926166
0.0,0.19126253795079617
0.0,0.08549948566789098
0.0,0.2904837089815525
1.0,0.4849665934260276
1.0,0.8904427491497918
1.0,0.8162396708601765
1.0,0.8899032915689709
1.0,0.7322308511716357
1.0,0.9151754395905108
0.0,0.01024990604992659
0.0,0.24555238322199865
0.0,0.8987162847395466
1.0,0.521823194912178
1.0,0.8713852280439998
1.0,0.8261336510254148
0.0,0.3397518413860623
0.0,0.7271103574384643
1.0,0.7766682873373222
1.0,0.49234866316551607
0.0,0.09290466276841543
1.0,0.4594751216843019
0.0,0.3785357396585605
1.0,0.671303828688121
0.0,0.25917004840994784
0.0,0.060399629113092324
0.0,0.4302090751401857
1.0,0.9316971652541423
0.0,0.6113986185152228
1.0,0.7317810158679808
1.0,0.8972421180737337
0.0,0.15241258000841548
1.0,0.7817881200777069
1.0,0.691479158793677
1.0,0.4320914920767727
0.0,0.08119682340262271
0.0,0.08445205981629458
0.0,0.7744875356035228
1.0,0.44004587701551634
0.0,0.1719556283243086
0.0,0.04618568651738235
0.0,0.07157390595067947
1.0,0.6118658980497559
0.0,0.10933992711609704
0.0,0.19519795436755072
0.0,0.41990908653144554
0.0,0.028460238198799375
0.0,0.09348809876162349
1.0,0.6746948460006855
0.0,0.9219663975129351
0.0,0.0902892931688957
0.0,0.6914221422910254
1.0,0.7200258881594687
1.0,0.5785860546351976
0.0,0.9189539949954224
0.0,0.31594400062466244
1.0,0.7056657015881039
0.0,0.17182347048298377
1.0,0.9026014368073119
0.0,0.17794547742814765
1.0,0.5909039471602517
1.0,0.2876932839425105
0.0,0.5592480763534036
1.0,0.7628361486382393
0.0,0.24451254934466324
1.0,0.5917643130454687
1.0,0.6165395001264551
0.0,0.13266936820319494
0.0,0.01582867989114984
1.0,0.8521427671865165
0.0,0.21208617058447538
0.0,0.22525682640222752
1.0,0.9637166402812642
1.0,0.8832501183609409
0.0,0.1794925147102011
1.0,0.7581558846298007
0.0,0.06908101160258226
1.0,0.7517172086106803
1.0,0.9605576635900425
0.0,0.2523127155616195
0.0,0.3316063595350616
1.0,0.07587006233571605
0.0,0.5279678559972779
1.0,0.47098608512566587
0.0,0.673235202519065
1.0,0.32737133600002527
0.0,0.3562233213569842
0.0,0.1551944594640397
0.0,0.09387464861632004
1.0,0.35224060002924124
1.0,0.7514799117548647
1.0,0.3824224815436171
0.0,0.764411076209296
0.0,0.4428260317084547
0.0,0.14461301882534255
0.0,0.6253811738570738
0.0,0.16935597851819328
1.0,0.44403322292588426
0.0,0.05346710191393098
1.0,0.7144709075842517
0.0,0.023766323913419117
0.0,0.6273060756855515
0.0,0.5964071432952757
0.0,0.05861680902693842
1.0,0.27462038480135637
0.0,0.10912811298470129
1.0,0.9154800872545422
0.0,0.631672453774627
1.0,0.9617894894118184
1.0,0.7021569652255634
1.0,0.7335942444311186
1.0,0.9286187063847899
0.0,0.07171719333517904
1.0,0.8152283834187404
1.0,0.5964546265477405
0.0,0.19551750124899453
1.0,0.5731822125073591
0.0,0.18974944676106265
0.0,0.2687451492538242
1.0,0.8317638143143007
1.0,0.793026134268439
0.0,0.044605118265077695
1.0,0.5179958860034066
0.0,0.6752963713862551
0.0,0.88270992991339
0.0,0.42330020686336506
1.0,0.8927009804456543
1.0,0.4766912649652725
0.0,0.05204451107896026
0.0,0.6496349140096713
1.0,0.7163006153250924
1.0,0.8692601455212106
0.0,0.217784738594979
0.0,0.07204018198614062
0.0,0.0909735517863718
1.0,0.7433154754563611
1.0,0.863437732768029
1.0,0.36564720497553893
1.0,0.808057432194578
1.0,0.9525519645924927
0.0,0.433143763461319
0.0,0.2741290819706976
1.0,0.695845472637957
0.0,0.40930900637383444
1.0,0.9588972579596975
1.0,0.629881669974864
1.0,0.5278695981378576
0.0,0.5747512240411161
1.0,0.8019968205990236
0.0,0.3400028326377577
0.0,0.13616157281699778
0.0,0.211693884864031
0.0,0.7156838160886123
0.0,0.19736530038323113
1.0,0.28955864855384145
0.0,0.1304477893630553
0.0,0.08541595015122247
0.0,0.14606253998166535
0.0,0.7738059404009188
0.0,0.7238068147750781
1.0,0.3567533220068503
1.0,0.4324505988856166
1.0,0.35080563529251546
0.0,0.36816518327385717
1.0,0.24055007598469666
1.0,0.443545923014294
0.0,0.08235692167822435
0.0,0.30948967481356854
1.0,0.9353892328688401
1.0,0.5008347670594732
0.0,0.10554802644811341
0.0,0.6857777168676086
0.0,0.016302732163289042
1.0,0.7480298058744672
0.0,0.11212012832564074
0.0,0.2074427696577994
0.0,0.5522389982190578
1.0,0.4597066175258139
0.0,0.321932708590762
1.0,0.5665610172026002
0.0,0.21486171674676385
1.0,0.7452675970728018
0.0,0.15535900823779994
0.0,0.5510329871808795
1.0,0.7169944111653008
0.0,0.6070544880261505
0.0,0.7678816767143325
1.0,0.4254004198703022
0.0,0.4064400665284472
1.0,0.6741304250835461
0.0,0.11311322883183764
1.0,0.9287091224354176
1.0,0.4310669282760914
0.0,0.17294753978908967
1.0,0.8704050451080221
1.0,0.9395554161126357
0.0,0.5473576063153484
1.0,0.7483488634818172
1.0,0.9174195302724095
0.0,0.24010911830497852
0.0,0.3614827522947757
0.0,0.5411440586273706
0.0,0.08248222431027666
0.0,0.4492269144205084
1.0,0.7471643145755593
0.0,0.5742209379158068
0.0,0.17940909072503414
0.0,0.22204934278655694
1.0,0.3125943612594648
1.0,0.8371135702795577
0.0,0.051671824512372365
0.0,0.7472479886546421
0.0,0.12594074068188724
1.0,0.6022745675162156
1.0,0.662680402505313
0.0,0.8409424467989679
1.0,0.7594575478238053
1.0,0.6199831511009002
0.0,0.7588966999307695
0.0,0.12850494819983385
1.0,0.7484593382349496
1.0,0.6334775931945703
0.0,0.4026319480107993
1.0,0.5838603286883419
0.0,0.36988242964098045
1.0,0.4602491050574445
0.0,0.14335886284973035
1.0,0.8214611496649477
1.0,0.9489550342384154
1.0,0.6360651993735656
1.0,0.3178562614205034
0.0,0.20310952136413601
0.0,0.8543897994210778
0.0,0.19595963588277246
1.0,0.243683079288378
0.0,0.0990394487137504
0.0,0.10846975398626615
0.0,0.0141627739177424
1.0,0.8937958566214522
1.0,0.40910656993504074
0.0,0.5446784645202007
1.0,0.2693124911987543
0.0,0.4534762439474897
0.0,0.6181771971484402
0.0,0.7404424670839201
0.0,0.08035036676245935
0.0,0.6761655703041729
1.0,0.3493009153558823
1.0,0.8617958073602612
0.0,0.1495190646651296
0.0,0.2990414120684839
0.0,0.05066810041558521
1.0,0.6815499389940808
1.0,0.7859897451179435
1.0,0.906663278860482
0.0,0.15817577575847447
1.0,0.6472511960615226
0.0,0.10468399165085633
1.0,0.4908246997643467
0.0,0.1888506269347126
1.0,0.7224962542725879
1.0,0.23427104651214564
0.0,0.09239901599675236
0.0,0.14774800200992844
1.0,0.7611229893478277
0.0,0.0427678858262459
0.0,0.30492077394087935
1.0,0.21830272825246136
0.0,0.19474252054974056
0.0,0.508597393571781
1.0,0.9449414470634785
0.0,0.05528292486200477
1.0,0.6864230522034082
0.0,0.5181533812822126
1.0,0.31673509595126237
0.0,0.21098133532257757
1.0,0.6912717243261822
0.0,0.19258116777266618
1.0,0.8255381993205052
1.0,0.8162633349579191
1.0,0.9039371859892815
0.0,0.28557449572068794
0.0,0.7106016814373202
0.0,0.46102222128199566
0.0,0.40357830432294667
1.0,0.7237889087945473
0.0,0.19099390412226638
0.0,0.2900519187314596
1.0,0.581841446861327
1.0,0.5381928420494709
1.0,0.7413440417710057
1.0,0.5922267872743916
0.0,0.7683235699117239
1.0,0.7980784104920848
0.0,0.12288213135010065
0.0,0.0076728980116096135
1.0,0.8059904594054863
1.0,0.9127659920738059
1.0,0.1690151666546959
1.0,0.7480478005094271
0.0,0.49468261137574976
0.0,0.04348277690872923
0.0,0.018980111984599264
1.0,0.4699905995350022
0.0,0.32738281044585993
0.0,0.07671926198892642
0.0,0.22605522268554612
0.0,0.44260441620749963
1.0,0.8911932603540043
1.0,0.8929424543861704
0.0,0.19511751557665352
0.0,0.040018399845532106
1.0,0.8882679632033785
1.0,0.357796720014559
0.0,0.28387699632905544
1.0,0.6866591790285942
0.0,0.0918641620227017
0.0,0.2231830316202002
1.0,0.9158226946020764
0.0,0.21564152337457498
0.0,0.19771499375106746
0.0,0.8630148516350141
0.0,0.11181744346241518
1.0,0.9291330706505555
0.0,0.11692601968815938
1.0,0.6181147985359099
0.0,0.12426054678388958
0.0,0.1884549261528487
0.0,0.7607531607367112
0.0,0.09329109109703951
1.0,0.5607555178689481
0.0,0.1437212026328864
1.0,0.3476453311970646
0.0,0.2516265571904146
0.0,0.6286859712991202
0.0,0.014284169881496117
1.0,0.6371699131589565
0.0,0.7550700483956678
1.0,0.9097591643073999
1.0,0.6775237892177058
0.0,0.6407089801614365
0.0,0.13683991627778053
1.0,0.09495148707474844
1.0,0.8727287582121163
0.0,0.6625030250520693
1.0,0.5869283911909629
0.0,0.13464091088685606
1.0,0.7365045289254833
0.0,0.3641386938482495
1.0,0.7919284330114598
1.0,0.0691944598619085
0.0,0.18088137345119887
0.0,0.27646610612136485
1.0,0.7707702169310658
1.0,0.9022031676665743
1.0,0.7024361903119226
0.0,0.04095036464380508
1.0,0.4430516414935795
0.0,0.939666437858494
1.0,0.6997787243746841
0.0,0.16761143973194031
0.0,0.5484038472802817
0.0,0.100524408854307
0.0,0.28709894753746884
0.0,0.13816047956625505
1.0,0.3201359061343683
0.0,0.1841710490364216
1.0,0.7620556391880443
0.0,0.06821819883865321
0.0,0.4716537498016698
0.0,0.14708171896881414
1.0,0.24352663030691737
1.0,0.9403328766107357
1.0,0.8598341729107872
0.0,0.4391372182767693
1.0,0.5108686809595195
0.0,0.936595564512521
0.0,0.3315921726100686
0.0,0.4805719123993928
0.0,0.06374230226602161
1.0,0.4201034128672406
0.0,0.2793889086094855
0.0,0.3124785892284089
0.0,0.07940440761628773
0.0,0.530390051273016
1.0,0.6358852589313033
1.0,0.9154065501715308
0.0,0.39576379606115775
0.0,0.25925041117407904
0.0,0.23545379134207706
0.0,0.47333353343522155
0.0,0.20857152132269494
0.0,0.13512761329974404
1.0,0.35847264227968606
0.0,0.8814735409501692
0.0,0.26315499701418416
1.0,0.6656262646904293
1.0,0.8682417207605034
1.0,0.7936722859831268
0.0,0.08687039168736926
0.0,0.7030232149646457
1.0,0.9004623808811649
0.0,0.0527146277690886
1.0,0.5417078534141068
1.0,0.7533320123830013
1.0,0.9001372104068087
1.0,0.7252456774815694
1.0,0.9293951355372061
0.0,0.33851213627055227
0.0,0.06415698882120056
1.0,0.7566593187548648
1.0,0.9319282894490455
1.0,0.6182871303421308
0.0,0.04020452892006248
0.0,0.5752452626755991
0.0,0.4041764239609521
0.0,0.6972777710643486
1.0,0.3858912086220293
1.0,0.7426061181442106
1.0,0.17659247569183395
1.0,0.4724153129376102
1.0,0.3983700209176435
0.0,0.6997852531238118
1.0,0.9178533350382303
1.0,0.7063139189242905
1.0,0.9459794811569004
0.0,0.5121576295194737
0.0,0.4975360201512172
0.0,0.04834788568144885
1.0,0.7965276471133793
0.0,0.20875902867691357
0.0,0.4808079615600719
1.0,0.5969446141862331
1.0,0.5830097134461136
0.0,0.7504697667258617
1.0,0.9349636148059203
1.0,0.729776745317697
0.0,0.12982187809400547
0.0,0.24428090651093237
1.0,0.550615456065192
0.0,0.22980664655846916
0.0,0.03380964885607085
0.0,0.29037821606502323
0.0,0.24650065509266725
0.0,0.6686983942135944
1.0,0.35919776763064437
0.0,0.536385022824902
1.0,0.5362433400613253
0.0,0.2331549310244061
0.0,0.10411131313952145
1.0,0.9265287558340927
0.0,0.22897652711636254
0.0,0.2620459430875246
0.0,0.10225857965020142
1.0,0.8233733094459827
1.0,0.431256023690223
0.0,0.43407239584587687
1.0,0.3544797241102251
0.0,0.08014504253735091
0.0,0.7061510428146468
0.0,0.1184414418801389
1.0,0.7969071202040213
1.0,0.9431284019162754
1.0,0.8629512515248186
0.0,0.2332037517628623
1.0,0.8133275184619455
0.0,0.6885010312290933
0.0,0.20501801781088963
1.0,0.2145108968207059
1.0,0.5556078600986041
0.0,0.10343790635419214
0.0,0.04145097712485954
1.0,0.7344692433653555
0.0,0.4109096001973474
1.0,0.8212515013940154
1.0,0.8857718354256573
1.0,0.7478912276250522
1.0,0.7170208271275602
1.0,0.9248423154860799
1.0,0.7108543586249174
0.0,0.3531341837939804
0.0,0.9120409148147319
0.0,0.6750416011019058
1.0,0.7433032155224331
1.0,0.7737237015740849
1.0,0.657654213091331
0.0,0.9198828584362163
1.0,0.49138839812361973
0.0,0.1903764032121631
1.0,0.7607693187050548
0.0,0.15874467344091872
0.0,0.579441785702456
1.0,0.6267785475863559
0.0,0.2856134269393847
1.0,0.7430713708245538
1.0,0.275595595421128
0.0,0.5693729763115053
1.0,0.6560679950722463
1.0,0.9654628711880313
0.0,0.10708561461748516
1.0,0.2689286335968256
0.0,0.7682007155838724
1.0,0.9268401810076667
0.0,0.38570468008954645
1.0,0.48643806063771927
1.0,0.7686628835186886
0.0,0.14748096326896037
1.0,0.33101810512532903
1.0,0.4978481614895208
0.0,0.5938895584543732
0.0,0.10367017015515616
0.0,0.05412681734725797
0.0,0.14753831667457779
1.0,0.5944302856786979
0.0,0.5866742132443789
0.0,0.16157506517351913
0.0,0.11898158832478478
1.0,0.6767724762246374
0.0,0.42620215408226264
1.0,0.13921735572147287
1.0,0.6348243700923957
1.0,0.7984282040017495
0.0,0.6953562290104705
1.0,0.4736449535591671
1.0,0.5423934963781117
0.0,0.9717722887204696
1.0,0.9580001168809635
0.0,0.7069148491341266
0.0,0.02375071542461924
0.0,0.2354371822631601
0.0,0.169282836475357
1.0,0.9584959477111425
1.0,0.5664924403478799
1.0,0.4406521332165834
0.0,0.948459393277067
1.0,0.8884680984315396
1.0,0.4482018086833133
1.0,0.545664349429868
0.0,0.7574036522593545
0.0,0.458075737906351
1.0,0.42597202168869225
1.0,0.602491166882414
0.0,0.2727068235405197
0.0,0.382543101070008
0.0,0.1617506134484444
0.0,0.11209336151920986
0.0,0.29896269549682325
0.0,0.5564705485195558
1.0,0.8700923230004006
1.0,0.8659947434007599
0.0,0.6503948389435418
0.0,0.7319623377501071
0.0,0.3879247735794254
1.0,0.9291277112198777
1.0,0.4592060765298326
0.0,0.4360852138202184
1.0,0.8126856136997429
1.0,0.28535578782086957
1.0,0.33542780025747876
1.0,0.6831556624216513
0.0,0.599540556439711
0.0,0.05146278673454217
0.0,0.1529554974613636
1.0,0.8928100586305163
0.0,0.34880687695642265
1.0,0.8967613859890664
0.0,0.4112658651396285
1.0,0.8230281717226667
0.0,0.414918214738021
0.0,0.842042325271722
0.0,0.4902183563212009
0.0,0.45775970306253794
1.0,0.7681498554678005
0.0,0.1184408581626812
0.0,0.12631954544977456
0.0,0.35215604220801566
0.0,0.7441746804149452
1.0,0.6208870581325663
1.0,0.537177070559658
0.0,0.44445569011651703
0.0,0.3191526462453385
1.0,0.8726855745755376
0.0,0.7163527929336208
1.0,0.8992326396737628
1.0,0.6276206467929889
1.0,0.8736419209903961
1.0,0.6198545312051975
0.0,0.5544200650508878
1.0,0.5698030057581916
1.0,0.956427534400947
1.0,0.714745281426859
1.0,0.6746798675614302
0.0,0.21194345995984226
0.0,0.884954292897195
1.0,0.8071650890602049
1.0,0.40280336667197636
1.0,0.5943394550768778
0.0,0.09511413378892589
0.0,0.07961722041567484
1.0,0.8267070438188939
1.0,0.8138345781491132
1.0,0.7154121824582924
1.0,0.6200830475399322
1.0,0.23506238400405505
1.0,0.8726319593731109
1.0,0.8482252685084776
0.0,0.3279162986815479
1.0,0.637225325085039
1.0,0.8245191546349716
1.0,0.6508453123467111
1.0,0.8803416920800915
1.0,0.9241726534671232
1.0,0.7594763833692708
1.0,0.0935010393538839
1.0,0.9152055260836669
0.0,0.026923790513541067
1.0,0.8688746669126557
0.0,0.5849193782944113
1.0,0.8351724334092608
0.0,0.5276178527418012
1.0,0.5849982912598588
1.0,0.7979466036041593
0.0,0.3886773892788522
1.0,0.474827836548639
1.0,0.8820661492668543
1.0,0.5731122610659503
1.0,0.732993204490979
0.0,0.6749389282010606
0.0,0.06642028840117566
0.0,0.6211898226308324
1.0,0.68761749196557
0.0,0.026935471017105563
1.0,0.8697779287350441
0.0,0.013341056554757291
0.0,0.582586516266779
1.0,0.27201914977452374
0.0,0.6964443377288585
0.0,0.6111723913274734
0.0,0.6735951159123769
1.0,0.6872948365781721
1.0,0.9016228759378999
0.0,0.03855433138530645
0.0,0.5778483337534256
0.0,0.40653551154989004
1.0,0.6674369348860723
1.0,0.2356233605390022
0.0,0.8879424239857876
1.0,0.9424121591105432
0.0,0.37957896802680596
0.0,0.0572104951763607
1.0,0.6473833571645315
0.0,0.08319620211261008
0.0,0.3831765252352103
0.0,0.5873507302720613
1.0,0.46897237878941356
0.0,0.4667225678048538
0.0,0.5334833914656526
1.0,0.6810020518468713
0.0,0.5452904715211915
1.0,0.7947966799969908
0.0,0.8355712474066683
1.0,0.9276588449826862
1.0,0.8991560487601429
0.0,0.37297291182056086
0.0,0.17060249001868844
1.0,0.8027598498810287
0.0,0.13608421603609833
0.0,0.24255473275243628
1.0,0.9413297273626586
0.0,0.4488943699219366
1.0,0.5860464075049366
1.0,0.6757576327437782
1.0,0.7580509285767977
0.0,0.7574624745774342
0.0,0.8848335937718541
1.0,0.25843842240024917
0.0,0.6965332368390212
1.0,0.5006182339484557
0.0,0.06385200725740985
0.0,0.4579749432253729
1.0,0.811612082577394
1.0,0.8597890578929703
0.0,0.16647945981868323
1.0,0.39520937616817275
1.0,0.4929811666005186
0.0,0.7545484311060336
1.0,0.8348518421248399
0.0,0.2176450116913023
1.0,0.54720991962275
0.0,0.6951045930639548
0.0,0.29366867705381916
0.0,0.4648787007527229
0.0,0.05739871617819255
0.0,0.46016776154471106
1.0,0.6496368981574255
0.0,0.20917759660431096
0.0,0.02276356029583775
0.0,0.03109080822579311
1.0,0.8387139589415785
0.0,0.046517471954377346
1.0,0.7154721242164477
0.0,0.120441988891583
0.0,0.6227263528330492
0.0,0.30344294063670924
0.0,0.5589381599202341
1.0,0.4050057830513052
0.0,0.1369772814400178
1.0,0.9252351163862285
0.0,0.2994769890051779
0.0,0.1612126472667172
0.0,0.054904433870759675
1.0,0.747399259674467
1.0,0.4216361700840744
1.0,0.7507196862279811
1.0,0.9148109702760058
1.0,0.7503053535743152
1.0,0.5066800438268759
1.0,0.1487009613139129
0.0,0.3032326344359353
0.0,0.02687711072888077
0.0,0.09750600149629596
1.0,0.7025186956363344
1.0,0.7920296428324093
0.0,0.4057064276834826
0.0,0.6767837664025071
1.0,0.282922665654681
1.0,0.4627946282996607
0.0,0.2783447194513379
0.0,0.16836088775813454
0.0,0.12875785984562874
0.0,0.47951270729816703
0.0,0.4014548683903043
1.0,0.741311878503932
0.0,0.7270404861596453
1.0,0.41467160956856164
1.0,0.8612319251348074
0.0,0.25211056092869005
1.0,0.6961603664788296
0.0,0.6831753080912362
1.0,0.7054494905623709
0.0,0.03553900724377369
0.0,0.39472969406880914
0.0,0.09251057110847212
1.0,0.883944247108416
1.0,0.8400761335482276
1.0,0.6449837240993481
0.0,0.09359811001342667
1.0,0.6142109197442605
1.0,0.8131236589024556
1.0,0.8593311058725226
1.0,0.31112907570805326
1.0,0.8976572137212198
1.0,0.6907660892031345
1.0,0.7631089359643153
0.0,0.18242893382537617
0.0,0.42916666490074445
1.0,0.6708246243590408
1.0,0.8130375065232608
0.0,0.14139606208592528
1.0,0.5913704040447201
1.0,0.43047987767546775
1.0,0.7236491466397628
1.0,0.2874385438934549
1.0,0.904831481481097
0.0,0.7571387606918852
1.0,0.42755745761894737
1.0,0.1459149989868416
1.0,0.4343114322227848
0.0,0.46685700393558804
0.0,0.15804516553195877
0.0,0.42488014848167605
0.0,0.08371409883155388
1.0,0.8011535901826188
0.0,0.0488480448825424
1.0,0.8391897138788968
0.0,0.633544132171005
0.0,0.3701814380575957
1.0,0.8837402430014804
1.0,0.7646359444639081
0.0,0.4507811462514656
1.0,0.8502344853598995
1.0,0.713333248175938
1.0,0.7678339186621388
1.0,0.810038662461416
1.0,0.9725045395661132
1.0,0.598364116279196
0.0,0.4733809368296815
0.0,0.04012605760463901
1.0,0.945441261321547
0.0,0.18636615020105946
1.0,0.9014780682848661
0.0,0.3853360932752449
1.0,0.8363339850745894
1.0,0.8383323442299384
1.0,0.8956388841706684
0.0,0.9025706654766539
1.0,0.3291071123967244
0.0,0.2820814331888201
1.0,0.877564418072596
0.0,0.26113391782345713
1.0,0.6688267076814801
0.0,0.4194878352148196
1.0,0.6881498014022305
0.0,0.8690311242768253
0.0,0.07032656948834629
1.0,0.6865790789841689
0.0,0.06196076750381374
0.0,0.5593569994626286
0.0,0.7544986242425017
1.0,0.053896055978419045
0.0,0.9193038927137323
1.0,0.22158216542244857
1.0,0.9073119910939875
1.0,0.739197760011944
1.0,0.8007609594128408
1.0,0.4610645514719427
0.0,0.8245140299827616
1.0,0.8299502746886848
1.0,0.7463835184864556
0.0,0.31429046338716454
1.0,0.4277773449655092
1.0,0.7207447315816017
0.0,0.0854236131106223
1.0,0.8596106891957603
0.0,0.3244483072156847
0.0,0.19959286924106115
1.0,0.9345412174302534
1.0,0.6962751325484
1.0,0.49875908197737406
0.0,0.10044496252676276
1.0,0.1582650774902569
1.0,0.8924128756423848
1.0,0.6298062054598363
1.0,0.6436302169876172
1.0,0.6578562644565835
0.0,0.566688419794638
1.0,0.3182760587604028
1.0,0.3731549450549679
1.0,0.9365336114343007
0.0,0.36305727568996626
0.0,0.8319085756893532
1.0,0.1138333565138244
1.0,0.8819942170826064
0.0,0.04278704505898003
1.0,0.6917091328688934
1.0,0.5481132090734012
1.0,0.8851252452756816
0.0,0.4764852655087889
0.0,0.04404860260853758
0.0,0.17630488760303406
0.0,0.15091771059142803
1.0,0.8985938093670344
0.0,0.14211537958299356
0.0,0.5752052278606724
0.0,0.4336803766560357
0.0,0.18737333443606796
0.0,0.07232929573667787
0.0,0.23496373098132955
0.0,0.6648718694612519
1.0,0.7612223312518227
1.0,0.7320617066434488
0.0,0.8609568414372222
0.0,0.12049647844738735
0.0,0.7646916620312143
0.0,0.6634545969912785
0.0,0.03541684237324796
1.0,0.9554415171331865
0.0,0.5815300889747983
1.0,0.4191273618894633
1.0,0.78111918082666
1.0,0.6967862094739745
0.0,0.0367382360339115
0.0,0.7010497235882254
1.0,0.23269474004040464
0.0,0.2478518553354756
1.0,0.16372661330502075
0.0,0.15614145901696658
0.0,0.5585849571374014
0.0,0.06596336478867501
0.0,0.1307502243007674
1.0,0.747356802670271
0.0,0.8121729781581954
1.0,0.655763743200778
0.0,0.5330467530583555
1.0,0.2274635917446583
0.0,0.7286029756810214
1.0,0.8399492307003227
1.0,0.6515734213799189
1.0,0.17331298863146333
1.0,0.7308331624587743
1.0,0.8938973890546172
1.0,0.9087743732332288
0.0,0.9256066639610309
0.0,0.8767080235159351
0.0,0.07473368594951117
0.0,0.07092569511950128
1.0,0.511437843036828
1.0,0.6756433672220792
1.0,0.6328695859235985
0.0,0.3589722011971225
0.0,0.05783327190427843
1.0,0.9092714762992606
0.0,0.2838129839870171
1.0,0.797819240027284
0.0,0.2401081924215481
1.0,0.9394555593543321
1.0,0.7708269755994304
1.0,0.7625849882423801
0.0,0.031219377636320843
0.0,0.47358903830198396
0.0,0.026243382923538987
1.0,0.25476063480184136
0.0,0.18000607758710785
0.0,0.45250214873464945
1.0,0.9532667301133582
0.0,0.22509657601655447
1.0,0.901779702549845
0.0,0.7055308860847108
0.0,0.38619667890418896
1.0,0.8215354569415567
0.0,0.11517208676259658
0.0,0.4719247238467397
1.0,0.7729530683597815
0.0,0.5333434638804362
0.0,0.12580838319705503
0.0,0.20710975200549592
1.0,0.2361215958237684
0.0,0.3804322194678812
1.0,0.5944043710321243
1.0,0.6602872132099306
1.0,0.4913188048512752
0.0,0.4282417096425692
0.0,0.20470708302722923
1.0,0.6885358279755411
0.0,0.2643521893201158
0.0,0.22808749316788757
1.0,0.583767314039996
0.0,0.6043568669024761
1.0,0.6340867207424459
1.0,0.8648633016008915
1.0,0.49937241904210977
0.0,0.7931647228541403
0.0,0.4617020190463358
0.0,0.1876703337431088
0.0,0.07427042793127818
0.0,0.40268876930784564
0.0,0.1473665848818858
1.0,0.8302938931142654
0.0,0.23558716367490534
0.0,0.3031006648559604
1.0,0.30678143436608135
1.0,0.7997092831986123
0.0,0.7558240854228744
1.0,0.5322579481751377
1.0,0.5203704170655971
1.0,0.27972298213489183
0.0,0.7868038711948127
1.0,0.7708790171936944
0.0,0.4037123625402422
1.0,0.8750538610786217
0.0,0.16842963955675833
1.0,0.8653633196727787
0.0,0.4082061116771434
0.0,0.09190991963580997
1.0,0.6281935371844419
1.0,0.45167478347075873
1.0,0.960750026621044
1.0,0.9269173862015503
0.0,0.12193580542860745
0.0,0.166567805742468
0.0,0.2693715755087874
1.0,0.31979512235140006
1.0,0.3297552093265239
1.0,0.8434468754159982
0.0,0.27420539056758975
0.0,0.0760100218920154
0.0,0.06291740259871115
1.0,0.8893987659893627
0.0,0.19916801566147824
1.0,0.3577488654289368
0.0,0.05062748951668775
0.0,0.221227701542154
1.0,0.6091697499147868
0.0,0.2834512421335277
1.0,0.6006072252245898
0.0,0.13768159198039745
1.0,0.5164438268035858
0.0,0.527012074369506
1.0,0.6104024211032291
1.0,0.3192879889338086
1.0,0.48596066471667604
1.0,0.8757470272935706
0.0,0.7541034607043893
1.0,0.18839114626984885
0.0,0.27814893447634104
0.0,0.5797039474604422
0.0,0.09460657502109351
0.0,0.31884038960434724
0.0,0.46099816222760576
0.0,0.6676826470104777
1.0,0.9656651112263758
0.0,0.39587885109175136
0.0,0.6542548401073366
0.0,0.3629473575902443
1.0,0.7610167826451015
1.0,0.8211242810804482
0.0,0.3907421845605154
0.0,0.10662741792797903
1.0,0.6151118754145926
0.0,0.0893743847751654
0.0,0.29921869931577105
0.0,0.8719309815054963
1.0,0.7138452192228975
1.0,0.8633223362973353
0.0,0.35401993139444504
1.0,0.8976443168727146
0.0,0.061648351123540966
1.0,0.7925468450906372
1.0,0.8923371436720664
1.0,0.8747290830107813
0.0,0.20560761681726838
0.0,0.36920287053084333
0.0,0.29876950786666934
0.0,0.28075669803655046
1.0,0.12296332391737815
0.0,0.22424172753699523
1.0,0.7234551220663412
1.0,0.7143571445139199
1.0,0.8369790606315284
0.0,0.1337132410428525
1.0,0.5087630241348641
0.0,0.1763926123644687
1.0,0.6431608194084175
0.0,0.0194460583429123
1.0,0.4952137482047353
1.0,0.42620722133408473
0.0,0.23928548076552225
0.0,0.5073022681842421
0.0,0.06466757915906163
1.0,0.3007924966046918
0.0,0.15444536445970242
1.0,0.030448448503416048
1.0,0.8059878808141926
0.0,0.62834630650836
0.0,0.4612759057292678
1.0,0.48206882517310834
0.0,0.5502288340928821
1.0,0.06449517429674109
0.0,0.07853478706705688
1.0,0.8508005564913965
1.0,0.7007181031760717
0.0,0.40121812452779454
1.0,0.7670101547522395
0.0,0.2818927688237228
1.0,0.8356177707414829
0.0,0.031031997263447852
1.0,0.7542292583561053
0.0,0.03308756815992052
0.0,0.8511096374567396
1.0,0.6669968123724681
1.0,0.4115122514562498
1.0,0.8735274848837964
0.0,0.28710636177045956
1.0,0.6061191791722248
0.0,0.5762952073926604
1.0,0.4532779502816515
0.0,0.139192478779652
1.0,0.6479214924384327
0.0,0.5742946121862957
0.0,0.3856008261746225
0.0,0.5837102327668007
0.0,0.8112716012994857
0.0,0.07856170135955273
1.0,0.689546035062453
0.0,0.35924262432120385
1.0,0.9136259218462669
0.0,0.03536872295675733
0.0,0.39144754377798857
1.0,0.9160613018222579
1.0,0.9235514204751967
1.0,0.19825385615508276
1.0,0.6108414662331944
1.0,0.7622905501232083
0.0,0.4347071496826006
1.0,0.781051340162663
0.0,0.16242078801028592
1.0,0.7094684493841499
0.0,0.5344473076081613
0.0,0.16925993340591403
1.0,0.7068628922733975
1.0,0.9055362273825818
1.0,0.8084023168593776
0.0,0.057003686666938745
1.0,0.8073408048228071
1.0,0.1099687078819382
0.0,0.6123310481392097
1.0,0.9237534405721199
0.0,0.6672704966055949
0.0,0.15026362329093795
0.0,0.7143048206398175
1.0,0.7750630856141276
0.0,0.04022029883648022
0.0,0.7628792257769942
1.0,0.733779431085303
1.0,0.8770505732423916
1.0,0.960142464396381
0.0,0.6763795824656306
1.0,0.6741796609990184
0.0,0.07928493510912606
0.0,0.16827026814270818
1.0,0.350588564478327
1.0,0.8467039231156621
0.0,0.15529398869800662
0.0,0.805472420855571
1.0,0.4914537700811771
1.0,0.8379592546695628
1.0,0.5117243910428604
0.0,0.03998966060538597
1.0,0.792770452352468
0.0,0.05277636483266297
0.0,0.39426891868130054
1.0,0.6467325272592717
1.0,0.3683373249359752
0.0,0.387902895054896
0.0,0.46327724313802243
1.0,0.8086554168146721
0.0,0.557458356863175
0.0,0.03369070873243126
1.0,0.9786066102845068
0.0,0.63220869292154
0.0,0.4080468564016411
0.0,0.6558162837290289
0.0,0.20962002650197348
0.0,0.8655036472255542
1.0,0.9016946593901972
1.0,0.5353515715244762
1.0,0.4100837997670207
1.0,0.9624414910278392
0.0,0.04305136953870261
1.0,0.912886504209158
1.0,0.48993465215590504
1.0,0.8970122398810334
1.0,0.7518189694269772
0.0,0.6186264636452733
1.0,0.5515860966432731
1.0,0.6116367463821575
1.0,0.7527511228999628
0.0,0.031501496975865885
1.0,0.40450243914071127
1.0,0.8710906320642458
1.0,0.871845661913406
0.0,0.24571897989004157
1.0,0.6312416301683031
0.0,0.3732500816444724
0.0,0.2720792700285861
0.0,0.4554823256266789
1.0,0.7886896103428157
0.0,0.06059811332186639
0.0,0.22838467841121185
0.0,0.09223266419509218
0.0,0.4496601005167962
1.0,0.8023142034082469
1.0,0.8671192067053181
0.0,0.060511237706325535
1.0,0.54148280273812
1.0,0.6156062877694488
1.0,0.3932596289450501
0.0,0.8514138981377062
0.0,0.5382096664753233
1.0,0.9617296657537413
0.0,0.16837859538337496
1.0,0.26160189261587163
0.0,0.23140071960224065
1.0,0.3704529228442769
0.0,0.21548036682427002
1.0,0.6186152074137271
0.0,0.3295706218997215
1.0,0.8780943999891596
0.0,0.3532128285125223
0.0,0.2804853169552918
1.0,0.605360683129032
0.0,0.1194539546696239
1.0,0.6355677519695588
1.0,0.3307206476534676
1.0,0.7967825251557029
0.0,0.06629228354021699
1.0,0.7761684142545717
0.0,0.39452064041667434
0.0,0.20691986337527749
1.0,0.6187582923469928
1.0,0.4340305326335264
1.0,0.4452591372308734
1.0,0.2704806297847929
1.0,0.5159078784295954
1.0,0.8660384879697103
0.0,0.707922986101216
1.0,0.272213830727849
1.0,0.8543877525311269
1.0,0.7362927049373965
1.0,0.23393200866461594
1.0,0.2752164943674501
0.0,0.7633847006043858
0.0,0.9324429736768085
0.0,0.14708171896881414
1.0,0.9279884129468376
0.0,0.058171726004407606
0.0,0.9029340111577564
0.0,0.12780492336788404
0.0,0.16365210150690784
1.0,0.7874052254308049
0.0,0.324466027077245
1.0,0.7919982657504481
1.0,0.8918347234366166
0.0,0.9057721650420373
1.0,0.40560181285934116
0.0,0.10751258620684423
1.0,0.6800163256362757
1.0,0.8953199681567654
1.0,0.1471045350822815
0.0,0.06270762601710081
0.0,0.560850769908319
0.0,0.41063022862837856
0.0,0.23800547682803214
0.0,0.6784514704853761
1.0,0.4666064878482864
0.0,0.5607111952460148
1.0,0.5557265075264417
1.0,0.9095792236212004
1.0,0.6661322270079141
1.0,0.6490609878807397
0.0,0.17809004172464243
0.0,0.05621096113463122
0.0,0.6528248664693408
0.0,0.49020308643155824
0.0,0.4667498749027734
1.0,0.8373669244702462
0.0,0.3093539642745149
0.0,0.3993484086456117
1.0,0.2593494210650235
1.0,0.7923802362404573
0.0,0.21846934388553976
0.0,0.11180946285072069
0.0,0.42378376862126466
0.0,0.5478459755063768
0.0,0.25893812114793835
1.0,0.7268603954759352
1.0,0.6593696031842138
1.0,0.798782145644532
1.0,0.2697982625370405
0.0,0.09590412358149139
0.0,0.17599335442505204
0.0,0.25222546859531586
1.0,0.6192132508514505
0.0,0.051506235433612976
0.0,0.2150009959719708
1.0,0.5106430797850144
0.0,0.7085569854530968
1.0,0.7350002785083525
1.0,0.3723678474243584
1.0,0.8245878450927991
1.0,0.6936127804666535
1.0,0.8288531942146411
0.0,0.03610100063580281
0.0,0.7815778471220163
1.0,0.8825883520322012
0.0,0.37120899489979303
1.0,0.5624812379696525
0.0,0.03577634212754692
0.0,0.038370803422180556
1.0,0.4315310471597137
1.0,0.22735710126326109
1.0,0.8420477522979282
1.0,0.7008985799782536
0.0,0.5708608711077587
0.0,0.663718259085948
1.0,0.18276981624935335
0.0,0.24594064179392688
1.0,0.906107333328575
1.0,0.6352236987784512
0.0,0.38775792663038366
1.0,0.41490119087531363
1.0,0.683998688160216
0.0,0.7178801394689108
0.0,0.42491255919449616
1.0,0.1697632512429203
0.0,0.0989023962254032
1.0,0.9124697648548041
0.0,0.09109741019346583
0.0,0.6790671239613696
1.0,0.8750425120599467
0.0,0.6220046948549103
1.0,0.6022022281626858
0.0,0.4607837185813078
1.0,0.5808543171235739
0.0,0.5136550332146369
0.0,0.2112468425043407
0.0,0.2596008394098772
1.0,0.5932289435156654
0.0,0.20432704085941422
0.0,0.3466882115776984
1.0,0.793048411536079
0.0,0.48215810906076195
1.0,0.46341633062998344
0.0,0.09885343177880984
1.0,0.7970313759060612
1.0,0.3848708398632884
1.0,0.8289356973318007
1.0,0.9177554078472161
0.0,0.3925244868331094
1.0,0.91604814891394
0.0,0.06901444498425699
0.0,0.7867811037541659
0.0,0.34300543059000843
1.0,0.2770401212596765
1.0,0.7238966809034273
0.0,0.4575295311277003
1.0,0.559449797802599
0.0,0.7094188346021749
0.0,0.4161593531941003
1.0,0.32639195971537494
1.0,0.25274174438543384
0.0,0.35318241511219794
0.0,0.21254495303953452
1.0,0.5924786712913456
1.0,0.7446543793333086
0.0,0.40910356901681555
1.0,0.06416294681097555
0.0,0.1624247754620621
0.0,0.4831189279430238
1.0,0.8439952626103115
1.0,0.8806395399904374
0.0,0.2843891832830093
1.0,0.4304310893339651
1.0,0.7202175230347672
0.0,0.04533490688977586
0.0,0.04124754601913293
0.0,0.9147627062970344
1.0,0.8092310031263992
1.0,0.7376046403644111
1.0,0.9066819155510529
1.0,0.8220043311948448
0.0,0.19903956457730101
0.0,0.056842860563975875
1.0,0.8266397300517732
0.0,0.14730197151206795
0.0,0.46001483232322915
1.0,0.9692382544927612
0.0,0.34542356978869826
0.0,0.5204963114807446
0.0,0.6888047821252454
0.0,0.06494387332403564
0.0,0.0988263168482914
1.0,0.8943695107755133
1.0,0.7876765062555604
0.0,0.07146675879435323
0.0,0.2759894960888337
1.0,0.9526928881171987
1.0,0.741628257771388
0.0,0.16000205646891605
0.0,0.11252100145681017
1.0,0.799931888537322
1.0,0.9417519257334359
1.0,0.7807162697313692
0.0,0.0986031326982429
0.0,0.48202676763907404
1.0,0.9402706425501938
0.0,0.1399010153707717
1.0,0.6723548449258305
1.0,0.7719910218680114
0.0,0.22531253349232266
0.0,0.5471471026156609
1.0,0.6412841921178306
1.0,0.9399881754159358
1.0,0.49363834651556476
0.0,0.08419551480587228
0.0,0.4445581972382106
0.0,0.03675970904702604
0.0,0.39113959603144305
1.0,0.16509164194316642
0.0,0.5171476819575858
0.0,0.19497025785950392
1.0,0.8328930902011324
1.0,0.6423903638676168
0.0,0.4067768808569848
1.0,0.9514375837529245
0.0,0.39158734585204014
0.0,0.5779795797011916
0.0,0.07549820374737684
1.0,0.6487829419509369
0.0,0.1639405278841392
0.0,0.013181896709740066
1.0,0.8867537533027334
1.0,0.4625803265303923
0.0,0.33355418309302787
1.0,0.7777183674352828
1.0,0.921357500502381
1.0,0.2701583963166084
0.0,0.12938569593201274
0.0,0.5936880797398468
1.0,0.8039377901012154
1.0,0.8713924511002752
1.0,0.5575107165829228
1.0,0.6100492152061339
0.0,0.5234453272284225
1.0,0.8153059054083022
0.0,0.3865083654374072
1.0,0.9576231694158739
1.0,0.18313307215088998
0.0,0.7762161637229401
0.0,0.8948221019915348
1.0,0.9551682845292773
1.0,0.7211640157901191
1.0,0.9117280050609701
1.0,0.7519870243038005
0.0,0.33504110705706236
1.0,0.16808109092256043
0.0,0.34603852036995075
0.0,0.10547439991308369
1.0,0.6221392758295605
0.0,0.21256863051479594
1.0,0.7531078328517307
1.0,0.6251837348937807
1.0,0.9278136997486671
0.0,0.16014265691903823
1.0,0.8311006924872709
0.0,0.8550258396758569
1.0,0.5812480976220196
0.0,0.02296619090932593
1.0,0.7354322944893454
0.0,0.7689021368092
1.0,0.7170611286439981
1.0,0.9533524049878557
1.0,0.5704898344558242
1.0,0.4174632005851907
0.0,0.5943182802279857
1.0,0.928109618483988
1.0,0.57410475878571
1.0,0.30072572145767323
0.0,0.5365540900368511
1.0,0.7767123929910565
1.0,0.7894853673139695
0.0,0.42316811048239006
0.0,0.09275304215774875
0.0,0.6997035484551402
1.0,0.49794662517053323
1.0,0.4801689129003803
0.0,0.06545609090925028
0.0,0.09424636474861675
0.0,0.0567665174398404
0.0,0.7006959935110657
0.0,0.2931060431280481
0.0,0.11105360061091529
0.0,0.646392568770443
1.0,0.6825903254348281
0.0,0.3330864948628227
1.0,0.8704611088001155
1.0,0.707225038025632
1.0,0.8158364131577933
0.0,0.05385698086229814
0.0,0.1002839066041697
1.0,0.6527882111915947
1.0,0.2770334036878371
1.0,0.4900433097336612
1.0,0.16003044899111707
1.0,0.6515250992743188
0.0,0.047261770750856455
1.0,0.3343945669281453
1.0,0.7709100605491367
0.0,0.0998017885318022
1.0,0.43481965502161524
1.0,0.5149859640002085
1.0,0.7682858325025864
0.0,0.17822712634304808
0.0,0.7702951306577376
1.0,0.7232336677078994
1.0,0.4924338538603785
0.0,0.5119071607467716
1.0,0.7517243237319842
1.0,0.10462030995644137
1.0,0.661722468296974
0.0,0.6696209803735064
1.0,0.576317175572274
1.0,0.7939608690119997
0.0,0.3126602403428115
0.0,0.3351124513547908
1.0,0.7036136416885176
0.0,0.06692218736349408
1.0,0.6958186096818055
0.0,0.0446981412319648
1.0,0.7837932022800373
0.0,0.2574554180540257
1.0,0.6638961643459671
0.0,0.5188368116918937
0.0,0.39178135033745937
1.0,0.8910866304737783
1.0,0.17765173753383562
1.0,0.8438215182202624
0.0,0.5393424094221014
1.0,0.9711341201995147
0.0,0.5023926631026929
0.0,0.6253838736400061
1.0,0.7136813854578596
0.0,0.3773992165985741
0.0,0.19764338515479268
0.0,0.8578740172985737
0.0,0.3158468634341341
1.0,0.4216923953207898
0.0,0.28071665165364496
1.0,0.9001263681920626
1.0,0.8928280276239556
1.0,0.5717266729797407
0.0,0.20000893506230405
1.0,0.4078603925101717
0.0,0.4188701179215199
1.0,0.41418126381625103
0.0,0.45482864092885056
1.0,0.9499564440285573
0.0,0.48687759386784774
0.0,0.3232669153359811
1.0,0.7843366570474972
1.0,0.9201355729161284
0.0,0.14727393207790193
0.0,0.36789574692673777
0.0,0.11507991372471667
0.0,0.509490053380466
1.0,0.5597816601465879
0.0,0.5669869070769739
1.0,0.6124255657003262
1.0,0.7237101041341193
0.0,0.022408676711692173
0.0,0.15593712805243126
1.0,0.30214329152205494
1.0,0.2898168391279121
1.0,0.7858791822770452
1.0,0.30406527137975436
0.0,0.46441413876414217
1.0,0.976104128386574
1.0,0.8030406581755198
1.0,0.6846601892887096
0.0,0.039165099794129146
1.0,0.7478108178583841
0.0,0.30033738736388293
0.0,0.8544841428074681
0.0,0.41638713344073625
1.0,0.6257304305703084
0.0,0.05200832373782484
0.0,0.09171250092973446
0.0,0.7257385555613542
1.0,0.524058650491725
1.0,0.9673386532502335
1.0,0.9426758379003408
0.0,0.604264618397606
0.0,0.6969640148729102
1.0,0.585318775346513
1.0,0.1406029193462204
1.0,0.5837862807602221
0.0,0.5468122596192077
1.0,0.38312061797216573
0.0,0.19133446985586153
1.0,0.905546484488174
1.0,0.7533627392883865
0.0,0.10369107921562519
0.0,0.16124354312182845
0.0,0.0735639272438104
1.0,0.6036007314110772
1.0,0.8077629582066053
1.0,0.7278807613415356
1.0,0.1538574533548673
0.0,0.1580076639153582
1.0,0.7098636336963373
1.0,0.6088536464703002
1.0,0.37627908024832213
0.0,0.8768634621098634
1.0,0.6023130458011098
0.0,0.46842881443588497
1.0,0.8388532723353735
0.0,0.2928428780848125
1.0,0.32335252257883274
0.0,0.8649662488823224
1.0,0.8608890992676894
0.0,0.1320568780898846
1.0,0.8836359429458982
0.0,0.8996206680741317
0.0,0.14739452596564173
0.0,0.04626437909737382
0.0,0.5929052261777467
0.0,0.5145559387565719
0.0,0.2987186177463287
1.0,0.6325995581119537
1.0,0.8300862142385798
1.0,0.49919168985774565
1.0,0.6062187202701013
0.0,0.3618946236656731
1.0,0.8265310623417964
0.0,0.5131405067872347
0.0,0.3391065863893258
0.0,0.12583955577729572
0.0,0.03503484164484831
0.0,0.07377009730987819
0.0,0.40409614134305594
0.0,0.642539786082887
1.0,0.9418539407383424
1.0,0.6946421746489447
0.0,0.2864177815911391
1.0,0.7624108029031539
1.0,0.239304443653874
1.0,0.3165816532964049
1.0,0.9549656377043236
0.0,0.784864192066586
0.0,0.2779539258953417
1.0,0.897112342245101
1.0,0.6126254559705427
0.0,0.027168916860763986
0.0,0.08490732246625196
1.0,0.6042851413440178
0.0,0.16000099344409457
1.0,0.7027088793016745
1.0,0.46313427592386364
0.0,0.6891829188602479
1.0,0.3744951249857892
0.0,0.7217695638751237
0.0,0.5105795183903281
0.0,0.26883588014138343
1.0,0.5481274616402144
1.0,0.4830461891699779
1.0,0.7395349823684592
0.0,0.08770184576085893
0.0,0.16085126531545987
0.0,0.9086152842246568
0.0,0.03798473341783445
0.0,0.7367857549695231
1.0,0.40301602423516236
1.0,0.7419276410737669
0.0,0.21194580773882743
0.0,0.3021862525800768
0.0,0.13560558628902525
0.0,0.19423338131868947
1.0,0.4076007182564917
0.0,0.2907355817794375
1.0,0.44293461099386133
1.0,0.8821259749255658
1.0,0.5258700025107621
0.0,0.24962459920185154
0.0,0.7643847400800713
0.0,0.4697744107100312
0.0,0.4776975929679386
1.0,0.4726953925756134
1.0,0.7754113135576689
1.0,0.6009695415588265
1.0,0.896880086223703
1.0,0.7605744821647671
0.0,0.7660665201425294
1.0,0.29258216398473713
0.0,0.36974368465506113
0.0,0.33080539308625917
0.0,0.2487624168144258
1.0,0.7615819939888954
0.0,0.7229936730664968
0.0,0.035665608550199554
1.0,0.8199223348742907
0.0,0.22014106075613146
0.0,0.6099655076196264
0.0,0.09967100420551497
0.0,0.03251741174373471
0.0,0.027329530688932957
0.0,0.2661710501175315
1.0,0.707694182991462
1.0,0.7591170592879594
0.0,0.26618364048431065
0.0,0.17594127729003017
1.0,0.971477150766448
1.0,0.8596088802569332
0.0,0.12596094361413318
