Actual,Predicted_Prob
1.0,0.967537476103313
0.0,0.8383266079132442
1.0,0.6452023375707739
0.0,0.04603920594328606
1.0,0.7078530872667835
0.0,0.8518687800557131
1.0,0.5964383434861898
1.0,0.8865789514030815
1.0,0.5195870452040194
0.0,0.52230931039838
1.0,0.6926469351592871
1.0,0.682392281633639
1.0,0.9303312154946333
1.0,0.1704192513165499
1.0,0.9388256146568713
1.0,0.5276739781354342
0.0,0.4326002590181892
0.0,0.10440438028842136
1.0,0.5737398866255797
1.0,0.8864147979942513
0.0,0.5608075686588514
1.0,0.9527221662247205
0.0,0.6039902747772267
0.0,0.5971746371048621
0.0,0.8959303133748728
1.0,0.4578895631400067
0.0,0.5401859073169396
0.0,0.59792135740292
1.0,0.6105253833330854
1.0,0.38740301161494545
0.0,0.40351878987496814
1.0,0.32756028323799485
1.0,0.6090320092406147
1.0,0.7087716779695362
1.0,0.5117952337809824
1.0,0.9718480144584022
0.0,0.18159096569840089
0.0,0.07948510007066174
1.0,0.9223748175926085
0.0,0.4164501291454343
1.0,0.5643894709678722
1.0,0.9487138465391485
0.0,0.5765538436839078
0.0,0.8204937209527502
1.0,0.7409293869395646
1.0,0.8996657508990467
0.0,0.3348197674551487
1.0,0.614091097606262
1.0,0.8415947574430032
0.0,0.9473689577386101
1.0,0.1798427549517692
1.0,0.8460534337395145
1.0,0.7913722157985508
1.0,0.6812253462475701
1.0,0.7417166560450371
1.0,0.40731505100251436
0.0,0.06061587832979854
1.0,0.6171591591319928
0.0,0.67663981389526
1.0,0.8857511652043418
1.0,0.577937902226154
0.0,0.09204325337521801
0.0,0.11277530816675103
1.0,0.6291047491343918
0.0,0.5763749433373575
1.0,0.46573824083177534
0.0,0.1410671171973815
0.0,0.6863362588666828
1.0,0.8600244830676389
1.0,0.836529476553232
0.0,0.1012272387647485
1.0,0.5809307610998686
1.0,0.8089044717859974
0.0,0.13598681684306693
1.0,0.5308729033096433
0.0,0.7363147852542447
1.0,0.5494317941784378
1.0,0.7631469692528021
1.0,0.617586205499234
1.0,0.8334361881675244
1.0,0.7817176207690347
0.0,0.7987346434118752
1.0,0.9462573086027066
0.0,0.03977449540824932
1.0,0.5748416969639066
0.0,0.5650829905360325
1.0,0.8468040037683034
0.0,0.1665235168060309
0.0,0.039071976879065905
1.0,0.3040385964697746
0.0,0.5329084611281328
1.0,0.9396716123048925
0.0,0.1962694575557253
0.0,0.0492529545591982
0.0,0.27584560904891847
0.0,0.11173342694765596
1.0,0.09848511964478164
1.0,0.4923270096276599
0.0,0.10024677196819247
0.0,0.05136730048504609
1.0,0.8126783609971453
0.0,0.4483028000404775
1.0,0.5868871437762092
0.0,0.20383425656441098
1.0,0.7039402965345087
1.0,0.770215129107769
1.0,0.21178189277084888
1.0,0.8958611615573903
0.0,0.7968194897069477
1.0,0.25995778869755354
1.0,0.841037025023904
0.0,0.1392217884722699
0.0,0.5119024257366558
1.0,0.7756884909290667
1.0,0.5470679171405899
1.0,0.8177644037142413
0.0,0.0995970367865325
1.0,0.3844487783805791
1.0,0.6999442884125314
0.0,0.09986713405708117
0.0,0.3823527615639862
1.0,0.9170789349805235
0.0,0.12974289929876406
1.0,0.4975007679203968
1.0,0.9383550224396524
0.0,0.40435339714086266
1.0,0.7976654046772382
0.0,0.2672523164042444
1.0,0.6839735733873205
0.0,0.6098270238497973
0.0,0.6228685828316196
0.0,0.26245147802716906
0.0,0.2765887153035722
0.0,0.09558206909014642
0.0,0.13576283952553253
0.0,0.09007177925207453
1.0,0.6667263925804835
0.0,0.31327190402959915
1.0,0.7049599315903816
0.0,0.2947014741651089
1.0,0.8253044013358614
1.0,0.710412713060229
1.0,0.7871054903363618
1.0,0.16226694016125304
0.0,0.11668843409394583
1.0,0.9545953818125327
1.0,0.644344168882173
1.0,0.8207036878121069
1.0,0.7303387304725648
1.0,0.5234380677990809
0.0,0.1780520355968779
0.0,0.4465174932200903
0.0,0.1800221080946025
0.0,0.5751645524562514
1.0,0.6754671467141211
0.0,0.4549297644989256
0.0,0.05516215468354101
1.0,0.5429292816529965
1.0,0.7806452513105342
1.0,0.44429041707600725
1.0,0.9243463439671267
0.0,0.11451571774672972
1.0,0.18664841829977302
1.0,0.9627303441893988
1.0,0.885520049650366
1.0,0.7466569702502058
0.0,0.5069916988864077
1.0,0.8669337767676122
1.0,0.7081088398237309
0.0,0.26615586919017586
1.0,0.7810467605682586
1.0,0.17477928216815947
0.0,0.18921166653238605
1.0,0.5962938442279923
0.0,0.4606893131333231
1.0,0.40147059498093207
1.0,0.6917484268887047
0.0,0.05074820094287197
0.0,0.11304806451575325
0.0,0.12069026482105605
1.0,0.48521486151558846
0.0,0.8182795459270451
1.0,0.34526821581292266
1.0,0.6984186234315318
1.0,0.7430034540153769
1.0,0.7071086298679133
0.0,0.08999699870119755
1.0,0.5765458704334535
0.0,0.5636277962540927
0.0,0.454471588394943
0.0,0.1202408693983635
0.0,0.6628370279134215
0.0,0.15263665195506693
1.0,0.744793799235955
1.0,0.9135828124098865
1.0,0.9737467141413864
1.0,0.6415304583459769
1.0,0.7339403560519878
1.0,0.9214915430089106
1.0,0.4744410677415986
1.0,0.8035399076615958
0.0,0.017594513980255234
1.0,0.6504498054995647
1.0,0.7446805750846851
1.0,0.6973574186713473
1.0,0.08357019189795463
1.0,0.3039751666804681
1.0,0.7878411807683737
1.0,0.6460530227349326
0.0,0.25879313752136157
1.0,0.6853526037026325
1.0,0.8934955532765312
0.0,0.041792451587224125
1.0,0.8020645898767091
0.0,0.4134318132074804
1.0,0.6795332049265398
0.0,0.2305127416749498
0.0,0.23298399103422152
1.0,0.6643248523954733
0.0,0.2191762134181856
1.0,0.32488764424953076
1.0,0.8217805898571812
0.0,0.08036046735953715
0.0,0.1963503106328858
1.0,0.7962360356341246
0.0,0.44152506542346753
0.0,0.17855969833561816
1.0,0.8413592669722048
0.0,0.21782971466037954
1.0,0.5444831971578507
0.0,0.5124757795578183
0.0,0.23509198819257326
1.0,0.465908460721463
0.0,0.5500042579397678
1.0,0.28476391435108206
0.0,0.1866388938452422
1.0,0.856454015439185
1.0,0.8301536784971624
1.0,0.8709567061701261
1.0,0.21288883749175092
1.0,0.32905479169603125
0.0,0.4342246132382444
0.0,0.03231554250180481
0.0,0.17405350198639485
1.0,0.7919973114028052
1.0,0.6335316012885622
1.0,0.7795887287113956
1.0,0.849013231516133
1.0,0.5986654913276495
1.0,0.7768505919066097
1.0,0.8716857493385834
0.0,0.07538715013232107
1.0,0.8936861210931156
1.0,0.882136580604822
1.0,0.24984955801304157
1.0,0.6690668955839929
0.0,0.7662854394314492
1.0,0.9720624109640127
1.0,0.5316908060804075
1.0,0.6034947172944007
0.0,0.507928416316613
0.0,0.5988545041227634
1.0,0.21881528655836607
1.0,0.834371428568286
1.0,0.35786011191587275
1.0,0.8049152871584992
1.0,0.7648194859114971
1.0,0.5077576008853872
1.0,0.8042746960568671
1.0,0.393416430234695
1.0,0.4818612115851568
1.0,0.714258204759909
0.0,0.7846535010953897
1.0,0.26503250142375007
0.0,0.03856528872554662
1.0,0.6779637994012334
0.0,0.13102655467624477
1.0,0.44989680197348014
0.0,0.20740136906766213
0.0,0.3714338649900745
1.0,0.7683415065561708
1.0,0.7949079183407923
1.0,0.2041515533179214
1.0,0.9198895105437528
1.0,0.23402401221806582
0.0,0.1252412435134995
1.0,0.7462874814580293
0.0,0.5518053280787487
1.0,0.9406424580149005
0.0,0.11522886622842674
0.0,0.7720019317203685
1.0,0.40138335945603393
1.0,0.7982685166791257
0.0,0.930731289018144
1.0,0.19062770936265253
0.0,0.20545145258930098
1.0,0.5025803928469311
0.0,0.2571360026254603
1.0,0.9348873796297593
1.0,0.7923023108852596
1.0,0.541785611155295
0.0,0.05941000542507297
1.0,0.7351230032482483
1.0,0.7763300774432872
0.0,0.5156873350406888
0.0,0.11131744010400581
0.0,0.0828894211813123
0.0,0.5717305454689915
1.0,0.5908685190705715
0.0,0.017706595871881614
1.0,0.8397759768149226
0.0,0.7780192562496391
1.0,0.8186441861869101
0.0,0.8281114681733717
1.0,0.8568987205770221
0.0,0.1504000752534111
1.0,0.7015165102346222
0.0,0.05049376152159686
1.0,0.836916393935483
0.0,0.6003033089974739
0.0,0.19890893416865593
0.0,0.10450787782201482
0.0,0.20232096167582334
1.0,0.7656582185645318
0.0,0.8036040095996224
0.0,0.12524727150643045
1.0,0.9304955400464281
1.0,0.3084561571135561
1.0,0.6679163322809196
1.0,0.9146642628277204
0.0,0.48602942192896675
0.0,0.42484773141742926
0.0,0.24833896417472812
1.0,0.6948579094453747
0.0,0.5419050592387825
0.0,0.5061737286801723
0.0,0.10247463859789525
0.0,0.07709676753363656
1.0,0.44748448452801204
0.0,0.08011464071908175
1.0,0.7020259352951994
1.0,0.856221330260727
1.0,0.8376310240344397
1.0,0.7569656382614577
1.0,0.8001239434876924
1.0,0.6938255485083228
1.0,0.8205122316746972
0.0,0.5822304710887409
1.0,0.5916125719378357
1.0,0.39064396452965483
1.0,0.7393959043858477
1.0,0.8515358262175338
1.0,0.742499755527698
0.0,0.041791879560015295
0.0,0.10589571944190533
1.0,0.8939340144505532
1.0,0.4815440714885812
1.0,0.9516576438025709
1.0,0.5798736352447637
0.0,0.797196293682591
1.0,0.07142562666021522
1.0,0.8903666882644696
0.0,0.12657076702898878
0.0,0.5910819395497189
1.0,0.8440693697409068
1.0,0.4440172203122931
1.0,0.530182217348174
1.0,0.89503273890899
0.0,0.23442310258553925
1.0,0.5937606974706241
0.0,0.8675608723608661
1.0,0.5941696335252166
0.0,0.13416584256106456
1.0,0.5630055234099992
1.0,0.4367263231282247
1.0,0.6289036335649828
0.0,0.03204444394384181
1.0,0.5995352901635044
1.0,0.9405366510289684
0.0,0.306421892776035
1.0,0.3548025247395598
1.0,0.8561134394226493
1.0,0.8660624183159041
1.0,0.7201850886623888
0.0,0.09534619784655589
0.0,0.05285478864773378
1.0,0.894513537112031
0.0,0.3890512330145395
1.0,0.6095799991472693
0.0,0.06658108599983716
1.0,0.7120081340621627
1.0,0.6733427089196836
1.0,0.6392941657603579
0.0,0.7031918531617636
1.0,0.7211977327960221
0.0,0.22095262496690352
0.0,0.05804968546275567
0.0,0.3368384134999844
1.0,0.922964722879303
0.0,0.049555823312022435
0.0,0.14638733926642067
1.0,0.768393767729593
0.0,0.18416727133768637
0.0,0.10847653945618131
0.0,0.3877470356814734
0.0,0.033564205029385334
0.0,0.2682199839641228
0.0,0.10660540567347361
1.0,0.9100291194041586
0.0,0.5263850742345713
1.0,0.5974975848477525
1.0,0.8531749411105267
1.0,0.5256224831081584
0.0,0.1404492278054593
0.0,0.14834292320828504
1.0,0.7843589712041223
0.0,0.9879998081192317
0.0,0.3568568441238726
1.0,0.7287208614889724
0.0,0.16490131563459287
0.0,0.38418164642117686
0.0,0.1752794466480325
1.0,0.9441058624749403
0.0,0.2168483882208065
0.0,0.02281897738167454
1.0,0.6476463335636629
1.0,0.8061799624497115
0.0,0.4985116422750302
0.0,0.258810659202951
0.0,0.21246602635867212
1.0,0.3907652207874099
1.0,0.8621285865714975
1.0,0.5955922180133667
1.0,0.7752680799045808
1.0,0.17160311480970106
0.0,0.1801704117635742
0.0,0.13600834002204842
0.0,0.7851537028077844
0.0,0.4641547679322482
1.0,0.9273041825769863
0.0,0.23717494225804742
0.0,0.5645475069840749
1.0,0.9086216792407219
0.0,0.02759445598169081
1.0,0.3085342941013765
0.0,0.7835758985739847
0.0,0.5906137688435422
0.0,0.7200409459298269
0.0,0.5538025469521823
1.0,0.6021255595894742
0.0,0.07952644363008406
1.0,0.6740264580662779
1.0,0.7515849750077488
1.0,0.8971018050422139
0.0,0.8488423904471928
0.0,0.4147194067210411
0.0,0.04958945157864683
1.0,0.7104588065773221
0.0,0.6808914692299058
1.0,0.8786389300367263
1.0,0.4144459295511818
1.0,0.7354207725050128
0.0,0.1855952057667809
1.0,0.9312520610521126
1.0,0.7374431183123847
0.0,0.33319746252438487
1.0,0.8107816104756058
1.0,0.23975602500063473
0.0,0.6979590865499914
1.0,0.9215701820138626
0.0,0.6394086084430683
0.0,0.12132397435543099
0.0,0.4671783091970284
0.0,0.05871776453432336
0.0,0.19324689706445045
1.0,0.6110388103715106
1.0,0.5861078313305488
0.0,0.36591006144562926
0.0,0.542002992493798
0.0,0.14105661043844583
1.0,0.7428247361989735
1.0,0.8598409725199286
1.0,0.845299248046072
1.0,0.3789842796172741
1.0,0.9283026755898635
1.0,0.821284811562634
0.0,0.07694350154330427
1.0,0.6983657773114698
0.0,0.5527740695619887
1.0,0.2580485447551245
1.0,0.7115162813814954
0.0,0.1899887519867221
0.0,0.46872443080807485
1.0,0.3478110823433976
0.0,0.5300490922211525
0.0,0.8132634987343481
0.0,0.2521921792816875
1.0,0.42819154184347746
0.0,0.13179592685204064
0.0,0.46419229573078846
1.0,0.31046438102003665
1.0,0.4299132656172778
0.0,0.2895404673940859
0.0,0.1421737512706635
1.0,0.8529576435467573
1.0,0.3858157122372087
0.0,0.33800691836071634
1.0,0.7434085022824685
1.0,0.47336027156703336
1.0,0.768549448998237
1.0,0.8115326214559531
0.0,0.1918080553616326
1.0,0.38281598857665156
0.0,0.5534300130135751
1.0,0.8066765685956319
0.0,0.15373468155268893
0.0,0.2119650848597935
1.0,0.6964775409727197
1.0,0.8709667172892807
1.0,0.4893969796966155
1.0,0.966580532310578
0.0,0.7523223008707778
1.0,0.8216505077406444
0.0,0.7107026067541415
1.0,0.8585484477441965
1.0,0.645173309097728
1.0,0.6027866981639448
1.0,0.7870122998395289
0.0,0.06278494886895981
1.0,0.9436626680584942
0.0,0.10580324164317091
0.0,0.1255815716422446
1.0,0.3045469730772245
1.0,0.4941601312450178
1.0,0.6974117560407904
0.0,0.15939160348441125
1.0,0.9194112167019205
0.0,0.3841856092119942
1.0,0.930272772589106
1.0,0.7254612201931949
0.0,0.3199397314427129
1.0,0.41385756347073804
0.0,0.26371015021321875
0.0,0.28442592773928255
1.0,0.794303976989157
1.0,0.5416733354641488
1.0,0.8956742078742053
1.0,0.36257847268999893
0.0,0.4262419626419314
1.0,0.8852721307926127
0.0,0.018450090589182615
0.0,0.4486878402998655
1.0,0.27547230856304156
1.0,0.4858674904626387
1.0,0.3567808115024237
1.0,0.49913738302560823
1.0,0.7697229405010422
1.0,0.6239103165230812
0.0,0.1904731430584994
0.0,0.19609646082418294
0.0,0.35728201902126316
1.0,0.4801996407515353
1.0,0.8635790656346641
1.0,0.9460171666667834
0.0,0.20157650860184986
0.0,0.8120401252480806
0.0,0.18501542283648229
0.0,0.05737770139223309
1.0,0.7096185222013887
0.0,0.4713570828268679
1.0,0.777594593339214
1.0,0.5900296144571013
0.0,0.26177452991601663
1.0,0.5040181267159992
0.0,0.5252157435672941
0.0,0.02410182340718825
1.0,0.9331991356980182
1.0,0.9347181606743419
1.0,0.8297647929721947
0.0,0.688712987306792
0.0,0.4956893588612765
1.0,0.5350861434140175
1.0,0.9514486952117542
0.0,0.1641554888661617
0.0,0.12065016518145859
0.0,0.021161309781188707
1.0,0.9677675506578305
0.0,0.11513497202376438
1.0,0.4488180142321897
1.0,0.6951902747408994
1.0,0.8869852477408535
1.0,0.4168800456536059
1.0,0.6436534133680987
1.0,0.3982335069084804
0.0,0.32214368482287037
0.0,0.5539785533489766
1.0,0.7805960481311895
1.0,0.1699922265465976
0.0,0.7435637421429989
0.0,0.4577251402423246
0.0,0.26674379311472024
0.0,0.65522852081382
1.0,0.21397412937833318
0.0,0.03723816120053247
0.0,0.525337872763894
1.0,0.7538517304076475
0.0,0.07414371913641123
1.0,0.2401865807671249
0.0,0.046242322778514144
1.0,0.9313462773947055
1.0,0.3845068760076714
1.0,0.5926938044937622
1.0,0.8512200463769096
0.0,0.3635221047367888
1.0,0.6071641019981078
1.0,0.6129133070224427
1.0,0.6457088557813205
1.0,0.8953070036360669
0.0,0.3413301429415712
1.0,0.605001329949099
1.0,0.7356099522570609
0.0,0.18649795746780523
1.0,0.8143719236568103
0.0,0.36184013118690295
1.0,0.2057846818385621
1.0,0.6081471371866388
0.0,0.10412926944090273
0.0,0.013931083016405135
1.0,0.613366158776623
1.0,0.2564203338250878
1.0,0.7185816165269013
1.0,0.3236979602400301
1.0,0.6916273714354588
1.0,0.2056552055689014
1.0,0.5971639648437802
0.0,0.6970437274392248
1.0,0.25843245298597434
0.0,0.6280896835179223
0.0,0.879390922694802
0.0,0.7166724718760032
0.0,0.32893834384804993
1.0,0.9546868280544493
1.0,0.8271994215253615
1.0,0.421976601930658
0.0,0.38742621021737406
0.0,0.13302637969662084
1.0,0.43588641361905506
1.0,0.7223177674025182
0.0,0.7001816292695939
0.0,0.21653091025505347
0.0,0.061078275563440886
0.0,0.609603145815662
0.0,0.47875144274142434
0.0,0.07167183933157482
0.0,0.20388277987208064
1.0,0.9010021210354852
0.0,0.2509239967466927
1.0,0.7722590224084135
1.0,0.9080512515329455
1.0,0.5928902501697209
0.0,0.7712674329889095
0.0,0.11428231407634487
1.0,0.6830797369910727
0.0,0.10996524210069429
1.0,0.8093022628331566
1.0,0.7063785479153941
0.0,0.09503526636010876
1.0,0.28757508764625667
0.0,0.15063922637092006
0.0,0.17279061289776287
0.0,0.05458861238996523
0.0,0.8341400790128611
0.0,0.645452811840937
1.0,0.532121659198105
1.0,0.33589536717388957
0.0,0.5800742872622539
1.0,0.6136257384755629
0.0,0.5710703772231748
0.0,0.13908528227623104
0.0,0.4689848844976652
1.0,0.6783922085824742
0.0,0.09469155004553682
0.0,0.07177413151497015
0.0,0.41926385543803285
0.0,0.24409052818357835
1.0,0.618001501736596
1.0,0.8284606417503482
1.0,0.9099747541479608
1.0,0.7378449116122294
1.0,0.6053590770488805
1.0,0.5519856344081588
1.0,0.5010006088245533
0.0,0.38285891144151857
1.0,0.4842884655304074
0.0,0.08258221849636761
0.0,0.30186117151553354
0.0,0.630990052864293
1.0,0.7376099609814979
0.0,0.300706802193385
0.0,0.038014751349064985
0.0,0.32420025409691966
1.0,0.9374798120829767
1.0,0.5916372017708853
1.0,0.8070923877748665
1.0,0.33295651926941233
0.0,0.2429083390339531
0.0,0.21893030152856957
0.0,0.13048761952975627
1.0,0.8898209322255671
1.0,0.8992115948431828
1.0,0.6114016659484833
0.0,0.1302984952574811
0.0,0.13562407876519184
1.0,0.483015395470812
1.0,0.6799446805653727
1.0,0.5526844856896777
1.0,0.9429510904140701
0.0,0.22755565337711023
0.0,0.6149861124938198
0.0,0.1099992412989807
0.0,0.08009341088503115
1.0,0.5590148180890933
0.0,0.01750010626337722
0.0,0.11420704049328016
0.0,0.12939860669520134
0.0,0.2942467824963095
1.0,0.3899882647595764
1.0,0.5816629502140515
1.0,0.9530682073749006
0.0,0.5107047364299887
0.0,0.532307711907868
0.0,0.05382919042366518
1.0,0.836609033061615
1.0,0.7636135690290163
0.0,0.38010831092318875
1.0,0.695264061567094
1.0,0.6547686146284312
1.0,0.22886558755257425
1.0,0.4943953074870697
0.0,0.8682016803242311
1.0,0.6431113731840646
1.0,0.14943773641818697
1.0,0.9370090570121784
0.0,0.06165617622828055
1.0,0.34157284172703245
1.0,0.5373624101850029
1.0,0.9068416169786845
1.0,0.5366784259326229
1.0,0.5021272712306634
1.0,0.1720618878226177
1.0,0.11509730116196822
0.0,0.8240957081935654
1.0,0.6530316542606015
0.0,0.2793248729519365
0.0,0.2110200360116821
1.0,0.5710279219437053
1.0,0.8223684988257499
1.0,0.37716632539214373
0.0,0.22883852884841327
1.0,0.57453348967215
0.0,0.3333247901361829
1.0,0.5360406914349238
1.0,0.47398319195842525
1.0,0.266312847146766
1.0,0.5366313191341678
1.0,0.9325693027157402
1.0,0.1965925197839032
0.0,0.3689207153755406
0.0,0.6033654710987126
0.0,0.30323318348460404
1.0,0.4464001983215742
1.0,0.8540697734379643
0.0,0.4814777406237479
0.0,0.0663793667494275
1.0,0.826508633304602
0.0,0.18011607951513586
1.0,0.7828959702280782
1.0,0.574626072032913
0.0,0.6556888847760335
1.0,0.7970988943003842
0.0,0.41058294475065055
0.0,0.5863867665026533
1.0,0.9080661719962302
0.0,0.4771854872083759
0.0,0.6379717932575403
1.0,0.7860677704637858
0.0,0.2742788614926754
0.0,0.02038940787647222
0.0,0.45161200015777525
1.0,0.9407636484455385
0.0,0.15597150601510118
0.0,0.5115949648384752
1.0,0.2656514000209545
1.0,0.5683796436632804
1.0,0.8525841314693339
1.0,0.8079594520179227
0.0,0.42731210210060816
1.0,0.9254755908585216
1.0,0.43796476820765107
1.0,0.5568613464824465
0.0,0.6934791669322513
0.0,0.49117353132473884
0.0,0.3615411494550884
0.0,0.12579425092731217
1.0,0.8752440568737527
0.0,0.2386400671994598
1.0,0.6054909667830292
1.0,0.661841257221901
0.0,0.15804488318490828
1.0,0.8016428771406666
0.0,0.04458107705706458
0.0,0.1994155773889585
0.0,0.8689958748305653
1.0,0.8572511101796016
0.0,0.21360593242227863
1.0,0.8330226861041731
1.0,0.8245298085786047
1.0,0.053003347218383935
0.0,0.5571948574445491
0.0,0.3407644716818739
0.0,0.046242322778514144
1.0,0.7199747286928275
0.0,0.5440934662118038
1.0,0.6190903824389871
1.0,0.6214170569397242
0.0,0.3586461804156401
0.0,0.16957266991988207
1.0,0.8312677142098406
1.0,0.16517519943583084
1.0,0.7912690044852602
0.0,0.4489166314685434
1.0,0.837933351657408
1.0,0.5088564159541162
1.0,0.7657814171289624
1.0,0.7197780633684041
0.0,0.11133448237191089
0.0,0.34237342033550067
1.0,0.7390198403835683
1.0,0.4336869397295255
1.0,0.8995884737025552
0.0,0.556539471979102
1.0,0.9763429918736612
1.0,0.9686984850314011
0.0,0.2178616827776796
1.0,0.4534542226110661
1.0,0.5733582582843022
1.0,0.6933456649258533
1.0,0.606442589516824
0.0,0.7592889370936808
1.0,0.8283622975801539
1.0,0.5108969357533835
0.0,0.10499253626861701
1.0,0.6805287872491959
1.0,0.6194481257561363
0.0,0.5446049736605102
0.0,0.6949346546646094
1.0,0.8383445890399284
1.0,0.8797159652182914
1.0,0.4107387014040313
0.0,0.4310839437627639
1.0,0.8462576500391609
1.0,0.7653875102002043
1.0,0.17115587456492917
0.0,0.17018994320627004
0.0,0.263578423574252
0.0,0.10739490307448356
1.0,0.5745920976662127
1.0,0.43663467086820684
1.0,0.8953203416001441
0.0,0.8832251919382884
0.0,0.7957140676021244
0.0,0.6312889778077939
1.0,0.7232761867611448
0.0,0.09044865561852708
1.0,0.8486675953541511
0.0,0.9342517100512603
0.0,0.42718040181638184
0.0,0.07905993610639761
0.0,0.3094613713881243
0.0,0.13025236951256786
0.0,0.0966540534041605
0.0,0.09693314685884893
0.0,0.15547858066554646
0.0,0.014230088019034257
0.0,0.04470632076052902
0.0,0.1414359163206829
0.0,0.23685812888788002
1.0,0.9328875826087135
0.0,0.06656767281412763
1.0,0.8260955093642682
0.0,0.6482818185122458
1.0,0.6033271052543902
1.0,0.6578676940891379
1.0,0.9194429131554253
0.0,0.09798106768167966
0.0,0.7878514106471914
0.0,0.16872260868820751
1.0,0.4252215716794522
1.0,0.4037241940620576
0.0,0.08324388909746337
0.0,0.7474266383320618
0.0,0.679775831552988
0.0,0.1365659589246417
0.0,0.09727130843503409
1.0,0.626534387923745
0.0,0.2874307411200337
0.0,0.30563337018117975
0.0,0.7613116517422231
0.0,0.24739692380714162
0.0,0.6837468776581547
1.0,0.6636370832577657
0.0,0.4949006965922637
1.0,0.47811549064186404
0.0,0.4056930533327224
0.0,0.15151093702737634
1.0,0.9108279125114227
0.0,0.24739897215991652
1.0,0.7513340326124212
0.0,0.3551928721476051
1.0,0.8295155347628059
1.0,0.6574876429318325
1.0,0.7405498094701491
0.0,0.12667168025382392
1.0,0.6210651613549294
0.0,0.06742517576458604
1.0,0.7268128951709457
0.0,0.02397660067732156
0.0,0.4920196126063205
1.0,0.6714360945872011
1.0,0.8714436848710331
1.0,0.780629568109077
1.0,0.5512330927033203
0.0,0.20343502310654124
0.0,0.2071883804522273
1.0,0.9733834979389043
0.0,0.2000269535579146
0.0,0.17940533894943203
1.0,0.8579530000032479
0.0,0.5421438634010345
0.0,0.20419852179488246
1.0,0.5236264431487245
0.0,0.26552963522062906
1.0,0.9003771003335437
0.0,0.07892878112471799
1.0,0.8704882217116293
0.0,0.4614519572740604
1.0,0.4064874794362502
1.0,0.7199950941018831
0.0,0.20980931001252362
1.0,0.6338104113312879
1.0,0.7612478279486488
1.0,0.3771197657066134
0.0,0.1608881422557113
0.0,0.777304944739417
1.0,0.4438429571794978
1.0,0.7907612975290258
1.0,0.907347857950776
0.0,0.6927691133902971
0.0,0.1365165322020256
1.0,0.44934894759142197
0.0,0.19463734622714138
0.0,0.6490171802066853
0.0,0.3265590714313767
1.0,0.6012172782608657
1.0,0.634364992050213
1.0,0.6621593354581595
0.0,0.06815823393882965
1.0,0.7924104848747974
0.0,0.6429906299337099
1.0,0.36719967983001006
0.0,0.5218150668172236
0.0,0.4241417483223278
1.0,0.4420711888334991
0.0,0.7602107441617906
1.0,0.5184298890546516
1.0,0.8501545449273155
1.0,0.8911456893678775
1.0,0.41188044772903687
0.0,0.8442705198053153
0.0,0.556030682534105
1.0,0.28417656721708046
1.0,0.2825761644391318
1.0,0.9031508633037842
1.0,0.8228723963058365
0.0,0.4771290139183504
1.0,0.41568871389589485
0.0,0.008943546548144063
1.0,0.24605138967160958
1.0,0.737173029786961
1.0,0.6947121700082428
1.0,0.6097302845557732
0.0,0.5984222865790144
0.0,0.7278594943451318
0.0,0.4118870329386305
1.0,0.7415737042067395
0.0,0.2337700634562391
0.0,0.32633188399542
1.0,0.8098050998643054
1.0,0.37504946461158173
0.0,0.2486018819268102
1.0,0.9036886979386536
1.0,0.7850382518991881
0.0,0.7369232104151816
0.0,0.04958945157864683
1.0,0.8411755353104133
0.0,0.6875339743030897
1.0,0.3358164035231767
0.0,0.6543563830774549
1.0,0.7827189176121851
0.0,0.46576431264555335
0.0,0.1949511585424442
0.0,0.3250959826567093
1.0,0.5810940608157814
1.0,0.7256757381781493
1.0,0.5466135875827396
0.0,0.059632171185351794
1.0,0.3236575680580876
1.0,0.765039861781241
1.0,0.5475747904497479
0.0,0.061036154437891746
1.0,0.8685890040788437
1.0,0.6205967896803146
1.0,0.9121975442816971
0.0,0.673751558700454
1.0,0.9322326539576105
1.0,0.8265684286838864
1.0,0.6441419959509592
1.0,0.647055681730704
1.0,0.651994093171543
0.0,0.15204889413185543
1.0,0.6597583245299272
0.0,0.3492832541748879
1.0,0.8027009573650958
0.0,0.9189813428813125
0.0,0.1941374822403271
0.0,0.33031787640077437
1.0,0.2934520874040902
1.0,0.6886065223888455
0.0,0.17412700365153286
0.0,0.10609186325713076
0.0,0.2606420124491551
1.0,0.8697913738039312
1.0,0.6614995622276715
1.0,0.7920580354614699
0.0,0.49660109919245277
1.0,0.6474858776343513
1.0,0.8004827145879723
0.0,0.7057873719924083
0.0,0.018915157100580757
1.0,0.19752837952399474
0.0,0.9090362930780919
1.0,0.7819001807512556
1.0,0.756078879837656
0.0,0.155712360251964
0.0,0.6191889904184213
1.0,0.40841280751583986
1.0,0.7721105900402424
0.0,0.9106066752808866
0.0,0.2943147582381236
1.0,0.6428045054414515
1.0,0.6043118453317085
1.0,0.12413822260012024
1.0,0.4141840175973787
1.0,0.6968991434083065
1.0,0.6750479520295669
1.0,0.9061364869239698
1.0,0.8836532792274254
0.0,0.11182787290369485
0.0,0.11433659684717183
1.0,0.41681090686899563
1.0,0.27547578617603896
1.0,0.8188669301225837
0.0,0.1288785163445504
1.0,0.8849635922778288
0.0,0.4266859366976788
0.0,0.41623575818541825
1.0,0.7587557335855897
1.0,0.6792870551447061
0.0,0.09359586122430985
0.0,0.18800606396311922
0.0,0.5235878489808756
1.0,0.725329216756058
0.0,0.14409062459809394
0.0,0.49777962538409776
0.0,0.30824273091796495
1.0,0.23963658470760038
0.0,0.33074652963437795
0.0,0.4268541086638738
0.0,0.08127058666237415
0.0,0.5288710690825661
0.0,0.023419930935325857
0.0,0.06592197061251588
0.0,0.33648182028414664
1.0,0.5413739031376116
1.0,0.8731146304695259
0.0,0.6587444287024833
1.0,0.8803479498311146
0.0,0.5949364063853705
0.0,0.9388059090329829
1.0,0.7588601038424445
1.0,0.693097226965155
0.0,0.271207016816191
1.0,0.714827273539115
1.0,0.5328690025328565
0.0,0.8111831161763138
0.0,0.1782261146452961
0.0,0.5988578165313468
0.0,0.07414896553825938
0.0,0.38427407581587714
1.0,0.5163799406457087
0.0,0.14737872899077684
0.0,0.7380366894882741
1.0,0.7377767538911812
0.0,0.6327538688894417
0.0,0.11430928326890397
1.0,0.8078182033572692
1.0,0.884289230493863
0.0,0.23359252634870756
0.0,0.48467201760547624
0.0,0.423183588721409
0.0,0.40108265970155726
1.0,0.8517028749832615
1.0,0.8560356391244369
0.0,0.13213940716266567
1.0,0.6765155639894154
1.0,0.8352796028842522
0.0,0.552669418004195
1.0,0.9023637576832638
1.0,0.913375971686254
1.0,0.21846416491463955
1.0,0.7243043812996286
0.0,0.19830123841855335
1.0,0.9792456001351688
1.0,0.6930924055448933
0.0,0.5576038306456663
1.0,0.7186147209345318
0.0,0.057726516662056866
0.0,0.09316257916351994
0.0,0.5006075902970961
1.0,0.5093925915857435
1.0,0.5557349877612825
0.0,0.43887257557153614
0.0,0.1752794466480325
0.0,0.13483840917760515
1.0,0.14773514218337444
1.0,0.7875594559069189
0.0,0.14256289013352755
1.0,0.8657868761973192
0.0,0.5874386647617591
0.0,0.20993790186775854
0.0,0.35564766263104786
1.0,0.343543334326241
0.0,0.039831514739905115
0.0,0.49711067155459426
0.0,0.0679599275568772
0.0,0.06374785629129065
0.0,0.5409249692398234
0.0,0.14296418943330458
1.0,0.8634281457982789
0.0,0.18609477804871286
1.0,0.5258376892123343
0.0,0.15684924524206845
0.0,0.15440510354700535
1.0,0.7003003078998251
0.0,0.3570041860002434
1.0,0.5257663450780041
0.0,0.05875752605572157
0.0,0.12069194004602819
0.0,0.1632437473213043
0.0,0.6950104397068286
1.0,0.9220999949397292
0.0,0.10819259356312977
0.0,0.19728448277268293
1.0,0.3396211999306743
1.0,0.8094008299465837
0.0,0.4858531348399626
0.0,0.0860718611680497
1.0,0.2545984709102901
0.0,0.02951296231164196
0.0,0.245544165391448
1.0,0.7781309643635639
1.0,0.8326337635613869
0.0,0.13017521209003757
1.0,0.1098185608999566
1.0,0.885615248661997
0.0,0.18177241591946597
1.0,0.4486577481457999
1.0,0.7704312957480621
0.0,0.2358127611249471
0.0,0.19088254313326167
1.0,0.549501281360609
1.0,0.2601633391863029
0.0,0.893897833613197
1.0,0.6131102307258914
0.0,0.043352058899238426
0.0,0.5484169437668005
0.0,0.34928153304639026
0.0,0.09532029317645484
0.0,0.11025883102922857
1.0,0.6915411098450222
0.0,0.09026395761420271
1.0,0.5939989889495032
1.0,0.3694697443848027
1.0,0.6505727850829037
0.0,0.04902606368684592
0.0,0.08646718756795309
0.0,0.15843575026965762
0.0,0.0737087174655071
1.0,0.3254339502595791
0.0,0.6446022704856886
0.0,0.12569910154310143
0.0,0.5470020622057199
1.0,0.6181284445992756
0.0,0.045139873906131035
1.0,0.7143329555091535
0.0,0.7985439888438904
1.0,0.7170090769065935
1.0,0.8815656494604298
1.0,0.865591299060421
1.0,0.21182213621535495
0.0,0.2294487590372451
1.0,0.8321712719260518
0.0,0.48163145997524587
1.0,0.25113901215209417
1.0,0.5720850769914377
0.0,0.30543523463318983
0.0,0.04397237101738641
0.0,0.6679809164189375
0.0,0.08330019738034386
1.0,0.5107770750688031
0.0,0.27104056082677574
0.0,0.2527539686455672
1.0,0.6396766898318353
1.0,0.36914557551409605
1.0,0.6519978529391176
1.0,0.49971959489476186
1.0,0.9021292408445456
1.0,0.9299939880775918
1.0,0.7901842266389251
1.0,0.9455926620005755
0.0,0.7053352801325421
0.0,0.06039019143212159
0.0,0.11350414106875098
0.0,0.10312605917416483
0.0,0.8410192715660004
1.0,0.6588273924167544
0.0,0.03172641297704716
1.0,0.8009058067286934
0.0,0.6581280539721375
1.0,0.6461828289558625
0.0,0.3089167742813564
0.0,0.1148819069054478
0.0,0.38652084926524954
0.0,0.9078898615152308
1.0,0.8692915363995415
1.0,0.5730836828787461
1.0,0.6255930656851019
1.0,0.8381225532698783
1.0,0.9056554263232233
1.0,0.6348593360318926
1.0,0.8136335507601274
0.0,0.08542776011630294
1.0,0.7516421249717824
1.0,0.6461570951783318
1.0,0.637618949471696
1.0,0.5369886191070189
0.0,0.16555696908636913
0.0,0.12640375552181657
1.0,0.9540339417393083
0.0,0.05968284733677702
1.0,0.4739651944412113
0.0,0.37256903172034256
1.0,0.15802585711212058
1.0,0.566941227495184
1.0,0.7601158252737302
0.0,0.06211866727907611
0.0,0.4784213420323007
1.0,0.7198776680350898
1.0,0.42665808499031155
1.0,0.9525823285393187
0.0,0.5937929302879621
0.0,0.24866363493678315
0.0,0.3585372311808819
0.0,0.13142888454866344
0.0,0.6818322879335342
0.0,0.11296301750990419
0.0,0.3427001186086018
0.0,0.765306019098312
1.0,0.4668390458140728
1.0,0.381550505677785
1.0,0.6446411180385927
0.0,0.22130657615426857
0.0,0.03275714098799143
1.0,0.9490563531607291
1.0,0.8786840556892372
0.0,0.07501524977507298
1.0,0.7760763493218502
0.0,0.10131248852224496
1.0,0.901155867325902
0.0,0.668451780069042
1.0,0.671525986164199
0.0,0.16058266458607656
1.0,0.739465363274827
0.0,0.27712675612151905
0.0,0.5149380256194035
1.0,0.7315331414545323
1.0,0.9170139760712082
1.0,0.7509498707797341
0.0,0.11065494317049211
0.0,0.13848725649247443
0.0,0.046286900210847526
0.0,0.2254621417658791
0.0,0.049711875083530956
1.0,0.49459746230187474
1.0,0.7277380291122832
1.0,0.20953005495478857
1.0,0.6994881935562829
1.0,0.6768187666723164
1.0,0.9233896768863596
0.0,0.45934219437591783
1.0,0.21709415875111124
1.0,0.39938679235936503
0.0,0.1777055559992809
1.0,0.4442845677627822
0.0,0.2621325172049025
1.0,0.9763443323140373
0.0,0.03903700269940494
1.0,0.6532762036375436
1.0,0.39609358556432456
0.0,0.37247003493330405
0.0,0.4080508887312149
0.0,0.08081238762840742
1.0,0.8793433461725833
0.0,0.6353550407047478
1.0,0.7662170282666917
1.0,0.33122434038341364
0.0,0.8253632514575692
1.0,0.9791350033541654
0.0,0.4069188338623861
0.0,0.13550754305080265
0.0,0.07858117333753556
1.0,0.6288256790450665
1.0,0.9452364164666275
0.0,0.02397660067732156
0.0,0.30144796376877986
1.0,0.8779535660794716
1.0,0.8874664419477168
1.0,0.6772819426413579
1.0,0.475610208107324
0.0,0.0867200833858417
0.0,0.46512309454612605
0.0,0.34422156825897376
1.0,0.8067345190521685
0.0,0.3738719593261278
0.0,0.07781559182062885
1.0,0.6843022022139602
0.0,0.8622215371059528
1.0,0.7873851971166042
0.0,0.3415754906637761
0.0,0.24910785028788285
0.0,0.22688241394762446
0.0,0.8770391132252267
0.0,0.13683979252327055
0.0,0.9776603839850534
0.0,0.5347133270414193
1.0,0.9110110015793271
0.0,0.05296129097861483
1.0,0.8644270579369685
1.0,0.8948087937020488
0.0,0.14283752072219738
0.0,0.12480836130325233
0.0,0.05819767262619345
1.0,0.7076092716336677
1.0,0.8062739185988385
1.0,0.7509499819355634
0.0,0.8803598341464903
0.0,0.47281653317995115
0.0,0.08840510653571595
0.0,0.37061329336805665
0.0,0.22268771788802932
1.0,0.5157352885238706
0.0,0.20420685267066224
1.0,0.5559744178441898
1.0,0.8080912712537157
1.0,0.9776900816219792
1.0,0.8202750609607152
0.0,0.581116744656797
1.0,0.9743617000948607
1.0,0.6123938196699432
1.0,0.3605824387079314
1.0,0.8504843243553123
1.0,0.23877620339586755
1.0,0.5012195979754988
0.0,0.3282742170797938
1.0,0.2929871163942045
1.0,0.9329384077182994
0.0,0.2080295626413668
1.0,0.6805379897211824
1.0,0.4704299562694182
0.0,0.49029048854258617
1.0,0.8919907876392146
0.0,0.02952395594268157
1.0,0.2968200522915926
1.0,0.8691042557968552
1.0,0.6918154918425009
0.0,0.4041152102095274
0.0,0.6387144371852108
1.0,0.4094652478569859
1.0,0.7375814823867947
1.0,0.815757897339062
1.0,0.4179944351732622
0.0,0.021430560520687224
1.0,0.4505291559850727
0.0,0.1819217609968735
0.0,0.07089856050517619
0.0,0.08419695942110099
1.0,0.881921600456455
1.0,0.2021124788844263
0.0,0.36390431168100096
1.0,0.33409460387019185
0.0,0.8403863670237942
1.0,0.5292718141724809
1.0,0.8524171945696111
0.0,0.18263380323587777
1.0,0.828579257286279
1.0,0.3624417046984449
1.0,0.7317261969316234
1.0,0.7350915119551352
1.0,0.7654837762571491
0.0,0.167241935599803
1.0,0.8334287656778074
0.0,0.38382895689646446
1.0,0.8504525259155818
0.0,0.1603780928359805
0.0,0.31470857012982323
1.0,0.8081497449750179
1.0,0.13551047956453804
0.0,0.33000186618757904
1.0,0.9812077617131989
0.0,0.5534353305216761
1.0,0.7061572022114991
0.0,0.5111051610099143
0.0,0.8899490555340224
0.0,0.9033711542440115
1.0,0.39654482703609256
1.0,0.3000589200106982
0.0,0.08951560114168712
0.0,0.00991320124958382
0.0,0.3169039251628565
0.0,0.048817465414098975
0.0,0.34868623564719364
0.0,0.2636458060029263
0.0,0.06400701971518342
1.0,0.9422073767696298
1.0,0.4973268249678542
0.0,0.20997204356046495
0.0,0.9632825281216114
0.0,0.0818196549851335
1.0,0.9679130816787934
0.0,0.3565797285567387
0.0,0.2393879279631457
0.0,0.06063510698629684
1.0,0.9057057986810548
1.0,0.889678294973093
1.0,0.926068484364008
1.0,0.6229144261925262
0.0,0.1063828870593056
1.0,0.7372929061767978
1.0,0.5372927814633984
0.0,0.8191737415510668
0.0,0.8644027153408639
1.0,0.2650138894122269
1.0,0.7867008471731745
1.0,0.6914582713331296
0.0,0.23297197041486606
1.0,0.8838493216515005
1.0,0.9909915213887178
1.0,0.7949485907806041
1.0,0.3862770845382304
0.0,0.3241773210495013
1.0,0.7781478149713904
1.0,0.5193319248038089
0.0,0.591952945048999
0.0,0.20073245902634435
1.0,0.9314725282531189
1.0,0.8899893793578876
0.0,0.03862303180442549
1.0,0.6733998189957764
1.0,0.7743953951366277
1.0,0.9009991574344823
0.0,0.44446161353241515
1.0,0.7398509288772064
0.0,0.20676546917852687
1.0,0.932366578122761
1.0,0.7649499664100754
1.0,0.7473644313261713
1.0,0.6708384971175184
1.0,0.810303161688667
0.0,0.29905871264483447
1.0,0.32569614678004366
0.0,0.5331308314206002
1.0,0.8840547975047186
1.0,0.5514759642274677
1.0,0.4760173864647668
1.0,0.2717527912496849
1.0,0.19898945276516877
1.0,0.968489372088126
1.0,0.7108401086769762
1.0,0.9211462598352779
1.0,0.8720396888258415
1.0,0.748353461625582
0.0,0.5988254669021053
1.0,0.9293089238930796
0.0,0.19869785798095146
1.0,0.24965221417695138
1.0,0.8128904938390401
0.0,0.38533737396187046
1.0,0.3836851415677813
1.0,0.8415463510560585
0.0,0.07288747093136881
1.0,0.903991277111363
0.0,0.21650014721848568
0.0,0.04298699827566292
1.0,0.946326669323249
0.0,0.03401061423498936
1.0,0.7008793072057516
0.0,0.6169657940181922
0.0,0.03506036295215962
0.0,0.5533596976478844
1.0,0.5608523878609789
1.0,0.8186612878324251
1.0,0.8252556212281128
0.0,0.7345546921506249
0.0,0.6457934701537429
1.0,0.8437385956943827
0.0,0.3888748872523536
1.0,0.3445633885205277
1.0,0.40454492835332573
1.0,0.537616328099426
1.0,0.7511982854860579
1.0,0.799451452820872
0.0,0.12491770895161311
0.0,0.545154522078291
0.0,0.0395879854090728
1.0,0.5597145004580929
1.0,0.8943171386018974
1.0,0.6057850788451915
0.0,0.38655858439116375
1.0,0.8571951479798198
0.0,0.14203741773705647
1.0,0.7036752781369231
0.0,0.11578074866262719
0.0,0.7921095961732246
0.0,0.1466666975151897
1.0,0.36679823361806846
0.0,0.2956272821180766
1.0,0.8835680208361352
0.0,0.06285779764807221
0.0,0.3632821271444226
0.0,0.032938630132673806
0.0,0.11068216486508364
0.0,0.4108315880201999
1.0,0.9247555635104415
0.0,0.021645563769745135
0.0,0.04794537812560426
1.0,0.7015614823701839
0.0,0.5192863398098551
1.0,0.8557839194512579
0.0,0.19324902099598573
0.0,0.15445887351227383
0.0,0.7688903913592791
0.0,0.7329431078669895
0.0,0.10878829418432895
0.0,0.4011514654688025
1.0,0.6219796749206915
0.0,0.36560211344512467
0.0,0.028615558207041668
1.0,0.6679485051793477
0.0,0.017911950072863822
0.0,0.4253106926243992
1.0,0.4453778818022022
1.0,0.8409582838452877
0.0,0.1833959069844767
0.0,0.3719140240568045
1.0,0.8921775254773522
0.0,0.6043751514757345
0.0,0.6953804103106989
0.0,0.1515326476347434
1.0,0.21122834542486488
1.0,0.8569120992561602
1.0,0.9121774935958021
1.0,0.9202410010981817
1.0,0.6741339940123413
1.0,0.9968572407735994
1.0,0.5629553323529859
1.0,0.5710514055423761
0.0,0.857350365409548
1.0,0.5066565587122521
1.0,0.451387989777484
0.0,0.5262480803043073
0.0,0.6548747829797704
1.0,0.6784883465663873
0.0,0.09354847956039276
1.0,0.63086419281618
1.0,0.6183110874496329
0.0,0.3936243209160766
1.0,0.6769581506985182
0.0,0.1199545568913663
1.0,0.7421149122166162
0.0,0.22512104866748675
1.0,0.9324370574168743
0.0,0.6628461622468899
1.0,0.7644454321815709
0.0,0.04242193541311526
1.0,0.7449857801745923
0.0,0.04759688548851941
1.0,0.8525763276335774
0.0,0.015337249846642
1.0,0.678442264805814
0.0,0.535110798273444
1.0,0.792220141088698
1.0,0.7504693480347638
1.0,0.7156278174520688
0.0,0.9176139834274242
1.0,0.9455361087451534
0.0,0.11475750648046895
0.0,0.889034465058854
1.0,0.5803320341133937
1.0,0.5585145660230958
0.0,0.03604121434878482
0.0,0.13981726743956246
1.0,0.7380300823240153
1.0,0.6696658701528841
1.0,0.8032036184150204
1.0,0.8773716205878545
1.0,0.8916732921541018
1.0,0.4354497263486215
0.0,0.6012203576735901
1.0,0.8832027910127993
1.0,0.7909426472523124
1.0,0.7089984681784104
1.0,0.5707853849195492
1.0,0.8090322628078686
0.0,0.6070852816366616
0.0,0.3530369375850025
0.0,0.28854663993426766
0.0,0.05655618756427731
1.0,0.43521924555428865
0.0,0.18964522148604288
1.0,0.20101358346264
0.0,0.13411625886502557
0.0,0.40074970739232246
0.0,0.572347848677047
1.0,0.4146698083077295
1.0,0.4089997633658963
1.0,0.7540847984572329
0.0,0.5429269988211548
1.0,0.5618587742045759
0.0,0.09069688133296164
1.0,0.7466584777756782
1.0,0.7982151715090128
0.0,0.09842017691944001
1.0,0.9532285725123719
0.0,0.5033172164409905
0.0,0.09593700608755448
0.0,0.6612439891342408
1.0,0.5614647302375044
0.0,0.7084290615850634
1.0,0.16982179688724108
0.0,0.8584861234609404
1.0,0.8049161548607253
1.0,0.7727195675232122
1.0,0.5315329991842592
1.0,0.407531293275556
1.0,0.8611376346165724
0.0,0.12371955530848475
0.0,0.5425982265767211
0.0,0.2982193150303523
0.0,0.13301985927558097
1.0,0.759048224632343
1.0,0.9042024701782748
1.0,0.670524495535638
1.0,0.8724988385449591
1.0,0.9124888010931782
0.0,0.267302738225289
0.0,0.3340461474499351
1.0,0.5882750985787183
1.0,0.6384206465493313
0.0,0.5247827652532474
0.0,0.21128663985333515
0.0,0.3055149443586922
0.0,0.35200093189426557
0.0,0.46285852044708237
1.0,0.25177218265049706
1.0,0.44570500366259963
0.0,0.13103706306702556
0.0,0.5059991390848706
1.0,0.5732431911368048
0.0,0.25995289361890817
0.0,0.39259690007812864
0.0,0.325728273505994
0.0,0.02951513658255347
0.0,0.19291170808360167
1.0,0.927170310385281
0.0,0.7554892423165298
1.0,0.1116590590212822
1.0,0.7884043170153306
0.0,0.06868079247462866
1.0,0.8317899203619867
1.0,0.41638509588455186
0.0,0.45068391591651913
1.0,0.597666616638624
0.0,0.22873367960544824
1.0,0.49477943756329407
0.0,0.41173735521169186
1.0,0.7673287884561317
1.0,0.9537649449688687
1.0,0.8253029852203231
0.0,0.7759656575188191
0.0,0.12339011939573058
0.0,0.37323336599278023
1.0,0.5641810575839186
1.0,0.791467400337795
0.0,0.17420277380687588
0.0,0.36879193811470024
0.0,0.8069772265912429
1.0,0.3585022318291861
0.0,0.7589344956114114
0.0,0.39065569378426035
0.0,0.12354783198562369
0.0,0.052139908569878414
1.0,0.8643808218188672
0.0,0.10338697622503908
1.0,0.2565104965563801
0.0,0.4138966639907267
0.0,0.0901575066410082
1.0,0.7796260595830091
1.0,0.8804718747291979
0.0,0.28728049291491115
1.0,0.9471727460782312
0.0,0.0492529545591982
1.0,0.3495974881242119
0.0,0.0741689532995311
1.0,0.8444427172316347
0.0,0.16725939158319603
0.0,0.8053560775858488
0.0,0.27408981459754994
1.0,0.8789672210853506
0.0,0.3866234864402035
0.0,0.46025638634449956
1.0,0.8110763384812447
1.0,0.14496861727018756
1.0,0.7902281662403897
1.0,0.8023514474159461
1.0,0.8515343020689108
0.0,0.10478289131252007
0.0,0.19146835791529226
1.0,0.31117218393116775
0.0,0.03460748495911726
1.0,0.6064400942592948
0.0,0.06932894101857072
0.0,0.3872468273390212
1.0,0.6571254352399064
0.0,0.2500762331138875
0.0,0.08905292093509991
0.0,0.8137044339724101
0.0,0.045451164955362104
0.0,0.10440438028842136
1.0,0.8422294209249936
1.0,0.9283856359049493
0.0,0.7754174249161522
0.0,0.18144051094411331
0.0,0.2214823359560442
0.0,0.22493196091917853
0.0,0.5954852477902062
0.0,0.8499261838857213
0.0,0.23617091431545612
0.0,0.08145809685870341
0.0,0.1403136873507848
1.0,0.5392278120515707
0.0,0.7255687978696743
0.0,0.6424885682943335
0.0,0.02132941419279777
0.0,0.16530259354536325
0.0,0.18550685183035037
0.0,0.12329935517630428
1.0,0.636253990563595
1.0,0.6697708552027389
1.0,0.6768286763097943
1.0,0.6088256907140009
0.0,0.2003124519310592
0.0,0.15139685124975213
0.0,0.5289134044316313
1.0,0.9403388575366239
1.0,0.7601221356322032
1.0,0.41150247136620094
0.0,0.224729652724837
1.0,0.7027525233404647
1.0,0.959267744033007
0.0,0.24135305870843665
1.0,0.8706667499282198
1.0,0.5757961866707114
1.0,0.9272092913946911
0.0,0.027245820424071632
1.0,0.5301556542843748
0.0,0.7298754043879054
1.0,0.5809748934650923
0.0,0.7077231473069281
1.0,0.6852528766454967
1.0,0.6475382310446656
0.0,0.03117529644492507
1.0,0.4910790460484295
0.0,0.06785687729642642
1.0,0.9400461884923552
1.0,0.09182979953872199
1.0,0.623830027162996
0.0,0.8855022849632089
1.0,0.48906549496186946
1.0,0.7245980983662391
1.0,0.620287631318245
1.0,0.9206799640466822
0.0,0.11258290032375597
1.0,0.5438437765354489
1.0,0.20175845081006819
1.0,0.5177741967646219
1.0,0.7157671434043772
0.0,0.11692365687851893
1.0,0.46569445185233765
0.0,0.08197215499639132
1.0,0.9593235001124165
0.0,0.07630658177002443
1.0,0.5087534926119069
1.0,0.21023528563189103
1.0,0.6643828014511304
1.0,0.5680578204967638
0.0,0.5751100625604678
0.0,0.08696042396757223
1.0,0.8633881139240951
0.0,0.1516375111833826
1.0,0.4589625391921852
1.0,0.7795265696318457
1.0,0.25928084110086524
1.0,0.8810839697179786
1.0,0.7239647879551704
0.0,0.15060859727223522
1.0,0.9433945306133308
0.0,0.0986159448734301
1.0,0.8653949148566198
1.0,0.8555252126715864
1.0,0.6507763167359149
0.0,0.5094749666703741
1.0,0.5197705075444495
1.0,0.3069101082151471
0.0,0.30502320326442156
0.0,0.057115308413469866
0.0,0.2690780252709075
1.0,0.6071264599722924
0.0,0.17291855903549275
0.0,0.08319498570067202
1.0,0.15602311843039207
0.0,0.40998255394060346
1.0,0.39227967227278
0.0,0.18801935450646257
0.0,0.3149871642067956
0.0,0.048766329719889645
1.0,0.4388580806130856
1.0,0.4286677021019887
1.0,0.4667938000558477
1.0,0.8434472453702586
0.0,0.6476512177041831
0.0,0.8620234327857195
0.0,0.2370564368388047
0.0,0.5960787963349394
0.0,0.21723665191001
0.0,0.6204463418322851
1.0,0.5561581570298505
1.0,0.531639143820259
0.0,0.04432641813287924
0.0,0.13082591588305748
1.0,0.6208912651526441
0.0,0.8558005891912209
0.0,0.19989029523896296
0.0,0.2241595462949353
1.0,0.8049907286524871
1.0,0.7483202887899592
0.0,0.11960020985474265
1.0,0.7988001478730636
1.0,0.45499791911661913
0.0,0.42845771076798284
1.0,0.425063250851251
0.0,0.04821324089146868
0.0,0.06968889441197994
1.0,0.757578720839902
0.0,0.5322083774432671
1.0,0.8113603972003232
1.0,0.7529466880487945
1.0,0.5725085194423041
0.0,0.22507151575681272
1.0,0.37535372607665385
0.0,0.8679085404249594
1.0,0.8844517294741308
0.0,0.14451279115080398
1.0,0.9416456328643753
1.0,0.5964645428257913
1.0,0.9318103939930914
0.0,0.07273735320885638
0.0,0.7446472730302146
1.0,0.7259967122707592
0.0,0.07121352607336387
0.0,0.03909222109174442
0.0,0.4644435774071526
0.0,0.5228560314225357
1.0,0.8256240282402203
0.0,0.12843025196698843
1.0,0.6726114838798721
1.0,0.4730743152210549
1.0,0.3544413260610304
1.0,0.8944713826054728
1.0,0.7471431501060627
0.0,0.232356721120575
0.0,0.11397806232978529
0.0,0.06221386711143255
0.0,0.3368567706110422
1.0,0.2990249288496711
1.0,0.6968632126964844
1.0,0.7952225175584586
1.0,0.9336089774741652
1.0,0.6862643372286359
1.0,0.9263171263630199
1.0,0.5304929348856112
1.0,0.4360757148430211
0.0,0.8725787270305566
0.0,0.9095972023682088
0.0,0.6944279537604048
0.0,0.4831936394322361
1.0,0.14009808269801985
1.0,0.8329616468802931
0.0,0.19538302932271542
1.0,0.7824199463941682
1.0,0.8673522178869044
1.0,0.6890595626268355
0.0,0.554294701435039
0.0,0.4357684275963193
0.0,0.48520176173908863
0.0,0.5239951864294856
0.0,0.7593447552326642
1.0,0.803868560133426
0.0,0.039859523440831955
0.0,0.057403349122609276
1.0,0.9102152425413351
0.0,0.2791585516172488
0.0,0.44404566616360275
1.0,0.7658057760513521
0.0,0.2959963330007619
0.0,0.0928010755350382
1.0,0.415914754156827
1.0,0.7768375259731626
1.0,0.6967291902578137
0.0,0.15654189773315402
0.0,0.2949815860842995
1.0,0.6869030055724142
0.0,0.4214958641870099
1.0,0.6320260011683736
1.0,0.10435186092948993
1.0,0.6316296094481635
0.0,0.6192362310358058
1.0,0.37395955454269436
1.0,0.32088700342590615
0.0,0.23109689808907297
0.0,0.09502600854436545
1.0,0.5471130384611402
1.0,0.41056181075619724
0.0,0.41285362861246994
0.0,0.6551883949501829
0.0,0.040635051387379655
1.0,0.90543857558314
0.0,0.30962036270785004
0.0,0.4453705043190889
0.0,0.49356335594858625
1.0,0.9681416234813928
1.0,0.9341772410004451
1.0,0.5696082974724486
1.0,0.42205826146401143
0.0,0.8178945565619637
1.0,0.6933084916670305
0.0,0.21933453062020566
0.0,0.11236679244169791
1.0,0.6655236268419518
1.0,0.7008968388802378
1.0,0.7161779037699677
0.0,0.5492056287240957
0.0,0.11192730244914476
0.0,0.054879325608859254
1.0,0.5430812063669764
1.0,0.0867200833858417
1.0,0.7507386921106657
0.0,0.08440695379068161
1.0,0.7200813479476816
0.0,0.3464502165429882
1.0,0.4220382211712716
1.0,0.28658596921364593
1.0,0.7090867093890634
0.0,0.4101653193919466
1.0,0.9696723814446222
0.0,0.022423403040214597
1.0,0.8007874864466582
1.0,0.6632362847538011
0.0,0.6126146867764581
1.0,0.8878716357971307
0.0,0.7759264140547733
1.0,0.5262764474901122
1.0,0.9077291342599454
1.0,0.7620797822303108
1.0,0.3448461585529896
1.0,0.9747360145140759
0.0,0.12919821327013567
0.0,0.5021319240757238
1.0,0.7737131943251363
0.0,0.21967788618732206
1.0,0.9062847140589652
1.0,0.8436995643380554
1.0,0.7263047826404795
1.0,0.7878690273188727
0.0,0.26100875477130475
0.0,0.4039065163108438
1.0,0.7420420372012089
0.0,0.043838677786862484
0.0,0.384104666156117
1.0,0.5866929410723403
1.0,0.5613598385093086
0.0,0.5008188923691
1.0,0.29369464872506024
0.0,0.11066246395868386
0.0,0.25640753310635245
1.0,0.9176887892803934
1.0,0.6681609417416908
1.0,0.984783157752324
1.0,0.6368301725859761
1.0,0.9032555139856542
0.0,0.5243893981016845
1.0,0.7425686774780429
1.0,0.42788540274972364
1.0,0.6051679179287581
0.0,0.7945488485816058
0.0,0.3996232130849886
0.0,0.31841939864148516
1.0,0.9563375754323534
0.0,0.882472747076594
1.0,0.589758714877817
1.0,0.6921164676388285
0.0,0.09691719068989153
0.0,0.7350855708407045
0.0,0.18486311992227955
1.0,0.5706695532849294
0.0,0.0759156811838231
0.0,0.21738707613631428
0.0,0.14164495367986524
1.0,0.7741737253065849
1.0,0.5121168434593464
0.0,0.262507586603113
1.0,0.7492773541621449
0.0,0.7256843988211272
0.0,0.019062263165886897
0.0,0.13331891043096086
1.0,0.740885499825624
0.0,0.3031263378330474
0.0,0.5605359153633265
0.0,0.4812846138839767
1.0,0.8860657447678146
0.0,0.12558083792429714
1.0,0.6842342769356872
1.0,0.2681598787050977
0.0,0.011438110855918358
0.0,0.24986321409645776
1.0,0.4314770181598685
1.0,0.5301628112344845
1.0,0.7971648347911819
0.0,0.11635130368596365
0.0,0.28812876667836995
0.0,0.3229571578061294
0.0,0.03302748582686604
1.0,0.5253073363949701
0.0,0.008483047362778908
1.0,0.764568540654833
0.0,0.09469787798000504
1.0,0.6059739904611148
0.0,0.15223567898962587
0.0,0.7612500942046199
0.0,0.16014571205960418
1.0,0.8331312260694993
1.0,0.5450460123833355
1.0,0.6835378133832563
1.0,0.6842789285627167
0.0,0.8528188052946926
1.0,0.5363364032473497
0.0,0.6833249198278922
1.0,0.7656723270534068
1.0,0.8349029473031406
1.0,0.803207634474912
0.0,0.6929663117902927
0.0,0.5928536232818816
1.0,0.8358785642540596
1.0,0.5550833414606836
0.0,0.057628649132438065
1.0,0.8951498401658069
1.0,0.3136087969158966
1.0,0.46842268844412527
1.0,0.6344395812795748
1.0,0.6003844455763081
0.0,0.6240539673910429
0.0,0.15919882269470464
0.0,0.1285785694777503
1.0,0.7684343634496094
1.0,0.7972001494099039
0.0,0.8401084302204772
0.0,0.1272591212570078
1.0,0.5187538054446333
1.0,0.8868258108118828
1.0,0.08346271056453819
0.0,0.9037895470761612
1.0,0.4526488443626484
0.0,0.05268300012108277
1.0,0.5108249618789633
0.0,0.5474333855390114
0.0,0.7545253080441815
0.0,0.44738312759455623
1.0,0.8571228921836314
0.0,0.4913333850336118
1.0,0.5814047969931126
1.0,0.6785294037464806
0.0,0.09945585117030006
0.0,0.5128043694133678
1.0,0.874353851119895
1.0,0.7983023774675738
0.0,0.0691829797130851
0.0,0.4013907802420978
0.0,0.2349609425408047
0.0,0.40143271584747264
0.0,0.2020900905138283
0.0,0.25117415166499163
1.0,0.7977890630792638
1.0,0.5700250101149712
1.0,0.6110403217119551
1.0,0.7642601181747279
1.0,0.825246327110043
0.0,0.045931098516406144
1.0,0.8353542935290128
0.0,0.21543360458636318
0.0,0.2090327268660191
0.0,0.1403738256876659
0.0,0.09254246105905568
0.0,0.4873474067154324
1.0,0.6067478104659112
0.0,0.4633004648382106
1.0,0.7303114563809899
0.0,0.10519026203661272
0.0,0.0867200833858417
1.0,0.7684465519601791
0.0,0.5714459323587885
1.0,0.9648440181003116
0.0,0.12761095325298893
1.0,0.7459909891443839
1.0,0.9429603537210707
0.0,0.16017832465595244
1.0,0.5076078465383076
1.0,0.836921687730085
1.0,0.40077368319142226
0.0,0.7429358984833333
1.0,0.7054127890568693
0.0,0.18259276778033565
1.0,0.4860987953082962
1.0,0.11151515648622788
1.0,0.968583295814769
1.0,0.5879075841286306
1.0,0.9712505139859325
0.0,0.30397098809848244
0.0,0.36109435055532296
1.0,0.7896086154816252
1.0,0.8008127457405506
0.0,0.09731454970261094
0.0,0.10673032959353802
0.0,0.42563181815709517
0.0,0.03153367916580623
0.0,0.4492812775744654
1.0,0.16298846562526614
0.0,0.38340262569389116
0.0,0.10248554556682617
1.0,0.8323367651913318
1.0,0.43868226270945354
1.0,0.76072234671483
0.0,0.024198893464852017
0.0,0.6300921379520898
0.0,0.07864326779864932
0.0,0.7066743599194044
1.0,0.6535398262923326
1.0,0.8143057003169851
0.0,0.24743375446644614
1.0,0.8047810219131362
0.0,0.6691280948853612
0.0,0.053478279968409204
1.0,0.7312015033295044
0.0,0.09511292350423634
1.0,0.8400802903810325
1.0,0.8995238694710154
1.0,0.8055536333127556
1.0,0.7043453099945979
0.0,0.14514968223457117
1.0,0.5515281796813811
0.0,0.11312077007167727
1.0,0.4002444710873589
0.0,0.7159066785228858
0.0,0.12173093495278224
1.0,0.32637477495663775
1.0,0.7005359225531023
1.0,0.7220105210168147
0.0,0.4652788482355697
1.0,0.8631359823224897
1.0,0.7027411397796743
1.0,0.3150837300939104
0.0,0.6755104544240663
0.0,0.1954414758083108
0.0,0.33788638940456567
1.0,0.9081850264170054
1.0,0.40821217657462233
1.0,0.6481613903788286
1.0,0.9438317868792474
0.0,0.5780209670620049
0.0,0.25407141083748935
1.0,0.860923468329893
1.0,0.7556765603285046
1.0,0.29191994905251967
0.0,0.34557324622198127
0.0,0.1796436437709363
1.0,0.8906924486423982
1.0,0.32645655576180127
0.0,0.06837643613530339
1.0,0.7222558480511719
0.0,0.19990827527900568
0.0,0.12016457610333937
1.0,0.5087150714196683
0.0,0.09387920254620295
0.0,0.37126944988832106
0.0,0.8222016272251437
1.0,0.6219643035490757
0.0,0.07464299803685413
0.0,0.6046721675296349
0.0,0.20386336244786854
1.0,0.1673039082506622
1.0,0.7544736101163935
1.0,0.9712559991993657
1.0,0.9059769378639276
0.0,0.3851767170293019
1.0,0.9175099903685159
0.0,0.6406038136607225
0.0,0.09935678841865281
1.0,0.5159633956811661
1.0,0.5459327083817866
0.0,0.3415354908765149
0.0,0.7698085701004783
1.0,0.6285330322036168
1.0,0.5993099116055985
0.0,0.9107716690142594
0.0,0.41924749730835476
0.0,0.08698592927924237
0.0,0.6458948611427161
0.0,0.5883568727060402
0.0,0.02767762124330477
0.0,0.613947540643627
0.0,0.6712369624228963
0.0,0.09350815041807273
1.0,0.9364628907261446
0.0,0.48347730601074745
1.0,0.7051971587316717
0.0,0.3026886871590941
0.0,0.7536836531365504
0.0,0.2953120296565773
1.0,0.9145756953995521
1.0,0.6176227447435024
1.0,0.32321156908230075
1.0,0.7321761127557265
1.0,0.5708936958892196
0.0,0.18348220286728584
1.0,0.6215857079803027
0.0,0.1576958234705235
1.0,0.401872576406133
1.0,0.4294936012797875
0.0,0.04290073429248173
0.0,0.0725480171858314
0.0,0.8886100761974656
0.0,0.02013402197683514
0.0,0.3662030954926554
1.0,0.5960574472426032
0.0,0.6664234036469597
1.0,0.5098149970236713
0.0,0.6502095979352216
1.0,0.821211481483267
0.0,0.870276383259674
0.0,0.24116812448932637
1.0,0.9481149231256093
1.0,0.7424074745099429
1.0,0.842042666641887
1.0,0.7602432556971531
0.0,0.15333274500360444
0.0,0.48114570903176185
1.0,0.2950189501091368
1.0,0.5450038477799383
1.0,0.3618180592380512
0.0,0.7863329853821864
0.0,0.6054530873276903
0.0,0.13070635834541947
0.0,0.46141150776551193
1.0,0.6887123980276096
0.0,0.07534676396593881
1.0,0.5270379112270233
1.0,0.7724829366782977
0.0,0.5967332026456424
1.0,0.743767063596282
1.0,0.3988993898247006
1.0,0.4536962030187034
1.0,0.9680314434220509
0.0,0.5903720911656619
1.0,0.8840585146028083
1.0,0.923480360487619
0.0,0.2966780978609531
0.0,0.7515344294431384
1.0,0.5339858003969119
0.0,0.06607715329179178
0.0,0.3824962476654151
0.0,0.540095170278975
0.0,0.08567601625882212
0.0,0.35539861987962496
0.0,0.35589604869045655
0.0,0.06158502353445548
0.0,0.1385217472853219
1.0,0.6021360222650857
0.0,0.29110155413879935
1.0,0.6305431689028502
0.0,0.8550837783675796
1.0,0.7238954432816099
1.0,0.7618324366365006
1.0,0.6910326803638741
1.0,0.30933209327439937
0.0,0.6434065582224471
0.0,0.08783969315924077
1.0,0.689683077827491
1.0,0.8263023835009604
0.0,0.02709600713025761
1.0,0.805371632121476
0.0,0.04854747722785742
1.0,0.5352923054898344
0.0,0.041869225797844856
0.0,0.17651349159753246
0.0,0.08679180211571923
0.0,0.6675871813449931
0.0,0.21723665191001
1.0,0.6948043326431577
1.0,0.26748433431312524
0.0,0.489505976896953
0.0,0.4707848231897888
0.0,0.11700848943622334
1.0,0.5509622166467872
0.0,0.14332735502913024
0.0,0.15674315276267953
1.0,0.21911381820351297
1.0,0.7443529094622306
0.0,0.24470877575130764
0.0,0.5031756680482086
0.0,0.1970586352559781
0.0,0.6896029828795447
0.0,0.22490409097508687
1.0,0.6946149906934731
1.0,0.5436564866222284
1.0,0.6001865968258477
1.0,0.8732041396695529
1.0,0.6293450874403342
1.0,0.8503766577546866
1.0,0.5789326141896002
0.0,0.49732762820355075
0.0,0.07756016380653294
1.0,0.4262734012399676
1.0,0.91104560977566
1.0,0.785546770423066
0.0,0.8171180370768418
0.0,0.36072052910291
1.0,0.41234567898817015
0.0,0.7829518779893823
0.0,0.13573582805123702
1.0,0.6006323737775349
1.0,0.637710656329851
1.0,0.7744403978598291
1.0,0.7058512916145901
0.0,0.773557508856586
0.0,0.12121988183639344
1.0,0.8894258735608417
0.0,0.44369264624007937
0.0,0.3913685175348774
1.0,0.5643681505411421
1.0,0.6363359677508775
0.0,0.45525699951803145
0.0,0.37409307340106224
1.0,0.6975397598397638
0.0,0.16196845130291346
1.0,0.15293228511926776
1.0,0.751496856989631
1.0,0.22622778342929978
1.0,0.6958209563638522
0.0,0.25139503670008306
0.0,0.4938813912888639
0.0,0.6562708163844357
1.0,0.96692675816827
0.0,0.14185835838291525
0.0,0.06368464115663681
1.0,0.7720891144898692
0.0,0.3600909242038677
0.0,0.24449355168344417
1.0,0.7396822848046302
1.0,0.9482977308286286
0.0,0.45461515234497274
0.0,0.06641685867757925
0.0,0.808538050064819
0.0,0.07761832816785193
0.0,0.15688546175082052
0.0,0.2365234573710172
0.0,0.37445053373669435
1.0,0.8236995847475774
1.0,0.791865621385104
1.0,0.7252317192006423
0.0,0.118053634594406
1.0,0.5197298121246099
0.0,0.6084170295968951
1.0,0.6846532713955211
0.0,0.04204279145630942
0.0,0.4118623013528442
1.0,0.30093870726291055
0.0,0.056294564114394596
0.0,0.11333938962087264
0.0,0.3631447573506564
0.0,0.21639731275987154
1.0,0.5996883263551248
0.0,0.06308821439847064
1.0,0.9038850105917253
1.0,0.651703545756514
0.0,0.8949481812680163
1.0,0.6813009033585098
1.0,0.965696587562243
1.0,0.8731804231816496
0.0,0.41139916175541874
0.0,0.5462505960040213
0.0,0.5696219119536127
0.0,0.8385988025081779
0.0,0.25289115216153146
1.0,0.8444723391944291
0.0,0.44918132388719745
1.0,0.46434062920967306
1.0,0.6985990881558046
1.0,0.553589482550102
0.0,0.7309138962970828
0.0,0.03980113561591829
1.0,0.7637514997733971
1.0,0.5088064903455501
0.0,0.5187456429110691
0.0,0.7983292530416594
0.0,0.4967925302970474
1.0,0.7067837151219406
0.0,0.0931012169606948
1.0,0.4190374095396435
1.0,0.5172640767526097
0.0,0.4207804500797438
0.0,0.5713889120574389
0.0,0.2590038330437611
0.0,0.1200751816733203
1.0,0.9227530961092053
0.0,0.17800240485652127
0.0,0.5804200689611738
0.0,0.731883022457951
0.0,0.26447355508882014
1.0,0.5639358896508442
0.0,0.24005540650725832
0.0,0.22238364008814984
0.0,0.21232858350120884
1.0,0.850992030145211
0.0,0.09630636509872871
1.0,0.8531239462345199
0.0,0.8482489455129806
0.0,0.5964530855954329
0.0,0.12162963752559458
0.0,0.5052909186258211
1.0,0.6499502935043433
0.0,0.4999634181418707
0.0,0.2154631009644789
0.0,0.05704604503827227
1.0,0.8860616549533445
0.0,0.0883529079338881
0.0,0.4604703577101295
0.0,0.03730322734938778
0.0,0.7184410098499743
0.0,0.08741535396790645
0.0,0.6487964065890285
0.0,0.08396906519363477
0.0,0.5618300078786578
1.0,0.7962064556497673
0.0,0.8230401107728498
0.0,0.2581234126914992
1.0,0.7568658319249284
0.0,0.6765639913273671
1.0,0.8376460358256691
1.0,0.8441773257471723
0.0,0.03613559452721289
1.0,0.7180307037809263
0.0,0.1795528442515315
1.0,0.440580596889587
1.0,0.7087967644890141
0.0,0.37117468492797745
0.0,0.34641265531557147
0.0,0.17875014913395063
0.0,0.5937111666865341
1.0,0.778013816301229
1.0,0.5171625836736246
1.0,0.5958933007330344
1.0,0.6409871315207966
1.0,0.736822381902801
1.0,0.5003964428154754
0.0,0.08216853722233126
0.0,0.3225103111434058
1.0,0.5941283678450885
1.0,0.4560277362974822
1.0,0.5327980065780754
1.0,0.5675694307244392
1.0,0.21276970261817327
1.0,0.231749053190833
0.0,0.03831224252558907
1.0,0.8317318099680794
0.0,0.07162840216869669
1.0,0.6883045993910971
1.0,0.8712456829317572
1.0,0.9191524994662781
1.0,0.6057980207989863
1.0,0.649728761705332
0.0,0.5566949002828894
0.0,0.07360409645997518
1.0,0.7315098318890807
0.0,0.09617083850152916
0.0,0.15935299531586233
0.0,0.13013985981537457
0.0,0.22994914832009183
0.0,0.14226535202020377
1.0,0.4770418754064334
1.0,0.8110244206068306
1.0,0.8738522346580538
0.0,0.032062137227376344
1.0,0.47266744208494027
1.0,0.7228369156846629
1.0,0.449986797434894
1.0,0.6478758521199197
0.0,0.12589128638265143
1.0,0.9528754744468959
0.0,0.18130389894061769
1.0,0.8100929574178022
1.0,0.754002693394967
1.0,0.6060483301051104
0.0,0.3064131728283246
0.0,0.16480099594926584
1.0,0.8525683182644496
1.0,0.198602340555557
1.0,0.7238683709363727
1.0,0.7738907164217337
0.0,0.7634290963231746
0.0,0.07105749897105294
0.0,0.3022826221638459
1.0,0.22583417469221412
1.0,0.3366041707128715
1.0,0.810698835592441
0.0,0.04153473022627971
1.0,0.8856122972434683
0.0,0.13388278453806582
1.0,0.8145737691783114
0.0,0.3207411893086367
0.0,0.12375534737191182
0.0,0.4376106555776018
0.0,0.3803412156191074
1.0,0.7156269193288858
0.0,0.052302532599937404
1.0,0.6102818899405519
0.0,0.036060546533718076
0.0,0.8677807346362599
0.0,0.09089141899848861
1.0,0.05550556950336807
1.0,0.9657039689275718
1.0,0.7420127145278703
0.0,0.33770412721247045
1.0,0.7736287013390686
1.0,0.5218692232252314
0.0,0.8311184340548265
0.0,0.22498294849278822
1.0,0.21182429345503137
1.0,0.7273871470556702
0.0,0.1513337285844995
0.0,0.20585523804152936
1.0,0.4646757544715974
1.0,0.7655205898962815
1.0,0.43246942580154313
1.0,0.73566004112189
1.0,0.5358509556240977
0.0,0.19531717228668172
0.0,0.2744170431216145
0.0,0.07976975860152631
1.0,0.6725022126609325
1.0,0.3838657220148813
0.0,0.1596601041012905
1.0,0.9949754265799249
0.0,0.027730317443313134
1.0,0.26917245480007435
1.0,0.350622780416466
1.0,0.6941133776309066
0.0,0.5294847393760485
1.0,0.9056532603888693
0.0,0.08999342802600147
1.0,0.8137082396050774
1.0,0.34204558998735207
0.0,0.03311007194755723
0.0,0.4546824027966616
1.0,0.8583653138587011
1.0,0.7700152521950584
1.0,0.5090059809165681
1.0,0.6847610130277061
1.0,0.6224410177492922
0.0,0.743097518335914
1.0,0.5826368260243326
0.0,0.048953996177258416
0.0,0.6596603593167399
1.0,0.872080944091661
1.0,0.715441991766503
1.0,0.48583729217269356
1.0,0.8910352030729424
1.0,0.7326222272037499
1.0,0.7951047156371578
0.0,0.04263921987470387
1.0,0.3401572685032762
0.0,0.28011015044580023
1.0,0.623220986350243
0.0,0.6076322574920635
0.0,0.24783920129565903
0.0,0.04382201546024842
1.0,0.8344850983832086
1.0,0.611652030658345
0.0,0.9061893172444323
1.0,0.7207744667155005
0.0,0.7873977382645626
0.0,0.4239987605700012
0.0,0.3506915580815943
0.0,0.04615329043497304
1.0,0.7046069981039315
0.0,0.12621050734528688
0.0,0.058759308657341594
1.0,0.9027958741361868
1.0,0.17545606368341646
1.0,0.8442196787712037
1.0,0.9706052183884752
1.0,0.8188118724278152
1.0,0.8161339039937259
0.0,0.5887004862122726
0.0,0.8291015437128634
0.0,0.4299997414401147
0.0,0.09161101941651181
0.0,0.28598685094003345
1.0,0.6049108099504125
1.0,0.7821261089156075
0.0,0.11906489419846787
1.0,0.604579930671621
1.0,0.5365933952895904
1.0,0.889853201818878
1.0,0.707696608899901
1.0,0.24361672438182613
1.0,0.5042627874806916
0.0,0.9003229682476368
0.0,0.4166364839012268
0.0,0.6761249082915055
1.0,0.9259216791406739
1.0,0.3769511287213372
0.0,0.5764428828064285
0.0,0.7294614261349512
1.0,0.8559425760873076
1.0,0.4500989904226929
0.0,0.111826921211177
1.0,0.8346918097339165
1.0,0.5573961149544387
1.0,0.3997124189018934
1.0,0.5588710468652206
1.0,0.9189666719744145
0.0,0.1801232257811176
0.0,0.20837781728922147
0.0,0.385336683620917
1.0,0.8240143581295003
1.0,0.7460413306004419
1.0,0.43335894365829675
1.0,0.49923164230777
1.0,0.8589926210171098
1.0,0.8120263083435448
0.0,0.0602638027010228
0.0,0.6093954400640366
1.0,0.410927924389667
1.0,0.20001281750748792
0.0,0.6887737775577516
1.0,0.2010993085112619
0.0,0.10568140184492958
0.0,0.6233110245694137
0.0,0.2431117390285215
1.0,0.6088336361816792
1.0,0.6032428606107535
1.0,0.7322823554382321
0.0,0.6626736647546697
0.0,0.9032501270180094
0.0,0.5670850361725517
1.0,0.8362294347374661
0.0,0.1997301690547978
0.0,0.038129267172092855
1.0,0.7291384827711613
0.0,0.7730419954790545
0.0,0.8627032322726464
1.0,0.821571028657438
0.0,0.3513713003067201
1.0,0.3500837446778507
0.0,0.20819311071016777
0.0,0.6060580759065262
1.0,0.7307646703968249
1.0,0.7993890013231427
0.0,0.3761485933808535
1.0,0.3021901731412786
1.0,0.792434286612013
1.0,0.45115466769018553
1.0,0.44881370139782584
0.0,0.3798099470922945
0.0,0.24881087511290173
0.0,0.4267474001087126
0.0,0.18544164234889837
1.0,0.9081145401043564
1.0,0.85445258543428
0.0,0.09798106768167966
1.0,0.9195461218158368
0.0,0.5195492588466922
1.0,0.9122583924927461
1.0,0.6843713522554766
1.0,0.30308605040938036
0.0,0.30855816674776115
0.0,0.05799874394912903
1.0,0.5948204988097331
1.0,0.5655732466777794
0.0,0.37914948748787886
0.0,0.016621411222319946
1.0,0.7325413108281807
1.0,0.8234086333202727
0.0,0.9485894646945247
1.0,0.7883515591749068
1.0,0.736843713637333
1.0,0.6950692808678937
1.0,0.510076781288206
0.0,0.24564854978808331
1.0,0.7921669837982083
1.0,0.8991768565465389
1.0,0.41521044571064947
1.0,0.7338843453438386
1.0,0.6909942302459674
1.0,0.19708411863250966
1.0,0.9548015924766385
0.0,0.24158927297956234
0.0,0.8646943972667688
0.0,0.031750709463932714
1.0,0.6815899710657287
0.0,0.022282389101061232
0.0,0.16846369983487874
0.0,0.09515018829446753
1.0,0.882712953738927
1.0,0.5459915044441429
1.0,0.8258019278207201
0.0,0.17150583023364693
0.0,0.327134466120677
1.0,0.736988963324152
0.0,0.15578903251275708
1.0,0.9347287627772004
0.0,0.06213912585682129
0.0,0.18297991712801834
1.0,0.8912666684450891
1.0,0.46364445919484365
1.0,0.9258752262834308
0.0,0.29274786315194556
0.0,0.4686919587453914
1.0,0.5902058954910122
0.0,0.2742464658446749
0.0,0.46451114143455186
0.0,0.1662239677394484
0.0,0.04704803127195309
1.0,0.3698049681245875
1.0,0.4267488464267016
0.0,0.03272790495148039
0.0,0.025782184486681452
0.0,0.1630535668737395
0.0,0.09912390269105967
0.0,0.22735617408825987
0.0,0.33246352441457516
0.0,0.04006050933091608
0.0,0.05993537272780815
1.0,0.8860132844863057
1.0,0.8693564074383903
1.0,0.9182920016129108
0.0,0.5346463178987956
1.0,0.8303726851537585
1.0,0.5240739780497019
1.0,0.6175953177850229
1.0,0.4411227539172996
0.0,0.4384743795417702
1.0,0.34835559806712524
1.0,0.6909711633350939
0.0,0.058089279146971956
0.0,0.26810806629813316
1.0,0.8730482607176123
1.0,0.48230978671431185
1.0,0.9066656471241697
0.0,0.07366327772106582
0.0,0.12711996876067416
0.0,0.4927744085024992
0.0,0.09146877564221398
1.0,0.25572618633215766
1.0,0.5763039313014543
0.0,0.8201697432294709
0.0,0.1319244974817426
0.0,0.6312701667417647
1.0,0.7017491859964069
0.0,0.2681816053112865
1.0,0.5288938281558277
1.0,0.8943531396040377
0.0,0.19008638735529773
1.0,0.3755675189840196
0.0,0.17972936344598675
1.0,0.2924660120001065
1.0,0.22383125710933488
0.0,0.19909224920012522
1.0,0.7483433338354175
0.0,0.5531601153504141
0.0,0.1820293260570193
0.0,0.24419338887226413
1.0,0.505094542215686
0.0,0.2506216318846003
1.0,0.6740140722409872
0.0,0.09894457245544604
1.0,0.684402480146606
1.0,0.7224633958280859
0.0,0.04193266085278392
0.0,0.468430855431635
1.0,0.6617829890982923
1.0,0.8118877378771482
0.0,0.2547693189071169
0.0,0.017695367531948933
1.0,0.6520616497783626
1.0,0.8823838316795648
1.0,0.4232449658527301
1.0,0.6793213038248392
0.0,0.4882178755107971
1.0,0.4761923615731508
1.0,0.899006414337493
1.0,0.9051258301154791
0.0,0.2511473919123245
0.0,0.5237562369290808
1.0,0.8270907522087569
1.0,0.8417310380540698
1.0,0.34866698992672923
0.0,0.1379681006844351
1.0,0.7278393164226266
1.0,0.46586070830466614
0.0,0.22212111072953009
1.0,0.3702860633552552
0.0,0.23402401221806582
0.0,0.1744453966911484
1.0,0.7905574802680349
1.0,0.4004600419172011
0.0,0.008683335111088444
0.0,0.17973306250316587
0.0,0.48881847183211125
1.0,0.49863377769371847
1.0,0.8963733797050337
1.0,0.5792360365219452
1.0,0.6097728973371089
1.0,0.7427952383137654
0.0,0.6446309980696671
1.0,0.6475212165997661
0.0,0.07240276657578165
0.0,0.3282267624195851
0.0,0.20308778848439205
1.0,0.6315178311668799
1.0,0.6380533581873613
0.0,0.7140974883358047
1.0,0.7593877168646491
0.0,0.3483007333241935
1.0,0.2721044332101304
0.0,0.14017648932629462
0.0,0.09910774331105429
1.0,0.8442394959200608
1.0,0.6941652511950374
0.0,0.07712728408838887
1.0,0.6582575461612564
1.0,0.5117527262238858
1.0,0.8975517307164558
0.0,0.30180415356130175
0.0,0.17239909251571556
1.0,0.8780982618226216
0.0,0.83082894285374
1.0,0.7250779579723998
1.0,0.8566358434770236
1.0,0.8645396442894535
1.0,0.672024227667808
0.0,0.01561753925376744
0.0,0.04005738221821463
1.0,0.6342311607691112
0.0,0.046286900210847526
0.0,0.0607619468171667
1.0,0.6532573233873964
0.0,0.08201191929686259
1.0,0.9427839859640831
0.0,0.8326139862885009
1.0,0.8760513770574673
1.0,0.23151650036851718
1.0,0.21859559634264325
1.0,0.1766271498630049
1.0,0.49701502852351104
0.0,0.5622900435600036
1.0,0.3556236767967299
1.0,0.5938373421784019
0.0,0.4444687050460929
0.0,0.13499399573130458
1.0,0.5560117395934977
1.0,0.8616468341127886
1.0,0.7642267165043726
0.0,0.8449272261676679
0.0,0.4998225158101104
1.0,0.7713954494247413
1.0,0.7111702826058685
1.0,0.5620462406621956
0.0,0.029176763362154468
0.0,0.06772701769184997
1.0,0.749187780801679
0.0,0.6662432384266863
1.0,0.5781137314809967
1.0,0.6564452406309678
0.0,0.06154419827817083
1.0,0.3924789542115538
0.0,0.15243309830591276
0.0,0.0654775646341686
1.0,0.7531168153104614
1.0,0.4272390207899774
0.0,0.34132419429911826
0.0,0.03623823174923456
1.0,0.29825777464986203
0.0,0.21128487385113648
1.0,0.8767698062058613
1.0,0.6659082186707905
0.0,0.33201224379925987
0.0,0.04297542321555494
0.0,0.10758874860726624
0.0,0.5636463995465533
1.0,0.4460084373596497
1.0,0.737335547394792
0.0,0.40953993132400957
0.0,0.5620851166890215
0.0,0.2670297032992202
1.0,0.8299120940610798
0.0,0.7706556590167996
1.0,0.6916065331044524
0.0,0.26237224602025927
0.0,0.7306598772463618
1.0,0.9462095231537786
1.0,0.7380935770573511
1.0,0.5983042750568923
1.0,0.7019828085357102
1.0,0.6778603694735047
0.0,0.5070671116475663
0.0,0.6462418557140686
1.0,0.7187129285580918
0.0,0.08355321596674718
0.0,0.07963685143212416
0.0,0.45039492261319164
1.0,0.914043774891843
0.0,0.11696029354761883
0.0,0.09759828336023914
0.0,0.32277504627367193
0.0,0.21925155741710667
0.0,0.11173736262988747
1.0,0.573864956809163
1.0,0.7482758560934141
1.0,0.7515824082595017
1.0,0.5498397177349785
1.0,0.46057193460528434
0.0,0.7995991985204904
0.0,0.22905590839327425
0.0,0.4088616941177817
1.0,0.7213322483478981
0.0,0.8745252484549608
0.0,0.5296621950224143
1.0,0.8119250006787442
0.0,0.4977561569677985
1.0,0.15988661841511212
0.0,0.04934272823020914
0.0,0.27615584413280997
1.0,0.6307090409377327
0.0,0.8089472949701337
0.0,0.14381553274554645
0.0,0.12746070467200013
1.0,0.7328444945945951
1.0,0.6166668659412315
1.0,0.5962854832636038
1.0,0.746327430112446
1.0,0.6565493868852845
1.0,0.8705158412777306
0.0,0.12343253497615493
0.0,0.05413039077003662
0.0,0.623293094159339
1.0,0.8735282295243096
0.0,0.9086232523760819
1.0,0.786326273511059
0.0,0.12780787994572973
0.0,0.10998819169295257
0.0,0.32147089683689706
0.0,0.08276837990756451
1.0,0.8732638649368947
1.0,0.5843528077688857
0.0,0.27413673393116855
1.0,0.10247576348195529
0.0,0.6067663983821376
0.0,0.44346403168840454
1.0,0.7495727574246324
1.0,0.768722458124867
0.0,0.3368866783828335
0.0,0.2673628869969221
1.0,0.8056472299436522
0.0,0.08355770543947487
1.0,0.5964182537816364
1.0,0.45880479373828137
0.0,0.019726384687682164
1.0,0.8667060868358228
0.0,0.37121066324983076
0.0,0.10985413047838549
1.0,0.709495835412908
1.0,0.5280558471191371
0.0,0.2119257851897727
0.0,0.7748798197333446
1.0,0.5032364477981752
0.0,0.14617033751015854
1.0,0.3580674479898911
0.0,0.3992306603991495
0.0,0.20092754009192704
0.0,0.9799143909676984
1.0,0.2334294729763205
1.0,0.5374439637799323
0.0,0.20699630129968188
0.0,0.6059299874273546
1.0,0.3972417079814856
1.0,0.6395996012934516
0.0,0.7399458352694789
1.0,0.5391430431473736
1.0,0.7447817078873581
1.0,0.5880257559475266
1.0,0.9245163363979264
1.0,0.8913037901761988
1.0,0.8357924287114228
0.0,0.423390245310509
0.0,0.14356238951071995
1.0,0.6314218125542478
0.0,0.670225278022352
0.0,0.7312022766633133
1.0,0.2746483872060474
1.0,0.6234046680134008
1.0,0.21707362898049043
0.0,0.5861997702895207
0.0,0.09421041623191896
1.0,0.564824992506986
1.0,0.13902428335228215
0.0,0.6688495983162339
0.0,0.5269497878645197
1.0,0.3076935906249593
0.0,0.10315486484509964
1.0,0.326371181000373
1.0,0.6920181894838732
1.0,0.8019465285969897
1.0,0.7415504316032883
0.0,0.23300676663669273
0.0,0.2349100339094761
0.0,0.37695054072754686
1.0,0.5032012117366679
0.0,0.14430826097357904
0.0,0.4343720811511126
0.0,0.0846485029603061
1.0,0.5048711746997947
1.0,0.5638762581490621
0.0,0.11729906108556133
0.0,0.07836475641208075
0.0,0.2232697464474566
0.0,0.6809827675344918
0.0,0.820191872860892
1.0,0.8369933312741641
1.0,0.9503491478280115
0.0,0.1140134068266324
1.0,0.7212203688137006
1.0,0.7538608665696438
0.0,0.2128806084158313
0.0,0.15679052439219734
1.0,0.7858991829626956
1.0,0.3411746120653151
1.0,0.3201368954453604
1.0,0.9318998613151221
0.0,0.7036823297237659
0.0,0.4405846501247285
0.0,0.3052621405815012
1.0,0.47304884697312677
1.0,0.1947400889671871
0.0,0.18868300514484576
1.0,0.8701093809077239
1.0,0.6707005663001391
1.0,0.15983427300894457
1.0,0.7528981817183036
1.0,0.9163406799216705
0.0,0.7263053172226545
1.0,0.6281917140280765
1.0,0.6798382228980174
0.0,0.041218941892149814
0.0,0.6346387097410446
1.0,0.6482943312313069
1.0,0.7153584779069521
1.0,0.4734063000130886
0.0,0.03418552611922927
1.0,0.9186183902985589
1.0,0.42461926836000974
0.0,0.5405774475162427
0.0,0.6338811642236838
1.0,0.8046123065254656
0.0,0.03603194198154148
0.0,0.8319201614882561
0.0,0.6187491963179743
1.0,0.8268877858716893
0.0,0.027790287321350735
0.0,0.5059443546564948
1.0,0.6076282054236751
0.0,0.3268636020622176
0.0,0.14662523622400464
0.0,0.4423975945965626
1.0,0.8457819865058106
0.0,0.0769974930498686
1.0,0.5713261923701145
1.0,0.1637117533560869
1.0,0.9156660629987742
1.0,0.9104204744834856
1.0,0.7833078387089807
1.0,0.28896979411792223
1.0,0.3913159289784622
1.0,0.834453601357053
0.0,0.25610089457175206
1.0,0.6152080043896403
0.0,0.20878442188952379
0.0,0.52140001286718
1.0,0.44336148657840413
1.0,0.8408601329907126
0.0,0.2582206433590863
0.0,0.464330740623382
0.0,0.26362224697697717
1.0,0.9624099700565782
0.0,0.15382580125391038
1.0,0.48305231597054604
0.0,0.10162792721150049
1.0,0.475246257627571
1.0,0.42454279743769324
0.0,0.1211980410633932
0.0,0.1811598104386103
0.0,0.34832687369504245
1.0,0.21531158275395929
0.0,0.5247894965010915
1.0,0.6003029931810292
1.0,0.9145059431259244
1.0,0.9484094815433779
0.0,0.35490420381896426
0.0,0.7424094676229521
0.0,0.8146191158398635
1.0,0.43393687442813045
0.0,0.047878108474898984
1.0,0.7057889408561306
1.0,0.8322998737999994
0.0,0.1197066283304808
1.0,0.8392183115286405
0.0,0.5168777701573872
0.0,0.7027390913754405
1.0,0.4286581786949146
1.0,0.7808380912097274
1.0,0.8232048349973795
1.0,0.6430093903951047
1.0,0.7075131720416884
0.0,0.6385175629048067
1.0,0.8812244228590805
1.0,0.9354321987264934
1.0,0.943308120584822
1.0,0.8415256783466375
1.0,0.7272537832142363
0.0,0.7862472576968509
1.0,0.772366679272516
1.0,0.8364717007795984
0.0,0.8675424822139437
1.0,0.7804584478497675
0.0,0.42027902936423384
0.0,0.5168381965602439
0.0,0.07531236843578841
1.0,0.7635345158472439
0.0,0.04711578589809077
1.0,0.9245437013330525
1.0,0.8220659839534062
1.0,0.7310818587811474
1.0,0.33862778461741666
0.0,0.12866045967434458
1.0,0.6836504801082787
0.0,0.1954847140887224
1.0,0.5269360405888707
1.0,0.7928130882921117
0.0,0.2657522016960927
0.0,0.24660644737956183
0.0,0.09774481490706566
1.0,0.7750686187666581
0.0,0.18785739659342468
1.0,0.627000084688955
1.0,0.7209769410226354
1.0,0.27227843429633075
0.0,0.06821561984799827
1.0,0.8171459550198458
0.0,0.1802610295300074
0.0,0.23316125005722885
0.0,0.8353887240280419
0.0,0.37399532849729944
0.0,0.5697126198727002
1.0,0.4652726359179679
0.0,0.32701147202674835
1.0,0.9082685511142993
0.0,0.7599788529014622
0.0,0.16346019292249442
1.0,0.42136906035597876
0.0,0.6247446929187547
0.0,0.12774442771632924
1.0,0.8121789368707819
0.0,0.07992860911834225
1.0,0.988282592546779
0.0,0.15305919440451238
1.0,0.45765003993616366
1.0,0.9263550370684585
0.0,0.24598615795813789
1.0,0.7946575025883457
1.0,0.22492447551907857
0.0,0.01567888178996265
0.0,0.4473755953943892
0.0,0.6201867929055802
1.0,0.729807998462538
1.0,0.8894320768998315
0.0,0.3583151902638993
1.0,0.6116675492040746
1.0,0.9193128242536464
1.0,0.2639623039576599
1.0,0.851368529675394
1.0,0.6647733276478064
0.0,0.7866515511586312
0.0,0.5453997746194003
1.0,0.5138874893749207
1.0,0.6515977199224545
1.0,0.5886433408509321
0.0,0.27302185612532703
0.0,0.6787474712814854
0.0,0.0850193747706651
1.0,0.7236388223225283
0.0,0.940080582851011
0.0,0.5738286430804298
0.0,0.2147192269467492
1.0,0.45040486116544637
1.0,0.8422000351627048
0.0,0.42661320760665433
0.0,0.3531936841734313
0.0,0.2501442558996421
1.0,0.9327408728102624
1.0,0.5137306944477619
1.0,0.2799254573351081
0.0,0.4484322748349744
0.0,0.40621495157897886
0.0,0.2357505880144078
0.0,0.1767628829260106
0.0,0.9510597845352337
0.0,0.17620469109726342
1.0,0.4771412625843706
0.0,0.5200033207996235
0.0,0.15843316809677843
1.0,0.7093867917895063
0.0,0.022554718282392888
0.0,0.8750171719621671
0.0,0.09126653862400096
0.0,0.7964704210357236
1.0,0.8034148937892489
1.0,0.6208821640000396
1.0,0.5886339330292719
1.0,0.5914938297632717
1.0,0.6779724605737854
0.0,0.03550826835152577
0.0,0.5031982675369863
1.0,0.27386123272989604
1.0,0.47129288427495325
0.0,0.6620712910436682
1.0,0.6636679453707766
0.0,0.6306018848218858
0.0,0.6012557949754145
0.0,0.15659237601360668
0.0,0.1739439820223259
0.0,0.16590653568337818
1.0,0.8870041478057535
0.0,0.5560509230775232
1.0,0.2208239317671896
0.0,0.11788483831836302
0.0,0.03209350498932243
0.0,0.45574845733268704
0.0,0.12013511404030591
0.0,0.5316098894601278
0.0,0.5891629981445837
0.0,0.009899388798645685
1.0,0.7573905688494488
1.0,0.7358746201915987
1.0,0.7889924441254776
0.0,0.16453537605166316
1.0,0.9067372480311198
1.0,0.5952627830424563
0.0,0.33920413190851456
0.0,0.2046992632394773
1.0,0.7406469908366272
0.0,0.47295773274780833
0.0,0.46007715779244157
1.0,0.5247672700865829
0.0,0.05705504296849169
1.0,0.8057307739829263
1.0,0.3459697813659087
0.0,0.09742047292876761
1.0,0.49449066751239096
1.0,0.9548767180806991
0.0,0.21739070667762686
0.0,0.1812173593769303
0.0,0.16701943238576206
0.0,0.21255667906626677
1.0,0.7405436078091584
0.0,0.6259124277016644
1.0,0.2698132133496011
1.0,0.43473707551365104
0.0,0.2510857417578912
0.0,0.07579789506295255
0.0,0.5893720655654066
1.0,0.6869272089330989
0.0,0.07574170654152265
1.0,0.9415302680128202
1.0,0.23132553525311378
1.0,0.4964355704480126
1.0,0.7295674866664353
1.0,0.6182708532740437
1.0,0.8544315701223593
0.0,0.2836361344052182
0.0,0.40315669247953895
0.0,0.03273635887708828
0.0,0.32998750812319994
0.0,0.11317316596353287
0.0,0.4282945548505225
1.0,0.8647898201981327
0.0,0.114919123311416
1.0,0.8413654593952139
1.0,0.5736413508238554
0.0,0.9014972716827685
1.0,0.7797002215264879
1.0,0.8055085012449409
1.0,0.6965480295682599
0.0,0.6040238141898757
0.0,0.0449991261909158
1.0,0.6235903734554906
1.0,0.8264397764657855
0.0,0.19526323060426762
0.0,0.5565373168928788
1.0,0.58723768273907
0.0,0.5034502566131966
1.0,0.8540629473183121
0.0,0.12647391108169478
1.0,0.6773150151855478
0.0,0.18788333074769017
1.0,0.914282329549485
1.0,0.32998704427302583
0.0,0.6662260955412574
1.0,0.1721061870468941
1.0,0.46699297163243525
0.0,0.4775814250567322
0.0,0.18812270008770074
0.0,0.4463686878132878
0.0,0.1050481631335779
1.0,0.8074635090147354
0.0,0.27270375928673124
0.0,0.7688569794691803
0.0,0.11099045452919126
0.0,0.4635763475444311
1.0,0.5327845224224894
1.0,0.6459559364887626
1.0,0.5441183544918604
0.0,0.3949154241692645
0.0,0.018267687282922336
0.0,0.13462346519017812
0.0,0.07560684186574163
1.0,0.9312705481452168
0.0,0.30720287916667494
0.0,0.06339806239996146
0.0,0.6996024664113498
0.0,0.03398523625576292
0.0,0.18858022840202812
0.0,0.34160501835076845
1.0,0.860019973145438
0.0,0.26243246372359685
0.0,0.06063562346591182
0.0,0.3002805029336448
1.0,0.9157712195207354
0.0,0.5214239149536527
1.0,0.81104933181755
1.0,0.7611274424346063
1.0,0.7647453296246429
1.0,0.25431661806700107
0.0,0.05260147668877662
1.0,0.7311090958598859
0.0,0.38716996870365955
0.0,0.1370008621506267
0.0,0.10820419045456628
0.0,0.17654477395144072
1.0,0.6429798717520318
0.0,0.764922620216857
1.0,0.22370538563004588
0.0,0.4316801098355566
0.0,0.03663776021376784
1.0,0.39540187820405853
1.0,0.5317346916621679
0.0,0.8277666131703146
0.0,0.46812666950953213
0.0,0.09110700575485603
0.0,0.039744154786422216
0.0,0.23288878325570478
1.0,0.6098654602174336
1.0,0.7262507450205835
0.0,0.21098957039020452
1.0,0.3681222376063462
1.0,0.6364349157716631
1.0,0.7995924327261525
0.0,0.1153409829514337
1.0,0.650837578726297
0.0,0.8141662737981247
0.0,0.1542521012528903
0.0,0.6945159542951211
1.0,0.5010628100316719
0.0,0.8804899037722095
0.0,0.3430214596594367
0.0,0.21900336656129818
1.0,0.5881768374665948
1.0,0.6871213510382974
1.0,0.6538561203520493
0.0,0.23529225373587467
1.0,0.4716463456183112
0.0,0.16446114822725796
1.0,0.1415564539115452
1.0,0.6120205619853956
0.0,0.8103688139067022
0.0,0.06789596347049268
1.0,0.8824556757523097
0.0,0.48557149289080814
1.0,0.9027537672045068
1.0,0.71062833015015
0.0,0.028383271057864177
1.0,0.3216423048040789
1.0,0.8687839594028013
1.0,0.6773396809063112
0.0,0.3323824278460067
0.0,0.2591527533299132
0.0,0.25731087038185474
0.0,0.8760499243934236
0.0,0.9679568982030212
1.0,0.3417223770049134
0.0,0.06541554681858085
0.0,0.09854545217196349
0.0,0.5288428230729026
0.0,0.34692857473657285
1.0,0.9213500592985556
0.0,0.4329675392197663
1.0,0.8479572398485685
1.0,0.8881563901916768
1.0,0.5339625381124401
0.0,0.5947480846193489
0.0,0.060760839593436575
0.0,0.1375530792810074
1.0,0.7753437857033869
1.0,0.4967388068610168
1.0,0.9438910730069107
0.0,0.19464263651661928
1.0,0.8660291417739651
1.0,0.4662089107495529
1.0,0.5548141431027761
1.0,0.11558412869488412
0.0,0.3748089782077206
1.0,0.5025363552889373
0.0,0.1524545644339083
1.0,0.38926828111340056
0.0,0.33480423140770893
0.0,0.5220947464120596
1.0,0.6604607000137322
1.0,0.8801890857301086
0.0,0.06158577816463019
1.0,0.20782560858200577
0.0,0.07366038264445551
1.0,0.7853635875599004
1.0,0.649295071869606
1.0,0.9565567685046882
1.0,0.7491338017089727
0.0,0.08493964084844169
0.0,0.22894479268080078
1.0,0.9164315514721266
0.0,0.6520083067975951
1.0,0.806357608103154
0.0,0.23104457924969138
1.0,0.8113013444936851
1.0,0.48240670134270525
0.0,0.1264133322945804
1.0,0.5712977613850363
0.0,0.07637554656469574
0.0,0.6992914445227587
0.0,0.17035041618979718
1.0,0.8427333234588242
0.0,0.22261579054331504
0.0,0.8055600290854087
1.0,0.7461907486787954
0.0,0.05195155860778036
1.0,0.9230187579203318
1.0,0.799650739912234
1.0,0.35018298663997066
1.0,0.30791130304871867
1.0,0.8079527235778483
1.0,0.48815184329781963
0.0,0.31892372146404124
1.0,0.8486374161488298
1.0,0.9500935860779524
1.0,0.7756359267766737
0.0,0.47770393528484323
1.0,0.7812680334442148
1.0,0.376994108114716
0.0,0.12426256539779754
1.0,0.7634450348979549
1.0,0.2696840498056063
0.0,0.21249741990292229
1.0,0.6374695148375316
0.0,0.33058514630159186
1.0,0.8385969296958173
0.0,0.18576189558693798
0.0,0.38657423276108127
0.0,0.11212925512477682
0.0,0.6145422956509767
1.0,0.2668014603311153
0.0,0.12306325454907621
1.0,0.23280245715787204
0.0,0.0940864153373588
1.0,0.8961506796837732
1.0,0.9526354197757595
1.0,0.7795499099078469
1.0,0.8204931133124547
0.0,0.4025608904668674
0.0,0.4044968966783361
0.0,0.13045312034372197
0.0,0.6220290811200856
1.0,0.9456401911124317
1.0,0.8907068597135054
1.0,0.9468115924216045
0.0,0.05060880749374818
1.0,0.6031358045213451
0.0,0.6447117832121609
1.0,0.3729730749905025
0.0,0.38053794669619184
0.0,0.5496032160064559
0.0,0.48909773664074174
1.0,0.7253487582670989
1.0,0.41124582697193773
0.0,0.10256651197965438
0.0,0.5452440366471519
1.0,0.7197367085984655
0.0,0.36762645323705595
0.0,0.03176014367373854
1.0,0.5535572318037476
0.0,0.4840737334766894
1.0,0.6862984833305659
0.0,0.7156454542007223
1.0,0.461601376492914
0.0,0.3212719651442316
0.0,0.12761095325298893
1.0,0.46741352080907544
1.0,0.35699198065050497
1.0,0.6538175704305722
0.0,0.3219798966996469
0.0,0.5466473910785626
1.0,0.17832295614182486
1.0,0.551122057731196
1.0,0.2525024342261441
0.0,0.42876938428240885
0.0,0.6864860699281204
1.0,0.6579131649146235
0.0,0.7364505738209163
0.0,0.20168385924251203
0.0,0.6613984845652732
0.0,0.38315076307254353
0.0,0.8060900049110258
1.0,0.6755517664498205
0.0,0.77248481639717
0.0,0.1384649891728716
1.0,0.5689509843095639
1.0,0.916214759597024
0.0,0.21195766008306716
1.0,0.7866524706740113
1.0,0.652632252805623
0.0,0.40282171996268856
1.0,0.49464701539903155
0.0,0.034453627367722416
0.0,0.037987919555540206
0.0,0.26889806464514554
1.0,0.7458140038359113
1.0,0.5249373577985005
0.0,0.5535126255493352
0.0,0.06896561345443498
0.0,0.09932079225038364
0.0,0.2383336264161072
0.0,0.5267670542852783
0.0,0.18498697727783908
1.0,0.3081521026625337
1.0,0.8038444473667318
0.0,0.4346792991298482
0.0,0.39960445574020365
0.0,0.4671960331949315
1.0,0.9555615586629487
0.0,0.550235480850794
1.0,0.9393856573119095
0.0,0.15028855573138775
0.0,0.1441758408593913
1.0,0.9728151130389125
0.0,0.23451721813403087
0.0,0.17402118470869093
0.0,0.013713261720886761
0.0,0.06509728381389801
1.0,0.8857551366306219
0.0,0.6847120880023749
0.0,0.09676459760916509
1.0,0.4199885621831761
0.0,0.20439411924033488
0.0,0.040710597312310165
0.0,0.2252595913186637
0.0,0.3835538127308627
0.0,0.7680712861208361
0.0,0.4838247210034029
1.0,0.6293156067436659
0.0,0.09453900319286655
0.0,0.9298641192423789
0.0,0.5627161545156076
0.0,0.17172365952974994
1.0,0.9132313022661837
0.0,0.15688889356466448
1.0,0.38285347954925264
0.0,0.0868802435538243
0.0,0.164165878898772
0.0,0.5353192121289893
1.0,0.6936944646451633
0.0,0.14782455851878
0.0,0.3740429011591942
0.0,0.234535844149646
1.0,0.958027953316601
1.0,0.3832238748413921
0.0,0.13388167344368818
0.0,0.6613300369779576
0.0,0.6644728110682664
1.0,0.3083149686044711
0.0,0.04275535399321524
1.0,0.7019944946578152
1.0,0.6050714317764058
1.0,0.32218249917179526
1.0,0.9483011828252936
0.0,0.1030753922941429
0.0,0.05484525905310487
1.0,0.8849077210303816
0.0,0.7668415877816271
0.0,0.7063775682449152
1.0,0.7026598909891673
0.0,0.04988125109081954
1.0,0.737159949352093
0.0,0.7975308056628366
1.0,0.966067933936156
0.0,0.4166639461374006
0.0,0.043991811748897866
0.0,0.6212485062417645
0.0,0.47716111508332215
0.0,0.23385251451037226
0.0,0.6828136195191581
1.0,0.8225286233987273
0.0,0.5152634524252091
1.0,0.8833916043358788
0.0,0.7548574068626154
1.0,0.8566993214598669
1.0,0.917494852004487
1.0,0.8227138373328514
0.0,0.5227807141218357
0.0,0.13549896921528845
1.0,0.6082715158429314
0.0,0.08472354134183724
0.0,0.68846816634317
0.0,0.10361175091627692
1.0,0.8141325944555297
0.0,0.27027338958989655
0.0,0.5866018157849402
0.0,0.889552315272636
0.0,0.29414175584845276
1.0,0.34559778982338074
1.0,0.8079976139034067
1.0,0.6351146914724011
1.0,0.6895458454781137
1.0,0.37526904388639826
1.0,0.7096907241714148
0.0,0.625956244387985
0.0,0.9178808686662212
1.0,0.8062621138102586
0.0,0.7939005083558466
1.0,0.5872096497818745
1.0,0.9299417417570277
0.0,0.04767579457219753
1.0,0.7305523661119411
0.0,0.3384809121398096
0.0,0.18287994708246985
1.0,0.8727205542634991
1.0,0.9274761817184632
0.0,0.1540715169421524
0.0,0.031299960220790596
0.0,0.20473812685407677
1.0,0.9357512944694479
1.0,0.4072921910022459
0.0,0.4168616904015003
1.0,0.9526612046456698
0.0,0.05491825235783181
1.0,0.353016552265786
1.0,0.7987318501375467
0.0,0.10656876123469035
1.0,0.7171629258105531
0.0,0.11136338872671021
0.0,0.7286754715291042
0.0,0.554404309475391
0.0,0.5677188814446611
0.0,0.18213387894416538
0.0,0.7707694216495945
1.0,0.8130091460882872
0.0,0.7378659353912143
1.0,0.6667021639656456
0.0,0.6500420807005405
0.0,0.1333336645322746
1.0,0.2613969352162255
1.0,0.7538539735630834
0.0,0.04208898205804722
1.0,0.7904099565305502
1.0,0.1482209492642862
0.0,0.3111440734873581
1.0,0.44285722928982196
0.0,0.6531230405182474
1.0,0.9208402293449144
0.0,0.3960315951510235
1.0,0.8623053714866862
0.0,0.21354193832637755
0.0,0.2508850247906708
0.0,0.23237567826265199
1.0,0.7791889827324217
0.0,0.0553928476882271
0.0,0.289237650961793
0.0,0.29581464413309627
0.0,0.14629294796258296
0.0,0.1691350570455189
1.0,0.7397631836510522
1.0,0.4455774297608078
0.0,0.04975962265480396
1.0,0.5341996477171994
1.0,0.8500626993564415
0.0,0.36626477949152353
0.0,0.7918313027492135
1.0,0.5858202474380012
0.0,0.059867541536192316
1.0,0.7052485678305866
0.0,0.04017909267493504
0.0,0.4440419739546429
0.0,0.7985330392780982
1.0,0.8777322862370112
0.0,0.5622322281504696
0.0,0.8636176061097136
1.0,0.9476549277809679
0.0,0.7919217226360961
1.0,0.8764243118855305
1.0,0.4556288566067343
1.0,0.6302726497596743
0.0,0.41966423147806514
1.0,0.7517214031314073
1.0,0.6499741247586701
1.0,0.5167623209840123
0.0,0.44237991186275843
0.0,0.5027843238109694
0.0,0.13463490623834737
1.0,0.4428875728006249
1.0,0.1335811512205271
0.0,0.4202583039035795
1.0,0.8266135061802836
0.0,0.23609220940972117
1.0,0.6865628087790601
1.0,0.772954024047306
1.0,0.9569718147954136
1.0,0.7462590797944992
0.0,0.22424918371320027
0.0,0.2579984248149173
0.0,0.08635099697553895
0.0,0.020568814517892116
1.0,0.8373302728211972
1.0,0.41572706513912866
0.0,0.6766371687124356
0.0,0.2957072283983868
1.0,0.38367937122140305
1.0,0.5348064184983575
1.0,0.8773104369940495
0.0,0.12054426924608837
1.0,0.9457834297503322
1.0,0.6843326529131122
0.0,0.04897232725318513
1.0,0.2227134907403267
0.0,0.24153051493531677
0.0,0.25307889514630305
0.0,0.07246128001279299
1.0,0.48798419053282216
1.0,0.6218445175865946
0.0,0.5366152022615359
1.0,0.5286205830658032
0.0,0.33617066649293975
1.0,0.8895344098886865
1.0,0.42147263544355096
1.0,0.46619739025245804
1.0,0.5890125474082681
0.0,0.3869113196989101
1.0,0.8478434614317661
0.0,0.3113562026181541
1.0,0.7224010847120365
1.0,0.7842696965716247
1.0,0.5925412507082709
0.0,0.1126742628926802
1.0,0.47316087249218514
1.0,0.4235680961893477
1.0,0.7551524652891087
0.0,0.3781650157469832
0.0,0.047794228713542844
1.0,0.8829290223653935
1.0,0.33540734895512647
0.0,0.20881504529095601
0.0,0.37358924616758676
1.0,0.28697720284222866
0.0,0.07804916023131239
0.0,0.239221708058668
1.0,0.7326842468523814
1.0,0.6101681695887079
1.0,0.6686166172603587
1.0,0.7504363734025863
1.0,0.6212088141375541
0.0,0.2899543109053209
0.0,0.5609477386031838
1.0,0.7066212157466549
0.0,0.3979325226891421
1.0,0.41443242878364006
0.0,0.6315952886871636
1.0,0.5530773923517068
1.0,0.750021514036522
0.0,0.027183940449311963
0.0,0.1978345217923409
0.0,0.30182160921154316
0.0,0.4672067616523053
1.0,0.6271197675970562
0.0,0.33877966613655397
1.0,0.7001784183822004
0.0,0.17186276937297285
0.0,0.339557733604757
0.0,0.01705155585453099
1.0,0.552564510327805
0.0,0.0954681268031335
0.0,0.20936827507508285
1.0,0.18055864032061542
0.0,0.40256740300132826
1.0,0.5137990999469336
1.0,0.868306440635514
1.0,0.8043220734096083
0.0,0.32777711455448316
0.0,0.6303066040349253
1.0,0.8971223574738919
1.0,0.828635931532072
1.0,0.5593002643648562
0.0,0.5006152481460888
0.0,0.597677541328937
1.0,0.7141594929917608
1.0,0.3086552115068794
1.0,0.7064209942180767
1.0,0.6513101585942449
0.0,0.9326672038351194
1.0,0.6470057747551525
0.0,0.38621137685135665
1.0,0.9989751460995352
1.0,0.8279403732236136
0.0,0.2940015546995101
1.0,0.5897783917281484
0.0,0.27544608938790416
0.0,0.24686891437082098
0.0,0.5994597124678082
1.0,0.8499966726898239
0.0,0.011970437135295635
0.0,0.3154336209447264
0.0,0.9111432768600024
0.0,0.47079689845470707
0.0,0.0400762847888172
1.0,0.7980199494419274
0.0,0.2751446847613197
1.0,0.8532720276772543
1.0,0.8783647317469956
0.0,0.4270553152489813
1.0,0.5625098830566062
1.0,0.7152161311570984
1.0,0.758258979068077
0.0,0.1140964276031467
1.0,0.7806274613729568
0.0,0.8496822676568467
1.0,0.7955695012566047
0.0,0.021854913634064953
1.0,0.7061866756756673
1.0,0.45447128202299586
1.0,0.862258885990726
0.0,0.6356941830280766
1.0,0.8914233048904303
0.0,0.27456305884578225
0.0,0.4820893432922262
1.0,0.7205276441781607
1.0,0.8426618166035984
1.0,0.6846353054398501
1.0,0.8891147984907006
0.0,0.31828349383277066
1.0,0.9664034793370586
1.0,0.7091389967979322
0.0,0.10447147402255108
0.0,0.32329636063535994
1.0,0.9497024492684548
1.0,0.6511261468200639
1.0,0.8454440738662478
1.0,0.794503886688575
1.0,0.5367920061156585
1.0,0.9301462229872646
0.0,0.6096819587703646
0.0,0.07432960216298916
0.0,0.04864186044172568
0.0,0.06021614390359666
0.0,0.02999237313871314
0.0,0.4661424993077603
1.0,0.28525550258395177
0.0,0.23896200418706542
0.0,0.2540457388348792
0.0,0.3082380966742146
1.0,0.8197177725510721
0.0,0.3542456601613268
0.0,0.12472410669937511
0.0,0.16463011035313302
1.0,0.8982748310188061
0.0,0.3143933007780854
0.0,0.6393209989084854
0.0,0.06421515552942715
0.0,0.37199728791448466
1.0,0.5250038283412986
0.0,0.6665635948486329
1.0,0.7318389082940167
1.0,0.9489799020870346
1.0,0.8073413756073582
0.0,0.20686829693890446
0.0,0.6590299824494398
1.0,0.7226924966787914
1.0,0.5664091351239645
0.0,0.09917612633664667
1.0,0.8501861840701971
0.0,0.3671588992287895
0.0,0.09585795873013797
0.0,0.7383769770682634
1.0,0.738325044444746
1.0,0.7485308284471409
0.0,0.3532050247131336
0.0,0.14629970951090374
0.0,0.6543577016273276
1.0,0.3104708060328994
1.0,0.8410344423753016
1.0,0.7402288263044904
1.0,0.8925996543000835
1.0,0.5838155073410095
1.0,0.8977958856066292
1.0,0.3821504785769547
0.0,0.4678254427158909
1.0,0.940829847074823
0.0,0.7355345395777673
0.0,0.35769250163750327
1.0,0.8627540821572699
1.0,0.9508265566966505
1.0,0.517713490540208
1.0,0.7053317171380191
0.0,0.24171047098142595
1.0,0.26422289111965297
1.0,0.31884375676564936
1.0,0.7740677383091802
0.0,0.21255311583270614
1.0,0.8853705022482836
1.0,0.8092874761881288
1.0,0.5267082194357509
0.0,0.1866716536626205
1.0,0.45547354847672616
0.0,0.06166581763441461
1.0,0.657260363132651
1.0,0.833517293736457
0.0,0.4326214274966011
0.0,0.3016090388631062
0.0,0.5639358452220439
1.0,0.33413484842887026
0.0,0.6223485744939106
1.0,0.8686793797885792
1.0,0.8014622004393819
0.0,0.8742929020246919
0.0,0.28084022015391
1.0,0.21996401462235002
0.0,0.20358294021697518
0.0,0.17911914051825167
1.0,0.8252289919716841
1.0,0.14482974183299036
1.0,0.4852833588858032
1.0,0.7455509208568339
0.0,0.24318292495764554
1.0,0.9774318534933915
0.0,0.7197862437114981
1.0,0.7093617111610689
1.0,0.8114329543113781
1.0,0.8633355118336591
0.0,0.8986621306487281
0.0,0.23584720361858977
0.0,0.09548030739948599
0.0,0.1836969378338338
0.0,0.6976690128044875
0.0,0.6798599031993485
1.0,0.841951621830498
1.0,0.8772329454321022
0.0,0.1317822249974706
0.0,0.36040100954134036
0.0,0.4214285114373505
1.0,0.6917956284701264
1.0,0.9501599279027467
0.0,0.263013304415921
0.0,0.4643866225523341
0.0,0.3122680401155818
1.0,0.7640770018120037
1.0,0.21809450618314014
0.0,0.1361743094058237
0.0,0.5469365505554665
0.0,0.17209844341013314
1.0,0.8494537162245617
0.0,0.3928593094092798
1.0,0.7137505050542178
0.0,0.8022698755866005
1.0,0.9468124333230215
0.0,0.20154210723284344
1.0,0.7819099447724966
1.0,0.837272287586751
1.0,0.5519404016167166
0.0,0.09379191968808638
1.0,0.6080553634024131
1.0,0.40320143954806276
1.0,0.3154800910644024
0.0,0.029106629721759706
0.0,0.3879929589186959
0.0,0.6675471782020808
1.0,0.7040381011944737
0.0,0.43559331144518787
0.0,0.3604527932626799
0.0,0.28252068373126243
0.0,0.0933737284779161
0.0,0.08938318482019059
0.0,0.22192249762185567
1.0,0.2438668133779565
1.0,0.9014880603517376
0.0,0.37461001737463395
1.0,0.8359232186728277
1.0,0.9577114219969928
1.0,0.6398870522461365
1.0,0.6734472780243024
1.0,0.7981757275657652
0.0,0.1001973520627141
1.0,0.3244977730335939
1.0,0.6578513389632668
1.0,0.4479752391225589
0.0,0.1147185128369814
0.0,0.29966623778836876
1.0,0.20742598776273646
1.0,0.45206684166594385
0.0,0.061687883704235266
0.0,0.06926069351772822
1.0,0.17257602113697573
1.0,0.817161647992996
0.0,0.40821032257563244
0.0,0.11973911169884563
1.0,0.8679080770167721
0.0,0.04389372736263275
0.0,0.3725707340283062
0.0,0.09335798172285814
1.0,0.4114963660398616
0.0,0.7209377174720997
1.0,0.6901026187512741
1.0,0.3292217637579081
1.0,0.8140159639327095
1.0,0.8819249833886937
0.0,0.022217184499440937
1.0,0.648862800032331
1.0,0.6873242326104164
0.0,0.4648548854321425
1.0,0.8657731702434532
0.0,0.27818668942806635
1.0,0.9258846557462523
1.0,0.6086736566739013
1.0,0.8465408386564328
0.0,0.9328170482681808
1.0,0.7535649732966636
1.0,0.549003859901281
0.0,0.16554832440048964
0.0,0.545443156976546
1.0,0.615474178739763
1.0,0.553858361831108
0.0,0.08285651513378332
1.0,0.8978499348207946
1.0,0.5944684073619916
1.0,0.8225693321959602
1.0,0.3418701721217802
1.0,0.6984133196757507
0.0,0.197199116931744
0.0,0.09093982973468026
0.0,0.07111249517026076
1.0,0.575875218161
0.0,0.8255402579914586
1.0,0.8998963863660091
1.0,0.7423983137976596
0.0,0.5123520107734656
0.0,0.0728208477077773
1.0,0.8599401697092115
1.0,0.7658187824967596
1.0,0.6792932016058086
1.0,0.5004901161281674
0.0,0.3842452978380336
1.0,0.26651756660207476
0.0,0.22749968705323112
1.0,0.84857534452121
1.0,0.770591161528673
1.0,0.735967920219947
1.0,0.7167063970248454
0.0,0.8359725421778383
0.0,0.022544532086149288
0.0,0.5877042936787827
0.0,0.6624246740126838
0.0,0.17612134229338886
1.0,0.9234672273686512
0.0,0.21161780373099925
0.0,0.30082134493599494
0.0,0.45447767254845794
1.0,0.8167840251746477
0.0,0.5500672832132494
0.0,0.5033629555157122
1.0,0.7798459225282988
0.0,0.30188668482105874
1.0,0.38788869895001893
0.0,0.5139076137056544
1.0,0.8903280209500622
1.0,0.4453436282908529
1.0,0.7219611168889678
0.0,0.40198017901333566
1.0,0.42987894082398176
0.0,0.40074970739232246
0.0,0.35380860596627467
1.0,0.7663217032399604
1.0,0.6983356658703503
0.0,0.46032412112093957
0.0,0.5824570924569056
0.0,0.6206865970757686
1.0,0.3709251977843559
0.0,0.7238967409824653
1.0,0.4412642833203632
1.0,0.7069487353264698
1.0,0.8223637706957265
1.0,0.4828055429343137
0.0,0.2144803989066643
0.0,0.23819001051635993
1.0,0.4756172797532434
1.0,0.5761827549742252
1.0,0.8098516537778887
0.0,0.2738179234664878
0.0,0.27108951425337696
1.0,0.7034554131370511
1.0,0.6867846726803503
1.0,0.18136730940169832
0.0,0.13552304337111196
1.0,0.6398967862638983
0.0,0.7529577626515558
1.0,0.5704994211042324
0.0,0.07490982115495481
1.0,0.6745092024135534
1.0,0.5595135390676146
1.0,0.7346084175801848
0.0,0.10630253807001194
0.0,0.056279708465220186
1.0,0.7376141514789412
1.0,0.6034396277406266
1.0,0.9269476735332206
0.0,0.21039197853011826
0.0,0.6047942950896811
1.0,0.6438016691460047
0.0,0.473211863761808
1.0,0.9733520158485747
0.0,0.7662853990445149
0.0,0.07854448120002504
0.0,0.36526254812280234
0.0,0.8732021693219879
1.0,0.8237513425908853
0.0,0.3625485896284089
1.0,0.9484972871937093
1.0,0.7757388167410171
1.0,0.3729243077598567
0.0,0.504538493916056
0.0,0.49918448679841276
0.0,0.11162734499492846
0.0,0.015972566709777935
0.0,0.6888015628189047
0.0,0.12148547080220429
0.0,0.08796257224182324
0.0,0.06034729590634271
0.0,0.11438497487238555
0.0,0.176955970428669
0.0,0.14669640195803135
1.0,0.7656489833180521
0.0,0.14216848709810123
0.0,0.15175395772415093
1.0,0.8548409635449596
1.0,0.4489418159270854
0.0,0.49830993873296164
0.0,0.07479982391377962
1.0,0.6268211237251131
0.0,0.41491833710308534
1.0,0.8120827910965142
0.0,0.23673720837524498
0.0,0.3604716589198582
1.0,0.5293959620310956
0.0,0.02280150945290747
0.0,0.24771318375476117
1.0,0.23245505231749053
1.0,0.8808276592412561
1.0,0.8571665243480073
1.0,0.9557636649468056
1.0,0.7015304511893069
1.0,0.4295507834471067
0.0,0.07767064985307376
0.0,0.026677602559953644
0.0,0.264738913402227
1.0,0.6905215998282814
0.0,0.3102399585378926
1.0,0.856755482538906
1.0,0.9110871247599139
1.0,0.646707259176962
0.0,0.3358352373252479
1.0,0.8470320259004199
0.0,0.1199545568913663
1.0,0.23556861365468407
0.0,0.4922498525818175
1.0,0.3198053968989685
1.0,0.11570976298634722
0.0,0.06048523728906562
0.0,0.07828054680805156
1.0,0.7707723716917383
1.0,0.744750098517465
0.0,0.6066734707671754
1.0,0.8532442465715366
1.0,0.7708780926683567
0.0,0.6967701135717451
0.0,0.009851892193865567
0.0,0.15250726899275582
1.0,0.8822580010254936
0.0,0.37475121348917034
0.0,0.6520165170769268
1.0,0.9217017561663354
1.0,0.2888495405486712
1.0,0.39222270146842814
1.0,0.4758068122089985
1.0,0.3513878397501697
1.0,0.767398368141134
1.0,0.7291727070782836
0.0,0.3127105665146705
0.0,0.03937351084746932
1.0,0.9201914609415964
0.0,0.3722609913221124
1.0,0.8992928604981827
0.0,0.2582936318721847
0.0,0.25014474086699806
0.0,0.09385788525122082
0.0,0.4769861641304458
0.0,0.06412059639224123
1.0,0.9136103868186214
1.0,0.16290050506699627
0.0,0.6861642143177985
0.0,0.40091388365831876
1.0,0.5198261714222833
1.0,0.89304510078864
1.0,0.8802902104855971
0.0,0.3001439198941789
0.0,0.02522006807276349
1.0,0.2508733736261185
0.0,0.08638505188559455
1.0,0.3605019724907803
0.0,0.4164844058732119
1.0,0.837082152770253
1.0,0.7210566424137307
1.0,0.5547938260577907
0.0,0.8532257997086857
0.0,0.6458873434980306
0.0,0.18028223206984736
0.0,0.034696138296926804
1.0,0.5953355084003445
0.0,0.026333191006274383
1.0,0.7076558660090762
1.0,0.4108673493925782
1.0,0.9643433489767009
1.0,0.6315017599455645
0.0,0.09986514280705577
1.0,0.9257359454989953
1.0,0.46958550203690674
0.0,0.19328862042244374
0.0,0.421278300949787
0.0,0.1983438726776041
1.0,0.40356979451891
1.0,0.47058360761889273
0.0,0.1344243953461209
1.0,0.8667304277535178
1.0,0.5159511995267546
1.0,0.4665832312695092
1.0,0.5123890822314664
0.0,0.09825459741164651
0.0,0.08604537220327377
1.0,0.4970691776256206
1.0,0.9872217142287713
1.0,0.4909053011140178
0.0,0.2350514888052395
1.0,0.5746500112187835
1.0,0.7340816029092525
1.0,0.8740192845024117
1.0,0.8041463958476682
0.0,0.8127353920152777
0.0,0.21192859830545552
1.0,0.25446613539555624
1.0,0.6048592995025481
0.0,0.2716259497509774
0.0,0.5027848461754443
0.0,0.426337291764733
1.0,0.6642436098461355
0.0,0.7424601098280307
0.0,0.1604934911070241
0.0,0.04732336783829986
1.0,0.7899956178341044
1.0,0.6496374676088896
1.0,0.2664118677102609
0.0,0.7999944953087228
1.0,0.16480757032485607
0.0,0.10639308361937592
1.0,0.6096560304742924
0.0,0.4247551905460928
1.0,0.6593244259582124
0.0,0.47517390088763434
0.0,0.08360135397858039
0.0,0.08367974379333588
1.0,0.9053096504399504
0.0,0.33832806657719067
1.0,0.7774429595472578
1.0,0.8840437387271726
0.0,0.18503549472963643
0.0,0.10504428226577171
0.0,0.15939302289689786
1.0,0.9047797467013389
1.0,0.9299881312074916
0.0,0.3432609548023613
0.0,0.02999237313871314
1.0,0.755504026432043
1.0,0.8852723432593842
0.0,0.5554462432727835
1.0,0.9021033002134414
1.0,0.44402532727003075
0.0,0.055824401234852
0.0,0.20892580289063953
0.0,0.1512578866401225
0.0,0.1856334464585235
1.0,0.26594808598798886
0.0,0.6095759786063175
1.0,0.7633711833683196
1.0,0.3926681100939619
0.0,0.3937848059019087
0.0,0.3469825277262545
1.0,0.3018838303645399
0.0,0.048380133243720994
1.0,0.6286403902102323
1.0,0.8643523388251575
1.0,0.9584354408250696
1.0,0.865441803986344
0.0,0.32572271860880203
1.0,0.7901402584000471
0.0,0.03654986749363108
0.0,0.16697533330189762
0.0,0.6678286332689631
1.0,0.801371088013782
1.0,0.39830409259510796
1.0,0.6422806188080663
1.0,0.6498161571161547
1.0,0.3438290353564455
1.0,0.4543400401683666
0.0,0.07703375174254347
0.0,0.21505156576779685
0.0,0.035904211658391784
0.0,0.17489763631086658
0.0,0.07123287442726058
0.0,0.21303966783765013
1.0,0.4591639122464437
0.0,0.19448064074020313
0.0,0.36726849004814605
0.0,0.2681511011104007
0.0,0.5155698941382912
0.0,0.7114518636636873
0.0,0.08221753713064094
1.0,0.6734072268521722
0.0,0.04643779453496157
0.0,0.07150970528900776
1.0,0.7420462058405344
1.0,0.34506361578218503
0.0,0.7333226247927516
0.0,0.10781583523605423
1.0,0.6050725721362307
0.0,0.4812419564641257
0.0,0.24253270439918242
0.0,0.6906148917429146
1.0,0.912404378266733
1.0,0.8409536938381406
0.0,0.36240265821592726
0.0,0.2915397281380182
0.0,0.21080893672074072
0.0,0.09373912103301056
1.0,0.8628148966328704
1.0,0.82339877156672
0.0,0.07900324011310758
1.0,0.9242841737489517
1.0,0.7126184509462338
1.0,0.7908586422238376
1.0,0.4883791833894004
0.0,0.20918790037799542
1.0,0.17613583366762833
0.0,0.8886422344685991
0.0,0.08755608736822064
1.0,0.6996508265645623
0.0,0.2096936720554688
0.0,0.4910767254919754
0.0,0.1860389954673431
1.0,0.6367522454989176
1.0,0.8994287363388019
0.0,0.363284343516692
1.0,0.6844330557865931
0.0,0.06607715329179178
1.0,0.7234440311343722
0.0,0.26108229443535436
1.0,0.7976366953291171
0.0,0.5142802936180303
1.0,0.817663436201434
1.0,0.6688743215185199
0.0,0.4393838207155532
1.0,0.8306528538335639
1.0,0.33449244153503266
1.0,0.6738413301987818
1.0,0.7094981283431808
0.0,0.5840982788896562
1.0,0.6629156338923164
1.0,0.6018386355794745
0.0,0.8566901762556652
0.0,0.6502862488081235
1.0,0.8914838323733134
1.0,0.7417808774423377
0.0,0.036963503056628426
0.0,0.14375099932007646
1.0,0.7883140660402441
0.0,0.832019375649126
0.0,0.07588327581569951
0.0,0.8831441833979015
1.0,0.9618248251817544
1.0,0.6158361218497321
0.0,0.02872380744736352
0.0,0.06631644274616562
1.0,0.8273454011363875
1.0,0.3636591699334632
1.0,0.36987989706932345
1.0,0.7916852710484025
0.0,0.9780218021915417
1.0,0.7864323829910882
0.0,0.690270092140663
0.0,0.23970259351627027
1.0,0.6439307114729765
1.0,0.5960092048516309
0.0,0.1609880618358776
1.0,0.848419728126015
1.0,0.8065653245985923
0.0,0.05851075931405631
1.0,0.8894290349556179
1.0,0.19457028901082019
0.0,0.41842970321770634
0.0,0.6482974977092145
1.0,0.5260276626377529
1.0,0.6598722408619699
1.0,0.3396251914437562
0.0,0.868129138888507
1.0,0.9456647115733829
0.0,0.29283726223342443
0.0,0.03982897142660181
1.0,0.5287494103642002
1.0,0.7218710148775661
1.0,0.7616964355215174
1.0,0.7158074866774635
1.0,0.6970759922364685
0.0,0.34090624740783654
0.0,0.10340184872610407
0.0,0.07728430843594541
0.0,0.40138505864913426
0.0,0.8991453566726678
1.0,0.19156547491798692
0.0,0.7908574486587131
1.0,0.842354024493061
0.0,0.31640409965754535
0.0,0.07212747479320562
1.0,0.8244746941997416
0.0,0.5731354677933811
0.0,0.07713680275336501
1.0,0.7543481091504753
0.0,0.5718881767236484
1.0,0.9393654268424011
1.0,0.3862274316769016
1.0,0.9344764210301651
1.0,0.8296520168565753
1.0,0.895090613222686
0.0,0.4200080230742282
1.0,0.5199458580999636
1.0,0.8236831888294845
1.0,0.785762127240536
0.0,0.14791737181303485
1.0,0.7602087996133088
1.0,0.5971823794735446
0.0,0.09750934199342366
0.0,0.21046540739748706
1.0,0.46351191675544207
0.0,0.34399771676575136
1.0,0.6387420236106935
0.0,0.03159393833613332
0.0,0.45908995211918563
1.0,0.9239555725895164
1.0,0.7972034388407452
1.0,0.7019210805989907
1.0,0.8877834627667506
1.0,0.7245960658921011
1.0,0.9142375676021601
0.0,0.18816069785971287
0.0,0.21309291475742537
1.0,0.8588389934026387
1.0,0.9023526292127773
0.0,0.05631079743453883
1.0,0.6173044085522246
1.0,0.8645802573093214
0.0,0.08948170612260778
0.0,0.29285421005393686
1.0,0.8356510619480404
1.0,0.6838010921461447
1.0,0.7631280915922624
1.0,0.4760532424425183
1.0,0.9553986004614511
0.0,0.09836991401305352
1.0,0.19238589930792555
1.0,0.47587490107972424
1.0,0.7971805325681779
1.0,0.9069772042636595
0.0,0.5085751988143951
0.0,0.32757957439680585
1.0,0.8859223691208337
1.0,0.5743912473789371
0.0,0.5456736440563179
0.0,0.26683205315890174
0.0,0.22250938522039937
0.0,0.25672963387405817
0.0,0.15117436023630168
1.0,0.7807700880271768
0.0,0.2658786501491614
1.0,0.38882553523016866
0.0,0.06546754794603338
0.0,0.060605364977366155
0.0,0.6936567496516005
1.0,0.7575068107917861
0.0,0.1610198702481385
0.0,0.2237203313333701
1.0,0.46163569563358564
0.0,0.03193684799072366
1.0,0.7490468946030419
1.0,0.9432012140696918
1.0,0.7471268577315596
1.0,0.6101330571714595
0.0,0.6251536727202774
1.0,0.7503640145875649
1.0,0.8780955887873506
1.0,0.7831638618078722
0.0,0.06388124538670237
1.0,0.7244655891328806
0.0,0.2606482903744481
1.0,0.4889456965570809
1.0,0.7278084365143999
0.0,0.26977657102704405
0.0,0.11720013357697658
1.0,0.8008701004936536
1.0,0.8843874259258563
0.0,0.15485677292683425
0.0,0.0607458119502197
1.0,0.7902841368165959
0.0,0.5080205199361795
0.0,0.24987588377098333
1.0,0.8471605881960209
0.0,0.6037473486872892
0.0,0.3198976435292195
0.0,0.06564780638311771
0.0,0.14128575915851552
1.0,0.7661267718082339
0.0,0.21448432173056342
1.0,0.7947941195704842
0.0,0.035250865867393205
0.0,0.9274883730782796
1.0,0.11200206508907812
1.0,0.2599685107378196
0.0,0.10763120989880297
1.0,0.3043502001146115
1.0,0.7127309195608944
0.0,0.16177827033054118
1.0,0.9787020122144318
0.0,0.2390309682144799
1.0,0.958674280135709
0.0,0.587622634121358
1.0,0.31169268233511327
1.0,0.5293518526477534
0.0,0.5586139745826892
0.0,0.5290514638753946
0.0,0.07479470210829214
0.0,0.4446186814418197
1.0,0.7116702513276236
1.0,0.5958780075878347
1.0,0.6378186041224381
0.0,0.6591191655832135
0.0,0.15586200992134094
1.0,0.921348500045084
1.0,0.43489172860074
0.0,0.6933966341590982
0.0,0.11587058284510046
1.0,0.9136697834970062
0.0,0.6692225828799999
0.0,0.5200913858254566
0.0,0.051881358461449624
0.0,0.038625151434356075
0.0,0.07488939251074425
1.0,0.9222552804381656
0.0,0.6146556344796238
0.0,0.18745363309411853
0.0,0.42126588122495634
0.0,0.6793697995544088
0.0,0.21078111358343346
1.0,0.793681715745142
0.0,0.7680847927737895
0.0,0.7350823236134802
1.0,0.42068655056398874
0.0,0.7715219998989706
0.0,0.8533525764441836
1.0,0.7486383830011383
0.0,0.3107450721897244
0.0,0.9225862560114677
0.0,0.5774172256943747
1.0,0.7781729507087192
1.0,0.9167066030152748
1.0,0.24119280903147974
1.0,0.6133960142523441
1.0,0.8461645925205356
0.0,0.7438283536969708
0.0,0.7630147317003425
1.0,0.9545185977643788
1.0,0.8616391457365283
1.0,0.8653723146622961
1.0,0.8998209715002732
1.0,0.5154273062660775
0.0,0.3354271665124866
0.0,0.02990291790835932
1.0,0.596408910804002
0.0,0.24042521485632104
1.0,0.8729173055076787
1.0,0.5980893335328743
0.0,0.5312652880771723
0.0,0.24909673807864094
1.0,0.6824775194536173
1.0,0.9384118370767681
0.0,0.4268653078830283
1.0,0.7164084975360137
0.0,0.649042654500294
0.0,0.11895984334134592
1.0,0.752962971547095
0.0,0.23455890697797221
0.0,0.6159913497968841
0.0,0.8982830306026236
1.0,0.9439736226676716
1.0,0.8644953889725084
0.0,0.1034953234740484
0.0,0.7033371220527592
1.0,0.5399324800825906
1.0,0.8397736098502745
1.0,0.14755265977846682
0.0,0.6993552101415794
0.0,0.5216684713651594
1.0,0.3484575674863965
0.0,0.24316361698067404
0.0,0.4331409200165105
1.0,0.14799435787833112
0.0,0.49729312114885205
0.0,0.7659427868262048
1.0,0.5822536854509055
0.0,0.5155621420320453
0.0,0.07096098673878541
0.0,0.16549553887927032
1.0,0.5786038058867786
0.0,0.06995846439660659
1.0,0.865229774514655
0.0,0.5187797991024471
0.0,0.19590160545275848
0.0,0.35100542506792953
0.0,0.4917875994193218
1.0,0.7378015453447286
0.0,0.6538469419383096
0.0,0.1811178029554157
1.0,0.9061315126287153
0.0,0.08717256549102535
1.0,0.641061727495287
1.0,0.80197695171179
0.0,0.3282014209627604
0.0,0.053427164732134345
1.0,0.5932271004913995
0.0,0.78188150012492
1.0,0.8778550779746305
0.0,0.5234000308819853
1.0,0.6117353224224554
0.0,0.10603438176991264
1.0,0.8670034040554817
1.0,0.8115137294629209
1.0,0.1414951691404119
1.0,0.3916731058970496
0.0,0.29978968701064385
0.0,0.3314758629289125
0.0,0.07166795812339313
1.0,0.1979674167254657
0.0,0.7981483276167968
0.0,0.1998700091453128
0.0,0.33393773148934497
0.0,0.64522908055622
1.0,0.202506942843377
0.0,0.04697032407013332
0.0,0.6070923738813979
1.0,0.7531072273585038
0.0,0.14593557655487963
0.0,0.21940560571814707
0.0,0.4257245121137469
0.0,0.06508161580844708
0.0,0.654341516212019
1.0,0.8385731582036771
1.0,0.8743788674130413
1.0,0.2680586453701565
0.0,0.4432925779185974
1.0,0.6081477403496958
0.0,0.9172401147089633
0.0,0.5331775086875189
0.0,0.051599769712442504
0.0,0.8622082618549587
0.0,0.12935192805614062
1.0,0.5277095332693458
1.0,0.5638741902509006
1.0,0.937082952466772
1.0,0.787277915543373
0.0,0.20601010599177624
0.0,0.09581847360227448
1.0,0.8056532845522522
0.0,0.7773365775457993
1.0,0.7610191596657719
0.0,0.09424716923945867
0.0,0.5902739715921974
0.0,0.2646793729520183
0.0,0.17427721288970086
1.0,0.7933343083256716
0.0,0.3666289660753844
0.0,0.1265653186115387
1.0,0.9169238633175568
1.0,0.9317383250928849
1.0,0.8267960886765668
1.0,0.7690691402149922
0.0,0.11984991127614253
0.0,0.8546492581759735
0.0,0.6660623048506644
1.0,0.37273324379821504
0.0,0.6109924611503388
0.0,0.1555031064105981
1.0,0.8708965571195612
1.0,0.3380545825906022
1.0,0.9354021985221455
0.0,0.13003465754429896
0.0,0.5213965141412996
1.0,0.6794559405039059
1.0,0.8946115357263218
1.0,0.665471280508437
0.0,0.15366391102090163
0.0,0.13255647783533128
0.0,0.39254520704154905
0.0,0.5143993015974728
1.0,0.6080858825476946
0.0,0.06410502273700916
1.0,0.4178570716928307
0.0,0.10258757542056027
1.0,0.3135214812354469
1.0,0.8605889965856213
0.0,0.07857009616372926
1.0,0.8985816331003968
1.0,0.9410610077032574
0.0,0.03351459124322829
0.0,0.9055443684270446
0.0,0.31070898213516285
1.0,0.5455216866742978
1.0,0.7630930813693613
0.0,0.33379271621188705
0.0,0.630647142974114
1.0,0.757794456020723
0.0,0.2963091545245398
1.0,0.7218975536874696
0.0,0.6612297141502463
0.0,0.5730105147428174
0.0,0.2769297696165661
0.0,0.31773135393109914
1.0,0.7883806915931207
1.0,0.5336654750089856
0.0,0.22250481977855224
1.0,0.7312586361332333
1.0,0.7825295623468802
1.0,0.5843842043141946
1.0,0.25552550950592934
1.0,0.5278265059545378
1.0,0.592296831176094
1.0,0.4080270028033621
1.0,0.693488231673777
0.0,0.21552716058742025
0.0,0.2630431335417684
1.0,0.11950972429934656
0.0,0.4236213006129957
1.0,0.3571420262840551
0.0,0.2216490120527108
1.0,0.7765432557880271
0.0,0.10860912511880284
1.0,0.8152863091197454
0.0,0.4435121610760825
1.0,0.5353810417276477
1.0,0.733956925714392
0.0,0.09839740060979277
0.0,0.11889860100462668
0.0,0.19668386745213282
0.0,0.5552129159041806
1.0,0.8292231114620294
0.0,0.5190583903087441
1.0,0.4330701234415568
1.0,0.8425195273677815
0.0,0.2598013626876396
1.0,0.362616423808247
0.0,0.7553849154128405
0.0,0.3053038283107287
0.0,0.21324476527986733
0.0,0.4472666487105495
1.0,0.8688212716881941
1.0,0.431346188437992
0.0,0.213283399778603
0.0,0.3590539349541002
0.0,0.4255386413351967
1.0,0.9438329268056456
1.0,0.48765477842812566
1.0,0.6665879484381928
0.0,0.0688715389173201
0.0,0.8566259767385572
1.0,0.984280343030132
1.0,0.2722259972284208
1.0,0.8702049543055634
0.0,0.2579405245396079
0.0,0.120396293148607
0.0,0.44357176990785335
1.0,0.5855345692511937
1.0,0.6718843989497232
0.0,0.7760514997594388
1.0,0.582688727305197
0.0,0.5624004479902871
1.0,0.7517761219599057
1.0,0.7369983949098323
1.0,0.8937616758864066
1.0,0.711522692217081
1.0,0.763601560771041
0.0,0.7449993653887707
0.0,0.053427164732134345
1.0,0.9462527173930287
1.0,0.7795271505222702
0.0,0.4257226710026177
1.0,0.4516912886031054
0.0,0.11927481353359923
1.0,0.9428095827774948
0.0,0.6975936919990666
1.0,0.5885425836344533
1.0,0.6056420325490581
1.0,0.6258076135326986
0.0,0.386639861395693
0.0,0.20502683716961204
1.0,0.14870984450321392
1.0,0.9053962196195439
0.0,0.08899862759787756
1.0,0.4733448944531623
0.0,0.046772953129569084
0.0,0.5036994216702165
0.0,0.1374784128305014
0.0,0.04629650989305792
1.0,0.4763102080003068
1.0,0.7922569152144316
0.0,0.6962915019065822
1.0,0.7706424331371371
1.0,0.7865929527874492
1.0,0.2990210306005827
1.0,0.46423034316368766
0.0,0.15493355957994584
0.0,0.6761516454100046
1.0,0.7633867283943707
1.0,0.7192647333205966
1.0,0.2956225839705534
0.0,0.13204402023682388
1.0,0.8732683481969297
0.0,0.17486106807373547
0.0,0.19884069980047697
0.0,0.28079090491550035
1.0,0.6386100272285377
0.0,0.24250158984600617
1.0,0.967781756523584
0.0,0.20130826806638757
0.0,0.7797838261340683
0.0,0.7010276855645948
0.0,0.7888760884381177
0.0,0.167655242453642
0.0,0.06982279432773793
1.0,0.6661136108378851
0.0,0.25538230424078384
0.0,0.7767236430952685
1.0,0.7009917005939741
0.0,0.122807506957306
1.0,0.8599377383364436
0.0,0.23381033723092803
0.0,0.07450994412014138
1.0,0.8354008173662603
0.0,0.07815022062167028
0.0,0.07390673212865936
1.0,0.875538457651217
1.0,0.4744811807993513
1.0,0.43821949487199285
0.0,0.14814925046169322
1.0,0.8248145509081405
1.0,0.4929219341203266
1.0,0.27302745205392537
1.0,0.34238877671164447
0.0,0.2855277654615425
1.0,0.4862719164276035
1.0,0.7133927385383813
0.0,0.4143795002681076
1.0,0.6042990811063536
1.0,0.7928283192340315
1.0,0.7611846072016152
1.0,0.16971178670926212
0.0,0.6515494334206734
0.0,0.3653296796074433
0.0,0.7001655053471565
0.0,0.10627072323121192
1.0,0.8442807613957455
1.0,0.7660157206856327
0.0,0.20397941264057254
0.0,0.6493105869607143
0.0,0.5711679707102045
1.0,0.6639096989424709
0.0,0.15695759437757
1.0,0.7319518361984028
1.0,0.5716285764056209
1.0,0.5483892386009002
0.0,0.05537798960376503
1.0,0.34958155753429665
0.0,0.3625425972905558
0.0,0.07772489929092342
1.0,0.8781805939649576
1.0,0.3356409068122016
0.0,0.20440101279351436
0.0,0.8038153735994525
1.0,0.4840914781475964
1.0,0.5106642389128446
0.0,0.04376184167019893
1.0,0.971400821715358
0.0,0.6821622570213665
0.0,0.1722334737711166
0.0,0.8367045592454792
0.0,0.08464851864345752
1.0,0.9174693108195103
1.0,0.5994728314880272
0.0,0.4200095549170041
0.0,0.4002775686686002
1.0,0.7692826408970473
0.0,0.12930942352956057
1.0,0.8657343682706358
1.0,0.5612387659487948
1.0,0.7981720843899547
0.0,0.2294557600943984
0.0,0.8719848718052863
0.0,0.25981607110789234
1.0,0.4877876439884579
1.0,0.13241159223576432
0.0,0.3241427252579495
1.0,0.8621076937776845
0.0,0.3085548240219687
0.0,0.7228090918187774
0.0,0.04682650089973686
1.0,0.9260067099969705
0.0,0.5533822404070454
0.0,0.24055262036331565
1.0,0.8206956106069012
0.0,0.08577569280955491
1.0,0.5919924786461328
1.0,0.21096516300044507
1.0,0.1326015867476935
1.0,0.3383802180774294
0.0,0.7311490088401278
1.0,0.623333635915671
0.0,0.5231467338880231
0.0,0.7737448346329421
0.0,0.16276563289869228
1.0,0.6815984275454621
0.0,0.08431724447126175
0.0,0.054365428984785455
0.0,0.1618033204210666
1.0,0.23538487663978366
1.0,0.7978383262499892
1.0,0.7876414738921665
0.0,0.4929093439904916
0.0,0.26873343787881093
1.0,0.23032561461743212
1.0,0.8490099945425879
1.0,0.908240500303179
1.0,0.9200116427701576
1.0,0.7979025625914549
0.0,0.7047036476160641
0.0,0.28823352747392245
0.0,0.5254262116018038
0.0,0.4047783071266819
0.0,0.7114738606376402
1.0,0.37953580085659383
0.0,0.09594205468706829
0.0,0.19023699767699925
1.0,0.7826307729769351
0.0,0.07554841135773913
0.0,0.022227751150891442
0.0,0.27157708556189564
1.0,0.515181974347816
0.0,0.4744957891628222
1.0,0.8689731524667036
0.0,0.7487296457061209
1.0,0.9502250975011415
1.0,0.22170266515262502
0.0,0.2727395021250787
0.0,0.2920875104837126
0.0,0.15915653496215862
0.0,0.6246276107744922
0.0,0.5633893365991777
1.0,0.4267128673570277
0.0,0.2732243244921073
0.0,0.45401109794566735
0.0,0.2907434471628835
1.0,0.8504932191690782
1.0,0.948252760845231
0.0,0.18521480577721594
1.0,0.488682121449537
0.0,0.5522573120493371
1.0,0.9003935835202505
1.0,0.6660333151325738
0.0,0.09002191408011052
1.0,0.8794150164503372
1.0,0.46690978931316646
0.0,0.08272021238488242
1.0,0.7180704619630291
0.0,0.8132203572242647
0.0,0.0452863482656937
0.0,0.10205095286178006
0.0,0.11503466585137774
1.0,0.973270452950619
0.0,0.6942713930078092
0.0,0.723487717395196
1.0,0.6992337599976495
1.0,0.2751560389586266
1.0,0.9039368750377204
1.0,0.844208399338325
0.0,0.5708064090010645
0.0,0.7145873357243436
0.0,0.2809338400345324
0.0,0.2531235810815751
0.0,0.8251863998861666
1.0,0.7609033411293934
0.0,0.1801704117635742
0.0,0.9325256284730837
0.0,0.09951978111227673
1.0,0.15058448022808724
0.0,0.21694129520636185
0.0,0.056553186770117315
0.0,0.22422206939483122
0.0,0.29590554841163424
1.0,0.7097672425849583
0.0,0.8119946839029205
0.0,0.04469706171055506
0.0,0.02582078771165992
1.0,0.4658060205081469
0.0,0.8114839974916183
1.0,0.12570461445956352
0.0,0.5733368040091349
0.0,0.5697855529198291
0.0,0.17870792923174114
0.0,0.48294452822956907
0.0,0.48386421704710947
0.0,0.33519802023102613
1.0,0.17584147981737397
0.0,0.2837095616152875
1.0,0.708453421650159
0.0,0.2737056078763633
1.0,0.6699685560678966
1.0,0.5834497531910545
0.0,0.48531055751482993
1.0,0.7243225607624995
0.0,0.14284506044127576
1.0,0.9333154203064503
1.0,0.8880960959998667
1.0,0.8881801495297501
1.0,0.30635848862075193
1.0,0.20446448568591313
0.0,0.7238852400650508
0.0,0.11365706462941515
1.0,0.8215790151356316
0.0,0.03727439788126528
1.0,0.7009462785133982
1.0,0.8761286439130292
1.0,0.8997768995705443
1.0,0.6912309354383578
0.0,0.14018794124103348
1.0,0.8065669887372653
1.0,0.5308678443266814
1.0,0.4911185735123284
0.0,0.3470811257722712
1.0,0.6997626936180517
0.0,0.27820886044408355
0.0,0.5736749097055959
1.0,0.8424225068763802
0.0,0.08011572059639427
0.0,0.7519817612753937
0.0,0.13699850751218384
0.0,0.23436484673665703
1.0,0.7331618591411847
0.0,0.33732963288331963
1.0,0.774017465788482
0.0,0.41226964372805514
1.0,0.9495635331600519
0.0,0.7111400617823511
1.0,0.8721248086656572
1.0,0.843556405722252
1.0,0.7435892034487009
0.0,0.47679589673910094
0.0,0.29697036290362694
0.0,0.17493551701561155
0.0,0.09038528120364663
1.0,0.6145198593259054
1.0,0.8591443293651913
1.0,0.5307182308930585
1.0,0.818146084471605
1.0,0.2292413289486183
0.0,0.05682350441690461
1.0,0.7569223411258307
0.0,0.4872886893962977
1.0,0.8668878591797416
1.0,0.6391397051782447
1.0,0.7111155016399691
0.0,0.2008021011183129
1.0,0.9062370743004274
0.0,0.7982441772265297
1.0,0.5780258664377655
1.0,0.9108532006485746
1.0,0.8466219112261425
0.0,0.1732652717941051
1.0,0.939880329980365
0.0,0.6696257275317055
1.0,0.6470650474709486
0.0,0.703521548611862
0.0,0.4455848100099658
0.0,0.4064184624405459
1.0,0.20691356792340368
1.0,0.6810348812074845
1.0,0.0973138094831924
0.0,0.5771530329779679
1.0,0.16604689811406503
1.0,0.8435075730008615
0.0,0.5649916781016717
1.0,0.4146129595515692
1.0,0.24341446166756103
0.0,0.3806221719720947
1.0,0.9739126667236379
1.0,0.556178638222711
0.0,0.14369341567848662
1.0,0.7769035727848295
0.0,0.008227943871871854
1.0,0.6204447277831542
0.0,0.05061241399170619
1.0,0.7368280085932232
0.0,0.847696491033511
0.0,0.12994659758487234
1.0,0.7436638721096855
0.0,0.4524955279477776
1.0,0.6789932609399902
0.0,0.19354802757479259
0.0,0.6714137775534184
1.0,0.5208822696441416
0.0,0.7029202507584519
0.0,0.10615879870844344
1.0,0.5236383040276957
0.0,0.07336029227291184
0.0,0.099266420807143
1.0,0.7127014435564449
1.0,0.8075275015314244
1.0,0.8434145598453823
1.0,0.47450253701400036
0.0,0.36455406295279047
1.0,0.890020107553249
0.0,0.23629709415532754
0.0,0.6782542908619078
1.0,0.9444559053243718
1.0,0.89820860358804
0.0,0.43176340909410355
0.0,0.6931051453552876
1.0,0.5731405298646703
0.0,0.15742722410303123
1.0,0.4688297232610424
0.0,0.4568941202458658
0.0,0.12635409462799999
1.0,0.6858564769536978
0.0,0.7159949323412983
1.0,0.7757283137976749
1.0,0.6853473452004804
0.0,0.15117675392502186
1.0,0.8734948455065603
0.0,0.4653500250637007
1.0,0.2008507468529035
1.0,0.9095125432153507
1.0,0.9194839286758095
0.0,0.47111485054104935
1.0,0.8597367252933654
0.0,0.3129731690717951
0.0,0.129261969869187
1.0,0.63201105660872
0.0,0.770367208511974
1.0,0.7877340788539086
1.0,0.9018021049646946
1.0,0.9656583488740268
1.0,0.8217138754297495
1.0,0.7276327641489237
0.0,0.6994330314191786
1.0,0.28872691645272675
1.0,0.4759542326840561
1.0,0.9349092613716253
1.0,0.5785152855751247
0.0,0.5290275574844864
1.0,0.902833473394654
1.0,0.22027835912184215
0.0,0.07149700970031805
0.0,0.4481616315189435
0.0,0.18894175015309533
0.0,0.04828719326856825
1.0,0.7902102343692424
0.0,0.21265817861557484
1.0,0.6725154347523375
1.0,0.47823978060023487
1.0,0.49033084742169347
0.0,0.14403860725643206
1.0,0.8016601248177749
0.0,0.015264327197297997
0.0,0.45216828890703253
0.0,0.6295516624906463
0.0,0.2597749668696213
0.0,0.6867961082296636
0.0,0.19920022902972215
0.0,0.3756192838284566
1.0,0.45938245210702094
1.0,0.09697038552048555
1.0,0.3485915238275771
1.0,0.39130129128984503
1.0,0.8107028645553949
1.0,0.6129787813570754
0.0,0.230718044330299
1.0,0.9053684637277073
0.0,0.42146911169599144
1.0,0.33924869499452487
1.0,0.8543652837157176
1.0,0.9073080439340845
1.0,0.10693094936160304
0.0,0.5957856361675052
0.0,0.3517480047611936
1.0,0.6222072668414206
1.0,0.8749332730661215
0.0,0.5325921354079166
1.0,0.4158045268029558
1.0,0.8792099226575715
1.0,0.5235919563089887
1.0,0.5512120706314164
0.0,0.7920326911986055
0.0,0.0636915325278396
0.0,0.4939160913280532
1.0,0.6962430225880452
0.0,0.7149686502675348
1.0,0.2556118386933637
0.0,0.05285985408166138
0.0,0.7350551847851927
0.0,0.5822798814061317
1.0,0.781498576224291
0.0,0.11949188919500985
1.0,0.6604600420492798
0.0,0.4669387194550978
0.0,0.28061129629974224
0.0,0.16569570312233597
1.0,0.9267282105115363
1.0,0.8859713197970764
1.0,0.895662170481307
1.0,0.8100734915074576
0.0,0.18603652153418176
1.0,0.8105268046046987
1.0,0.7310835148107635
0.0,0.32621832101125264
0.0,0.3205354765377678
1.0,0.8836272484684713
0.0,0.31263411888202913
1.0,0.7486010400809993
0.0,0.1813160995414515
1.0,0.6924898683778838
1.0,0.4249949181164162
0.0,0.14764966481593242
0.0,0.2597634799973453
1.0,0.7832632898922356
0.0,0.056395238486867234
1.0,0.3358283898151029
0.0,0.20413641516899544
0.0,0.14290113461893253
0.0,0.4260803980006413
1.0,0.16902862084794046
0.0,0.1395839838241006
1.0,0.1421462119942591
0.0,0.3455600062251268
1.0,0.37154005669078627
0.0,0.1439253176231218
0.0,0.3771752664593425
1.0,0.7121644891482165
0.0,0.7860470727147354
0.0,0.7327735215972546
0.0,0.3252360785968482
0.0,0.20356036742275263
1.0,0.6523624961343657
0.0,0.09934738682461697
1.0,0.5363837610251069
1.0,0.5492326242257354
0.0,0.5969486928661227
0.0,0.12376111289261432
1.0,0.9222474453180136
1.0,0.8818860702598363
1.0,0.9721786896881739
0.0,0.15337008950067305
1.0,0.5095458854217644
0.0,0.598573383911157
1.0,0.4653307279350918
1.0,0.5825829455642108
0.0,0.298976668864805
1.0,0.4263854013127759
1.0,0.6710750041165694
0.0,0.9294037535206294
0.0,0.3350887356560905
1.0,0.4400579167286525
0.0,0.5766480625238872
0.0,0.8017661218043513
0.0,0.033020264018690466
0.0,0.27474023582507867
0.0,0.14955832620759116
0.0,0.637628884829651
1.0,0.9110402966857845
0.0,0.06777674199375151
1.0,0.7179889782604026
0.0,0.3372562200590405
1.0,0.5705994036575867
0.0,0.032582611035867313
0.0,0.039866565029978145
0.0,0.25884007604058434
0.0,0.03725570573734431
1.0,0.7500179226185968
0.0,0.2606371902125343
1.0,0.42598157950583815
1.0,0.5703691465646277
0.0,0.7723873768185789
0.0,0.26518222213607723
0.0,0.04968663719764368
1.0,0.7951781149713525
1.0,0.801065385136925
1.0,0.8771582820081377
0.0,0.11027053523156342
0.0,0.3087408972789785
0.0,0.22135586668961243
0.0,0.5167895238809823
1.0,0.6637139886313419
0.0,0.1877453649115004
0.0,0.24400688047888333
0.0,0.30434893216154457
1.0,0.3225732976933556
0.0,0.2323826201462363
1.0,0.5753643880420233
1.0,0.6971098990570234
0.0,0.031388670158941326
1.0,0.7495799894163041
1.0,0.8351653077968706
0.0,0.6570716446479816
1.0,0.9738327953986092
1.0,0.673423041020918
1.0,0.6940011890384863
1.0,0.7776745884355494
0.0,0.029136436718305583
0.0,0.10005707929582909
0.0,0.4904510668261946
0.0,0.5620222811298303
1.0,0.9219310141596704
1.0,0.15793012310194243
1.0,0.8004096396208323
0.0,0.3656025170375264
0.0,0.11225739376168876
1.0,0.484622047197727
0.0,0.09977635369545165
1.0,0.3434431250306293
1.0,0.8792756134457097
1.0,0.04769344435212204
0.0,0.4678181336652484
1.0,0.8062973154308187
1.0,0.8087992734887446
0.0,0.3905150705714481
1.0,0.3351876382194256
1.0,0.6586184657966215
1.0,0.7154386137934702
0.0,0.0545321869163806
1.0,0.4772661176477603
1.0,0.7182461500135217
0.0,0.5383884562107288
1.0,0.7810875676015028
1.0,0.10117897395638421
1.0,0.21649641685083926
0.0,0.22554279391687745
0.0,0.64227085227707
1.0,0.21719653047761553
0.0,0.18901983982717216
0.0,0.7832845810503103
1.0,0.8549027449062847
0.0,0.9284526206203256
1.0,0.7666676552678597
0.0,0.10981862590954997
0.0,0.1935008127788862
1.0,0.8495963128569223
1.0,0.6399558316802003
1.0,0.9313301535232893
0.0,0.5759079930746674
1.0,0.7852466486655214
1.0,0.5849041508073451
1.0,0.697007569315584
1.0,0.2684677055142294
1.0,0.42316810595759596
0.0,0.04300396351617708
1.0,0.8493718938229864
1.0,0.14710442101478163
0.0,0.5559468103870467
1.0,0.727351209169903
0.0,0.6684288852877021
1.0,0.8310132056413292
0.0,0.6438072377666738
0.0,0.5759108031429839
1.0,0.875443548341876
1.0,0.7521771939426193
1.0,0.552132718358261
1.0,0.8979462358223594
0.0,0.7602503783229029
0.0,0.14675585496968574
1.0,0.7988256457053718
1.0,0.25679169063154567
0.0,0.4814561028460941
0.0,0.6831653888636892
1.0,0.74666069667766
1.0,0.897343275527827
0.0,0.12843091943313376
0.0,0.8390921513701519
1.0,0.7724356279007619
1.0,0.7107948363757401
0.0,0.12351884641455271
0.0,0.27280190571829516
0.0,0.8138302875757737
0.0,0.49732271693210056
0.0,0.5694793110567082
0.0,0.7485823716256353
0.0,0.39322855979613336
0.0,0.44104530742909
1.0,0.22743420464866443
0.0,0.4020890256859457
1.0,0.27840064104517404
1.0,0.8515735317625323
0.0,0.4906003204327652
0.0,0.7050467721367164
0.0,0.4603756324639804
0.0,0.811429379262541
0.0,0.17929427009795773
0.0,0.1203618358275762
1.0,0.6067672679938169
0.0,0.5923600229554964
0.0,0.46239078398177624
1.0,0.6369165769323537
0.0,0.3749061097524199
0.0,0.4745489470539594
1.0,0.906232927139085
0.0,0.5137119384563452
1.0,0.7032677106537916
1.0,0.36540496940842926
1.0,0.815250861778224
0.0,0.30145817133846037
0.0,0.9155762872196214
1.0,0.28173875792124
0.0,0.19030144342995786
1.0,0.7197573154005305
1.0,0.716494074306141
0.0,0.7457616639520518
0.0,0.07116861962833425
1.0,0.9086545103217656
1.0,0.9282556370150367
1.0,0.7328332504333129
0.0,0.2710073133871415
0.0,0.2882239434652153
1.0,0.5426821118686875
1.0,0.908963545920762
1.0,0.9142239266332869
0.0,0.8820534703731835
0.0,0.12321543843745902
1.0,0.7615793714326166
1.0,0.5470044821337736
1.0,0.8969795332182379
0.0,0.12721018340254003
0.0,0.4843134075684489
1.0,0.8374278225015118
0.0,0.60799592995039
0.0,0.5209937461654387
1.0,0.7867525469605025
1.0,0.8472235289535608
0.0,0.7938941226458692
0.0,0.3938600268235104
0.0,0.6052614176857751
0.0,0.8078859846406213
1.0,0.7303629537071804
0.0,0.447303205197328
0.0,0.15380835646256158
0.0,0.026254642724446695
1.0,0.8838489067985562
0.0,0.08853758638694181
0.0,0.400121350813446
0.0,0.38282720272065185
0.0,0.21700064033571403
0.0,0.1776669663679434
1.0,0.6058830168735241
0.0,0.0492258180730312
0.0,0.04708852176684666
0.0,0.13554062909070083
0.0,0.2593816634778344
1.0,0.6473629762706482
1.0,0.7213066169878409
0.0,0.5250954573319538
1.0,0.4420615884898047
1.0,0.8269948711723939
0.0,0.28577755747909855
0.0,0.21492177199827658
1.0,0.469399086861394
0.0,0.7045522458328605
0.0,0.8665902028641669
1.0,0.49454840607577943
1.0,0.47375155020545107
0.0,0.6171743880134076
1.0,0.8147833486068321
0.0,0.46501481326502603
0.0,0.1251868876595706
1.0,0.3979033531068596
1.0,0.8766176219816451
1.0,0.7852750507177567
0.0,0.5557210521308795
1.0,0.613715723833981
0.0,0.2610414493289995
1.0,0.6586051140948866
0.0,0.6562513150955777
1.0,0.5980876061334125
1.0,0.7515635351992309
1.0,0.875497467944376
0.0,0.06108805297661427
1.0,0.23370701446251643
0.0,0.05467921175754279
0.0,0.6063876765310776
1.0,0.9087284692656881
1.0,0.3792641747411794
1.0,0.8837824796731252
0.0,0.08999778343728246
1.0,0.7697614335431237
1.0,0.05679873004221731
1.0,0.7846262989060541
1.0,0.5787217195662231
0.0,0.47697761614494627
0.0,0.08119518593039697
0.0,0.46357551319887685
1.0,0.6178568064076397
0.0,0.10668802500030033
0.0,0.539854309241963
0.0,0.02909540644827803
0.0,0.1182829088002995
1.0,0.26175630678745776
0.0,0.31340460156667077
0.0,0.3907335371121516
1.0,0.8105444281943552
0.0,0.24185919513485157
1.0,0.21757339247191138
1.0,0.8410526509594096
1.0,0.5925356782503706
0.0,0.22084296499595024
1.0,0.8913165981562838
0.0,0.8558539528360634
0.0,0.8862901540039935
1.0,0.5108375382033862
1.0,0.757862571030952
0.0,0.5048347225738222
1.0,0.29784732306962997
0.0,0.05465873292682843
1.0,0.2561595033116733
0.0,0.22591992098526992
1.0,0.8779458650260358
1.0,0.4542191633373732
1.0,0.5509623204144768
0.0,0.3151188803279566
0.0,0.03167272164373423
0.0,0.21175268588009996
1.0,0.881477280195029
0.0,0.8615877966162245
1.0,0.46109717235660647
1.0,0.7617501420698274
1.0,0.8489130142521101
0.0,0.2036366514156237
1.0,0.7120032042737647
1.0,0.5550621375247761
1.0,0.6609888972590049
0.0,0.74238222684407
0.0,0.029687181816127586
0.0,0.08119518593039697
1.0,0.9510805520946941
0.0,0.14989041836784048
0.0,0.02898281691438226
1.0,0.9893723274301869
0.0,0.08070237861241912
1.0,0.7541991250437775
1.0,0.8788772755514269
0.0,0.05929631853014228
1.0,0.6214909938794807
0.0,0.4885148296676631
0.0,0.13119030628414846
0.0,0.5912229799454113
0.0,0.35272559525800756
1.0,0.6085241625861119
0.0,0.12052297859016778
0.0,0.5028610759760912
1.0,0.591272869099217
1.0,0.7564603918254658
1.0,0.8288021678228175
0.0,0.02584621234340441
1.0,0.8594674853276567
1.0,0.8937455025326012
0.0,0.6463478109509541
1.0,0.6488477315316774
1.0,0.7991188064730628
0.0,0.07390673212865936
1.0,0.7069505342463394
0.0,0.7303698120815587
0.0,0.47367728221465866
1.0,0.6797201155521839
1.0,0.9192415924516326
1.0,0.9105490886540847
1.0,0.4295999867616157
0.0,0.0834709963278984
1.0,0.928045407334134
1.0,0.7705220644614842
0.0,0.17434389724988794
1.0,0.6990201948855641
0.0,0.8390824971168611
1.0,0.4144754633330619
1.0,0.8577848697533943
0.0,0.38815910396164194
1.0,0.7369062239670496
0.0,0.1860208133604621
1.0,0.7626456297380018
1.0,0.8118896304901587
1.0,0.47495338173246926
1.0,0.8534978397746592
1.0,0.6401666380950286
0.0,0.8696525963753893
1.0,0.9039369535399147
0.0,0.33715438075897175
0.0,0.4433550161725849
1.0,0.9734560647952523
1.0,0.6062066291059868
1.0,0.6318423736429865
1.0,0.7119248355629338
1.0,0.8644196700697132
0.0,0.18997948414192917
1.0,0.6792206904440393
0.0,0.26311848693810025
0.0,0.12652676947042354
1.0,0.4132374954729774
1.0,0.4684377408745743
1.0,0.31585458146249434
0.0,0.09837222469128076
0.0,0.11024309354116615
0.0,0.17058090614040913
1.0,0.9623333676926762
1.0,0.909717218248199
0.0,0.47743006413384365
0.0,0.1025971038361629
0.0,0.861564699201554
0.0,0.15627474498961838
1.0,0.23319647908873917
0.0,0.02190524210977841
0.0,0.4417110991285347
1.0,0.8607374932475833
0.0,0.3869166589680914
1.0,0.6474567497416217
1.0,0.8236423059145093
1.0,0.8341658244054659
0.0,0.24701671274225165
0.0,0.11097006255643058
0.0,0.6608154152311783
0.0,0.1585907509744544
1.0,0.6947404748038104
1.0,0.22597843631287265
0.0,0.21089028971607504
0.0,0.27953236809487964
0.0,0.1286984322588766
0.0,0.14139947044521559
0.0,0.1482303337464886
1.0,0.9344727771010172
0.0,0.1711617212142559
1.0,0.8952049627402852
1.0,0.8386253160168642
1.0,0.6300246726534803
0.0,0.12377708337181546
1.0,0.8224367504665562
1.0,0.7535651752140897
0.0,0.5089756330618789
0.0,0.16885264781059317
1.0,0.34411559645701484
0.0,0.4811865532376897
0.0,0.05195155860778036
0.0,0.3894271137438803
0.0,0.19432071803319517
0.0,0.019547262435808024
0.0,0.18966808986452913
1.0,0.3828977281085768
0.0,0.2746870769633949
1.0,0.6283756814057558
0.0,0.4298020925185679
1.0,0.8297636982038769
1.0,0.6461011982141841
1.0,0.7502763193547257
1.0,0.8636016394098902
0.0,0.2644926410106286
0.0,0.18280741664960476
0.0,0.35641379860748457
1.0,0.306755293549457
1.0,0.6468258897104484
0.0,0.18223747227326842
1.0,0.4596222971099075
0.0,0.4460564176886627
0.0,0.3251135022330054
0.0,0.6751596668123714
0.0,0.06520977162693932
1.0,0.8498874461938242
0.0,0.062252042354103816
1.0,0.22701821285112966
1.0,0.5016436530315311
0.0,0.4708003349227393
0.0,0.9539266581816828
1.0,0.8080563454762861
1.0,0.6359695178973037
0.0,0.05528511847794243
0.0,0.055182911876579394
0.0,0.5924152499940059
0.0,0.547747244800185
1.0,0.2075592365887723
0.0,0.4585977472393384
1.0,0.9284977023452263
1.0,0.9340433069427979
0.0,0.5874070523164657
1.0,0.7530079419626703
1.0,0.7781387135970478
1.0,0.948649206926963
1.0,0.17864007957729738
1.0,0.9378408388438074
1.0,0.8871201803813127
1.0,0.3920215261783953
0.0,0.29994659437610866
1.0,0.41085228159474974
0.0,0.642280862198363
0.0,0.7983713636393579
0.0,0.19833281563325514
0.0,0.16200211198644998
1.0,0.6213236844414894
0.0,0.2202257156829739
1.0,0.8428721506960279
1.0,0.6780121286108278
0.0,0.031666709743245924
1.0,0.384201366788245
1.0,0.931024552092628
1.0,0.8772102274283378
0.0,0.5134220600157378
0.0,0.05494719524061538
1.0,0.405748621096633
0.0,0.5480552689950628
1.0,0.7120240069839935
0.0,0.14003255894077052
1.0,0.9392525896200491
1.0,0.7310160359041953
0.0,0.06970774378570042
1.0,0.5181024503523601
0.0,0.07349798104120712
1.0,0.6637208839719013
1.0,0.277561229512825
1.0,0.8824434330405153
0.0,0.8453258888336943
0.0,0.8602632856303889
0.0,0.07675179118369273
0.0,0.6322591850058669
0.0,0.29147893225626564
1.0,0.7052043838064468
1.0,0.20384400974506117
1.0,0.8317720909830169
1.0,0.5201932148341899
1.0,0.6834776901157696
1.0,0.8342830572106417
1.0,0.8491467452664082
1.0,0.6138678094600716
1.0,0.8815174543612655
0.0,0.5544604945364092
1.0,0.8879671304754424
1.0,0.9236073778568442
1.0,0.9175335502617811
1.0,0.306676280010238
0.0,0.15574568650636375
0.0,0.1323116559650711
0.0,0.18411628111192885
1.0,0.923149746066181
1.0,0.5683094792304438
1.0,0.1356521014907129
1.0,0.5858612914766115
0.0,0.06909877298163135
0.0,0.1365316918292379
0.0,0.08081238762840742
1.0,0.7545749234452053
1.0,0.5442307981591914
1.0,0.7521550268549855
0.0,0.8242463204389099
0.0,0.41492989088499443
1.0,0.7226549901087849
1.0,0.8864042669307982
1.0,0.8902481932451526
0.0,0.45113483317742037
1.0,0.4204729267907121
1.0,0.8760153234268976
0.0,0.7027594017639763
1.0,0.6424984324164732
1.0,0.2296399708593507
1.0,0.8234266844063542
0.0,0.28574887042258923
0.0,0.6617192720292273
1.0,0.8673925276565322
0.0,0.4594586793531177
0.0,0.34085849671971896
1.0,0.5891188163130316
0.0,0.21102676217212896
0.0,0.07158215604260372
0.0,0.2451244467714779
1.0,0.9049980368689642
1.0,0.45313743750204016
0.0,0.08656019047813877
0.0,0.27777502597777787
1.0,0.22745692687982358
1.0,0.4760262382902169
1.0,0.6478945249126109
1.0,0.4188017885732011
0.0,0.026968645049136493
1.0,0.781635878635452
0.0,0.0898998298515887
0.0,0.5621714099161131
0.0,0.48178547134821603
0.0,0.11763716185708595
0.0,0.21138110410228492
1.0,0.8253435706198515
0.0,0.15392305444394064
0.0,0.27517635849180383
1.0,0.7003885568436712
1.0,0.902340237894378
1.0,0.9580128306312999
0.0,0.3360308591869531
1.0,0.7337009949070777
1.0,0.5593878702133859
1.0,0.869511663817294
0.0,0.19508855023498375
1.0,0.6182603318208229
1.0,0.5202202980605262
1.0,0.16519915437879534
1.0,0.6814215604350478
0.0,0.6269010398872337
1.0,0.5212605249256598
0.0,0.13760803234100294
1.0,0.3752901462794792
0.0,0.20704830964020138
0.0,0.32473813738430135
0.0,0.08439957470463678
1.0,0.2744207011902841
1.0,0.44418919702089754
1.0,0.6137819764111494
1.0,0.87638470833436
1.0,0.7350715643912596
1.0,0.6303098589844819
1.0,0.4550332688803343
0.0,0.5440965648048663
1.0,0.8540665274126362
0.0,0.1308416957341288
1.0,0.9365329847203111
1.0,0.6823137241846141
0.0,0.42107570880747747
1.0,0.43708415373896886
0.0,0.8614299548363327
0.0,0.35323650118968825
1.0,0.7131861302505439
0.0,0.0653037247470047
1.0,0.19167258472137766
1.0,0.6319336253712743
1.0,0.534118292915686
0.0,0.28275482995702056
1.0,0.8072742029792452
1.0,0.7232154465105541
0.0,0.5208370921096382
0.0,0.3628345737116445
1.0,0.5923811932538374
0.0,0.0678672826239478
1.0,0.866631273665922
1.0,0.4619584384881747
0.0,0.08153454131233638
0.0,0.19689037291606618
1.0,0.7525178761818964
1.0,0.8660709150040002
0.0,0.24987783584854556
0.0,0.6319672423780368
1.0,0.9192020069321627
0.0,0.045288365438631496
1.0,0.18354725556522486
1.0,0.7628072078140511
1.0,0.45546708708785616
1.0,0.6889882493957816
1.0,0.6023082183159412
0.0,0.1942877205814463
0.0,0.06180549704428743
0.0,0.4472407844029146
1.0,0.5346583575599235
1.0,0.760054850650832
1.0,0.7937573206462327
1.0,0.6222189943459288
0.0,0.8313191658549712
0.0,0.09245765500664536
0.0,0.32585464235802086
0.0,0.10091381578530051
1.0,0.5770583309266306
1.0,0.48733926025896734
0.0,0.31587955875985285
1.0,0.6883079988708508
0.0,0.289007049006153
0.0,0.10687429025437178
1.0,0.4349121779152595
1.0,0.518339227983165
0.0,0.15694240775383275
1.0,0.7138500884367982
0.0,0.37489336511256793
1.0,0.418693987632107
1.0,0.6323273046523006
1.0,0.6153191627524708
1.0,0.7322043501615738
0.0,0.1368961550782461
0.0,0.5750737794577206
0.0,0.060137600394815485
0.0,0.09119069741797094
1.0,0.9641427454885954
1.0,0.7858947849564083
0.0,0.6096329852777183
0.0,0.18550999892945477
0.0,0.35212035336321434
1.0,0.4607259444195907
0.0,0.04453908365615321
1.0,0.6065236131080669
1.0,0.5428558360243738
1.0,0.7306244207016607
1.0,0.5665486313814202
1.0,0.6373902788273491
0.0,0.05794475613642308
0.0,0.37437436720356365
1.0,0.8266114707611851
0.0,0.08656019047813877
1.0,0.8957775534264272
1.0,0.898914641788555
1.0,0.7145627965809308
0.0,0.09991570383929448
1.0,0.4385123146376254
0.0,0.5723325099796929
1.0,0.6583253284880102
1.0,0.8984212905493802
1.0,0.7726229854521254
1.0,0.526250026650861
1.0,0.7191822962840934
0.0,0.6786369306687464
0.0,0.3818716662194716
0.0,0.8500143724730294
0.0,0.5343074516505532
1.0,0.31431939175530504
0.0,0.23212143381034164
0.0,0.9659292903388351
1.0,0.876872136999404
0.0,0.2028766818643628
0.0,0.15618134572183268
0.0,0.1346946739108118
0.0,0.3185051078382371
0.0,0.4684545983250445
1.0,0.3510578879791148
1.0,0.8299900675233269
0.0,0.08254521638266671
1.0,0.7608415834006598
1.0,0.7738969213582286
0.0,0.16688349661690557
1.0,0.932364825812609
0.0,0.36932416707420446
1.0,0.7383173540491437
1.0,0.8941047049080824
0.0,0.8410714813525738
0.0,0.2720621965647588
0.0,0.12960389897597777
1.0,0.7002507149745271
1.0,0.7302735842571706
1.0,0.3333841904632368
1.0,0.5200943361279317
0.0,0.43849802026028073
1.0,0.3040607158490224
1.0,0.41761173057790874
0.0,0.7781351964834943
0.0,0.31915591699810286
0.0,0.7037921805612185
1.0,0.5242226143398768
0.0,0.26657610908113233
1.0,0.9682955983786774
0.0,0.2270134062272833
1.0,0.6336692225319963
1.0,0.7291646619165113
0.0,0.3088321381000866
0.0,0.4365031079838338
0.0,0.27391389774127683
0.0,0.027830102275556913
1.0,0.33534736916287516
1.0,0.8936388791939665
1.0,0.9249044375283202
0.0,0.29828259746051916
0.0,0.7730109327604374
1.0,0.7392051760738656
1.0,0.44340118161313624
1.0,0.4628680785380055
1.0,0.6563436806634205
0.0,0.15254171118383647
1.0,0.7400979604604387
0.0,0.13028964754333092
1.0,0.7191622061726249
1.0,0.33975917833413216
0.0,0.09123996397040418
0.0,0.4037391542520619
0.0,0.7439176400501808
1.0,0.44877657749522226
1.0,0.9588198562432682
0.0,0.2690373511349513
1.0,0.7627268520065571
0.0,0.840562007578774
0.0,0.04625199573797131
1.0,0.23234046462421012
0.0,0.7762977635692907
0.0,0.11037063382482698
1.0,0.6145631994252149
0.0,0.13782674799657213
0.0,0.17988015092621887
0.0,0.16881400024858173
0.0,0.1839633223977512
0.0,0.7463166069910195
0.0,0.13599415524081435
1.0,0.6150273098065472
0.0,0.03409030245452704
0.0,0.42665321753018154
0.0,0.39143241954201424
0.0,0.34681538401831163
1.0,0.48731523740977273
0.0,0.05069955537917704
0.0,0.06687665031963595
1.0,0.3143049145794777
0.0,0.6155172351396473
1.0,0.8914541717047038
0.0,0.9637607183010017
0.0,0.44353937846904934
1.0,0.7037625433893826
0.0,0.6807665910145339
1.0,0.8375446308312604
1.0,0.4750079563664118
1.0,0.8666375018080568
1.0,0.595952968682363
1.0,0.2694767379873151
1.0,0.6382788051161394
1.0,0.748249905590987
1.0,0.7864681269791299
1.0,0.4023404754458774
1.0,0.8531525068612804
0.0,0.3614242694023862
1.0,0.37830299511104337
1.0,0.355861007595008
1.0,0.608485150155234
1.0,0.9475167164548602
0.0,0.7135012535945258
1.0,0.6224937866917434
1.0,0.4999558357519481
1.0,0.40520504575182653
1.0,0.7079909898638896
1.0,0.42121481783496456
0.0,0.6617425477126916
1.0,0.37521234627073596
0.0,0.16530303299102758
0.0,0.19436654497556427
1.0,0.7166448682011715
1.0,0.7591955360990825
1.0,0.8221932334207505
1.0,0.26938091243831236
1.0,0.7532039352130125
1.0,0.56026280080588
0.0,0.2500329163564572
1.0,0.6113307562283445
0.0,0.20679351155210976
1.0,0.9245652924217649
1.0,0.7617118333528252
1.0,0.19341495749706028
1.0,0.5753056425753781
1.0,0.2997550807513428
1.0,0.9049547504080345
0.0,0.4130149702302417
1.0,0.9148495854107503
1.0,0.7713425845335672
0.0,0.16835025551817168
0.0,0.930944998313146
1.0,0.6786235248612277
1.0,0.7637816292941293
0.0,0.10859585532459254
0.0,0.16954008690419467
0.0,0.19660915228747425
0.0,0.2336049304762748
0.0,0.41234567898817015
0.0,0.17355489451257375
1.0,0.38550486486417784
0.0,0.6346350788023997
1.0,0.6446050162144902
1.0,0.24401269892707256
0.0,0.013377553580592394
1.0,0.9449149386809739
1.0,0.9532075570717163
0.0,0.8705479142676098
1.0,0.9051537436470667
0.0,0.41379340683977106
0.0,0.15673067448596878
0.0,0.2171363266803848
0.0,0.45259998724438694
0.0,0.32306666810315415
1.0,0.8672252319338231
1.0,0.420067588142486
0.0,0.23377897988670657
1.0,0.7919933043045815
0.0,0.48054734051887277
0.0,0.8099668359286506
0.0,0.17712559891091348
1.0,0.4322008617605663
0.0,0.6318007718543823
1.0,0.4962159973730225
1.0,0.09112561944439121
0.0,0.07188469097504781
1.0,0.45607155967409163
1.0,0.8003357904246238
0.0,0.41968595034927525
0.0,0.8677333108864271
1.0,0.7782946945478166
1.0,0.6571488047790731
1.0,0.5725762878182741
0.0,0.0478565055422967
1.0,0.45966827282729933
0.0,0.938415232234323
0.0,0.7976946746248149
0.0,0.027150443569813068
0.0,0.3610839604902604
1.0,0.9509587773521948
0.0,0.13220001517907767
1.0,0.4805954843566205
0.0,0.06280369274624044
1.0,0.7720961758336524
1.0,0.7327610619702238
1.0,0.5554538688927589
0.0,0.3376157190629448
0.0,0.33529565182210347
0.0,0.10363732213900734
1.0,0.3740270469876144
1.0,0.44642233982160107
0.0,0.07907202178715014
0.0,0.8016513613861924
0.0,0.16000619564207047
0.0,0.23911217622477307
1.0,0.5582792385613885
1.0,0.8602519743710533
0.0,0.05526548389192117
1.0,0.16473751985054932
0.0,0.055490842802774026
1.0,0.1176838013420913
1.0,0.6437684009268614
1.0,0.4654125873039458
1.0,0.7333763426263267
1.0,0.6120358528572564
0.0,0.09262490102039375
1.0,0.9006212719946884
1.0,0.8730028216110274
1.0,0.8960180150777917
1.0,0.8384002426827932
1.0,0.8229440585098668
0.0,0.06033282237653648
1.0,0.842805097783662
0.0,0.7502995359346584
0.0,0.018951012806411458
0.0,0.10637529022188315
0.0,0.2907962939699931
1.0,0.40855067122950134
1.0,0.6139565874479135
1.0,0.7589770725097215
1.0,0.7124286635197208
0.0,0.23616242978846122
0.0,0.061481062102690894
1.0,0.7343405419371479
1.0,0.2627077363312755
1.0,0.481606150767069
1.0,0.42677489320065526
1.0,0.855116669131098
1.0,0.49332177018864143
1.0,0.8172953438935462
0.0,0.13727588582157255
0.0,0.22644687394382565
1.0,0.5156069693527335
1.0,0.20826380944592243
1.0,0.6226477755684353
0.0,0.3190850308426014
0.0,0.024514406074213003
1.0,0.8590229449802721
1.0,0.8141432184903005
1.0,0.8562328654578931
1.0,0.9330545983770322
0.0,0.07502343758730974
1.0,0.684031039241231
1.0,0.5233796462798008
1.0,0.5738166199224484
0.0,0.04394934278578307
0.0,0.3071528442010219
0.0,0.3872405865112425
0.0,0.07096269533127443
1.0,0.5863826614155829
0.0,0.2540628087874403
1.0,0.8216903434080087
0.0,0.8404149725262499
0.0,0.9938328274561153
1.0,0.3608325809917729
1.0,0.8247550015327523
0.0,0.34555201224664406
1.0,0.6134404774861503
0.0,0.7199772701480336
0.0,0.5664526824131451
0.0,0.6768484359229786
1.0,0.7938521013180292
1.0,0.6656420703025215
0.0,0.41907537312517534
0.0,0.6378029137593899
0.0,0.45362257715330817
1.0,0.5783938593132711
0.0,0.11747018285572708
1.0,0.8938772355514548
1.0,0.6285154392323198
0.0,0.3665812043091662
1.0,0.8755531383910712
1.0,0.7352337139918221
0.0,0.44722172072185506
1.0,0.7565256555554939
0.0,0.5432522644828435
0.0,0.03171870178673415
1.0,0.9482898476031384
1.0,0.9108916144621657
0.0,0.1334221754330242
1.0,0.7152837993351969
0.0,0.036422979768459554
1.0,0.4390103466180089
1.0,0.8449692828966787
1.0,0.5880540066870553
0.0,0.7049070200526515
0.0,0.17687252964430683
1.0,0.8729943703530265
0.0,0.5662746340778174
0.0,0.6848062023291464
1.0,0.3393386879242326
0.0,0.5436382921627352
1.0,0.6019688417836593
1.0,0.7012452187942316
1.0,0.9165001461880358
1.0,0.9144980136431065
0.0,0.9493345563332962
0.0,0.15380835646256158
1.0,0.6025904355519005
1.0,0.8640513446882537
1.0,0.6357670885919825
1.0,0.545543044860182
0.0,0.09284563034532474
0.0,0.2582970976000389
0.0,0.061130754735644395
0.0,0.057206323643939364
0.0,0.2853598302879164
1.0,0.758518768562137
0.0,0.11079460921491009
0.0,0.2576781722475737
1.0,0.9468696511788403
1.0,0.6953417848057558
0.0,0.054035570081537886
0.0,0.6332413930679511
1.0,0.9652117996194426
1.0,0.17465500161361375
1.0,0.6717605292093033
0.0,0.05902891732928579
1.0,0.8548613745278393
1.0,0.9149656802811375
0.0,0.5647029999087664
0.0,0.11783314795419617
1.0,0.7857363973461834
0.0,0.26688547695411846
0.0,0.04053714926910407
1.0,0.8909574673563232
0.0,0.023671008749254308
0.0,0.3519413350612702
0.0,0.7219498861178011
0.0,0.13538361783085057
0.0,0.08446632242356161
0.0,0.0061596054806705115
0.0,0.5114252174507827
0.0,0.7618225514177552
1.0,0.6306548323485112
1.0,0.4444977555173192
0.0,0.451547300490605
1.0,0.9080449515416671
0.0,0.4490384804903527
1.0,0.7627797329489776
0.0,0.5413498414468669
1.0,0.5845789644258218
1.0,0.40236637525848384
0.0,0.6182813577526138
0.0,0.5062286466012613
0.0,0.7896467296362987
1.0,0.24612511551328933
0.0,0.08902430285246696
0.0,0.38461701743482946
1.0,0.6839343097304726
1.0,0.784803834347526
1.0,0.37493721625086684
1.0,0.9614083150414596
0.0,0.5313446247999354
1.0,0.715801369010508
1.0,0.6583805766354899
0.0,0.6826141060335906
0.0,0.3054169780828613
1.0,0.9094531245806319
1.0,0.8050932699608713
1.0,0.9065859719184667
0.0,0.3211350037816709
1.0,0.9029698814911111
0.0,0.11360583528546578
0.0,0.16806640195481903
1.0,0.18887437286206968
1.0,0.8258486940477975
0.0,0.11131175502563907
0.0,0.06942267692183968
0.0,0.45785486290508326
0.0,0.11874884813362552
1.0,0.7589396975872366
1.0,0.4522989670306211
1.0,0.48458943669413307
1.0,0.8044041834539484
0.0,0.2414841227825707
1.0,0.24128163954522414
1.0,0.704697911972603
0.0,0.2326182013117051
0.0,0.26389142531744947
1.0,0.7659957366282808
1.0,0.6400834068417541
0.0,0.26704217483612785
1.0,0.4596391377901101
1.0,0.7347166146154038
1.0,0.49263624322723426
1.0,0.8405286023688799
0.0,0.04575079681955847
1.0,0.5956477762385534
1.0,0.5364981212042257
0.0,0.35865523669210664
1.0,0.7301789453078503
0.0,0.12049846077146995
1.0,0.83788781683116
1.0,0.902928084526815
1.0,0.5728189712295663
0.0,0.3065692598016822
1.0,0.8655927676504661
0.0,0.2809814575204761
1.0,0.5736633905400944
0.0,0.6038814206767008
1.0,0.7139333294066702
1.0,0.9040525384525403
1.0,0.6337069634872214
0.0,0.11986186064343934
1.0,0.7507784387038983
0.0,0.620872322442268
0.0,0.417633703637506
0.0,0.4790979603242771
0.0,0.6737294980443763
0.0,0.012817043414808481
0.0,0.46821271403224946
1.0,0.8078039979914408
1.0,0.8991488241241803
0.0,0.3108001753420772
0.0,0.05205179576126842
0.0,0.20733416769284005
0.0,0.22153772765765933
1.0,0.8899062749557001
0.0,0.6105790597973881
0.0,0.23896098463360943
0.0,0.2817905561085095
0.0,0.06798181428347472
0.0,0.14507450687687465
1.0,0.38118275896795495
0.0,0.35388637533566697
1.0,0.9370396346541077
0.0,0.3755289043116751
1.0,0.7306285214399867
0.0,0.11100648597430209
1.0,0.9704381044438969
0.0,0.3254727323300124
1.0,0.8075089948419205
1.0,0.3252018875748999
0.0,0.037997042884968545
0.0,0.02152061467565029
1.0,0.9451796876357585
1.0,0.1840255400249062
1.0,0.584275669154472
1.0,0.6818393179412199
1.0,0.34884808313351884
0.0,0.5616999879668437
0.0,0.11612420107684415
0.0,0.507599332943944
1.0,0.6160130534770353
1.0,0.9158038765612623
0.0,0.06201412195310635
1.0,0.7435335094215811
1.0,0.6936363561789433
1.0,0.3721695206642721
0.0,0.2180316737408032
0.0,0.05998580162670578
1.0,0.3377084976419202
0.0,0.35307045004903426
1.0,0.25225950560413146
0.0,0.11942018739853649
1.0,0.44204204811784514
1.0,0.8424624420732538
1.0,0.537796668578377
1.0,0.7305556445933712
1.0,0.8327413658426007
0.0,0.38630621016196304
0.0,0.5783585498913361
0.0,0.7599859779516773
0.0,0.3663833878405565
1.0,0.6134911712372862
0.0,0.040517798604237876
0.0,0.30594315406867784
0.0,0.22187703717572527
0.0,0.14938523195397352
1.0,0.8320990655958576
1.0,0.6920560887930655
0.0,0.40475646713234464
0.0,0.09596271499030054
0.0,0.07111136471924864
1.0,0.7731979248981153
1.0,0.7305980491203571
0.0,0.17018200978300518
1.0,0.7056150678403245
0.0,0.24996878574250012
0.0,0.1093222646369187
0.0,0.20191443330746361
1.0,0.9776081854432368
1.0,0.4937643728982133
1.0,0.8616525224468481
0.0,0.2648804317059437
0.0,0.16920260460497435
0.0,0.15757469914639385
1.0,0.4688656735545716
1.0,0.5807063076263411
1.0,0.9589777489667389
1.0,0.6075381677576892
1.0,0.7393910233003007
1.0,0.8733054567638923
0.0,0.25133627393175634
1.0,0.6815136117590268
0.0,0.7613750971918172
1.0,0.9445042299635164
1.0,0.6584001171733481
0.0,0.36245928756104584
1.0,0.7381212323880673
1.0,0.810002523619009
1.0,0.4645988453077179
1.0,0.635330459624238
1.0,0.747958220070249
0.0,0.4197919815261473
1.0,0.6712346691738674
0.0,0.0773705944266616
0.0,0.15213823226496015
0.0,0.8653035016231356
1.0,0.43731861999318977
0.0,0.2116278955294664
1.0,0.9572643276410611
1.0,0.5166716417943432
1.0,0.7970311625575488
0.0,0.05709972915904301
0.0,0.6406350154465847
0.0,0.21885706073076
0.0,0.16012545940845313
1.0,0.7177321250987903
1.0,0.6361288734047342
1.0,0.7995646047047247
0.0,0.8782200046643103
1.0,0.861612562159347
1.0,0.3850564215305399
0.0,0.2775362098493927
0.0,0.3391527601324902
0.0,0.6150704809578648
0.0,0.22105724193900578
0.0,0.17115292291631007
1.0,0.38716381658129373
0.0,0.11701146620920792
0.0,0.7555421996016894
0.0,0.7194700338123076
0.0,0.4042676037538328
1.0,0.8306365595235642
0.0,0.2581599992874565
1.0,0.7348578026041716
0.0,0.5505972945150657
1.0,0.9312327007351489
1.0,0.7125580980632865
1.0,0.8129567420998434
1.0,0.8182121406589197
0.0,0.3683104338987689
0.0,0.4344338035166984
0.0,0.3399327371993371
1.0,0.5744578347995358
1.0,0.2389805959260273
0.0,0.17892221391916968
0.0,0.927429980779902
1.0,0.5312735595264813
1.0,0.7380227162995383
1.0,0.44292153572935083
1.0,0.9020283266404241
1.0,0.930157874726356
0.0,0.18681012980758585
1.0,0.7422523288687257
0.0,0.09284563034532474
0.0,0.8301508781956098
0.0,0.052234199561822944
0.0,0.07553274112543518
1.0,0.7537580060157981
1.0,0.601213732624569
0.0,0.8407863519105857
0.0,0.5130392157847159
1.0,0.8529766102672155
1.0,0.8707948052087541
1.0,0.5037035431295024
0.0,0.05776749570735883
1.0,0.5698054696742407
1.0,0.6302357844017253
0.0,0.16990967824022538
1.0,0.4540943730176083
0.0,0.43201986501836875
0.0,0.06230333420886337
1.0,0.3236668716746026
1.0,0.610728863049492
0.0,0.08523933656106494
1.0,0.8201404088686609
1.0,0.8705032277233655
0.0,0.87718633638488
1.0,0.5811147607854896
0.0,0.3376571367752291
0.0,0.44118663746626685
1.0,0.9133725714237719
1.0,0.8150026801144835
0.0,0.07874483604171018
0.0,0.49922094576014925
0.0,0.7413751462539787
0.0,0.23092010157743065
0.0,0.11061157023805408
0.0,0.6775918296745511
1.0,0.6213257061307719
1.0,0.4123995125511013
0.0,0.3184184522676781
0.0,0.43892317478633713
1.0,0.6880861261440309
0.0,0.6518492246606213
1.0,0.5278832290767559
1.0,0.9368950384575381
1.0,0.5385167421263747
0.0,0.17311796416190894
0.0,0.21073292775647837
0.0,0.6017541082645563
0.0,0.5177754641529136
1.0,0.4483224133283519
1.0,0.29572021601535253
1.0,0.6550152296072715
1.0,0.9487750566135378
0.0,0.12612949177735672
1.0,0.27553900030026457
1.0,0.7530433507083024
1.0,0.890938327928268
1.0,0.2211084794297749
0.0,0.8674325912430132
1.0,0.9514929596999248
0.0,0.29899798715267667
0.0,0.5956312999277218
1.0,0.521920426468119
1.0,0.7992241927914044
0.0,0.637318426154789
1.0,0.5099171293278365
0.0,0.19706719770404518
0.0,0.3242003819220598
0.0,0.7285592501680561
1.0,0.4908332407828219
0.0,0.06524220592118452
0.0,0.09384239084654211
0.0,0.8253007412472994
0.0,0.15869269931709232
1.0,0.8076141736368582
1.0,0.9258142263711239
0.0,0.13287173996391438
0.0,0.8530900777126145
1.0,0.5957648923297767
0.0,0.9200562272453583
1.0,0.8907423733430608
0.0,0.7672563924024399
0.0,0.10070987224691261
1.0,0.5428616054940741
1.0,0.5621101779984723
0.0,0.2095069477826559
1.0,0.2086336764322883
0.0,0.5394727273105943
1.0,0.4789016466886321
0.0,0.19434875628128093
0.0,0.8109522888483415
1.0,0.891733468716656
0.0,0.5814875747824759
1.0,0.786697479293071
0.0,0.41791790851295585
0.0,0.653722620197078
1.0,0.23127408125804422
1.0,0.47554504565188677
0.0,0.29430731159418166
1.0,0.7049497218870292
1.0,0.7231913455353504
0.0,0.09193162450616428
0.0,0.30932245961297505
1.0,0.43186574613627543
0.0,0.4711628394818722
1.0,0.10440527623763592
1.0,0.6371874072081681
1.0,0.8127498881224033
1.0,0.9388736598981461
0.0,0.14522926520987373
1.0,0.5608274633529161
1.0,0.8340820061644681
1.0,0.41981099937483
0.0,0.06901543788996423
1.0,0.6643922237260308
0.0,0.19035459205640273
1.0,0.5218926516012138
0.0,0.13717766527008216
1.0,0.6550981098572488
1.0,0.8004377065121074
1.0,0.46772458454151417
0.0,0.10596997597498854
0.0,0.6126799618976276
1.0,0.5375940517080163
0.0,0.3375785311558952
1.0,0.7166631131007878
1.0,0.9163332754334313
1.0,0.8240664732516981
1.0,0.43265244364710237
1.0,0.7871398655229346
1.0,0.5631192648542405
1.0,0.686593913270891
1.0,0.6418451351496409
0.0,0.5390659025477933
0.0,0.6978089521940153
0.0,0.3231961756544711
1.0,0.3815030890207363
1.0,0.8597250814305948
1.0,0.906383633431989
0.0,0.09467368785884175
0.0,0.09021929804976836
0.0,0.37654200776904917
0.0,0.7005324170898308
1.0,0.7647239792258025
1.0,0.7897271242948374
0.0,0.08195731665136462
0.0,0.06373917025972443
0.0,0.6680238027876871
0.0,0.03792884151420312
1.0,0.5688776133636272
0.0,0.2055987500210595
0.0,0.29516952721219897
0.0,0.25359253538875604
0.0,0.12120346560436975
0.0,0.17479290222025037
1.0,0.15253070325021637
0.0,0.11509588884092821
0.0,0.7017658671556039
0.0,0.9538801765447423
0.0,0.4048827077050874
1.0,0.7071605940640666
0.0,0.1341068162802708
0.0,0.24252157844128797
0.0,0.21731455970012054
0.0,0.05916140417289797
1.0,0.2819052365393199
0.0,0.27237596898866406
0.0,0.8207037468789489
1.0,0.1789075332658441
1.0,0.8655245310271887
1.0,0.9426785135304415
0.0,0.75579899598979
0.0,0.3312460644441845
1.0,0.5538631175144214
0.0,0.06230084935057899
0.0,0.46057436546951447
0.0,0.03049412732801839
0.0,0.06751154032995686
0.0,0.7410836034226365
1.0,0.7457471131606751
1.0,0.8823429085425029
0.0,0.8576099963611828
0.0,0.10845343043829747
1.0,0.8142223107240265
0.0,0.8039802522997455
1.0,0.7710930164026827
1.0,0.828919501126625
0.0,0.1782814540512409
1.0,0.1752659941387957
0.0,0.29263048693233573
1.0,0.7830476735790468
1.0,0.8971149989936258
1.0,0.38057841663181197
0.0,0.5959170586681793
0.0,0.7917183980495487
1.0,0.0768001186747482
1.0,0.7559672594738243
0.0,0.08556632792118259
1.0,0.342351417729372
1.0,0.3828119025551204
1.0,0.7102112822841677
1.0,0.6763832555938061
1.0,0.9439342966375844
1.0,0.5910507842141577
1.0,0.8408521488688502
1.0,0.672892700006496
0.0,0.8555286356933665
1.0,0.29620617314683034
0.0,0.11826582115269318
1.0,0.9467618398676292
0.0,0.4885740475772283
0.0,0.026563035621800287
1.0,0.9433363545124896
0.0,0.6207968012773135
0.0,0.6865583539952997
1.0,0.26284212442975746
0.0,0.0256548525609619
0.0,0.6718873373782362
1.0,0.5588106687485122
1.0,0.6817069536463151
1.0,0.6328628735882404
1.0,0.8615341367758774
0.0,0.08566719276804505
1.0,0.6282489517217528
0.0,0.5741614859341319
0.0,0.19775100460274223
0.0,0.20649697252802066
1.0,0.9133895256722986
1.0,0.6947907363522375
0.0,0.22837717200995827
0.0,0.7435132329239312
0.0,0.35036239227603194
0.0,0.029268301774699697
1.0,0.937675916436541
0.0,0.05511393988507079
0.0,0.11612251111405837
1.0,0.7419035336753463
0.0,0.1105881708926894
1.0,0.9190177221589881
1.0,0.853503589881283
1.0,0.7543949845740876
1.0,0.630228218507212
1.0,0.713679013648059
1.0,0.8976340969493798
0.0,0.7013235487855805
1.0,0.44103929373284584
1.0,0.8752085188000575
0.0,0.452767851854493
0.0,0.50465992932128
0.0,0.7920564982919679
0.0,0.20107022061919227
1.0,0.4430666668939119
0.0,0.13057265119189926
1.0,0.3886348218903577
1.0,0.5839822238858726
0.0,0.9190229119017778
1.0,0.8037059364871906
1.0,0.6413243001723352
0.0,0.5449754848941041
0.0,0.14644559005692462
1.0,0.5490772274136553
0.0,0.7096166428616835
0.0,0.23538673649700928
0.0,0.4739028330106113
0.0,0.3425353006091877
0.0,0.07755922926321647
0.0,0.70760925753091
1.0,0.6586859788854872
1.0,0.7001676918221778
0.0,0.13781744555841574
1.0,0.8470964167059147
0.0,0.7973334889847812
0.0,0.13831133304910787
1.0,0.9232930268866836
1.0,0.872026020735514
1.0,0.651429381139755
0.0,0.20763365392559505
0.0,0.06653711616194899
0.0,0.46286333143994074
1.0,0.22982778359526784
0.0,0.2344103237155127
0.0,0.10002619234916008
0.0,0.3582295424270523
0.0,0.5208448628067466
1.0,0.718937531858365
1.0,0.9602121117456526
0.0,0.7349252253054631
0.0,0.2579111164134137
0.0,0.6008794582086031
1.0,0.8981983259965554
0.0,0.13090622890430345
1.0,0.7749517668697053
1.0,0.485715966214434
0.0,0.9501288712078639
0.0,0.12141611546615855
0.0,0.8805303387468347
0.0,0.1856690692623239
0.0,0.6108833573951388
0.0,0.14587581735612395
1.0,0.8450950506127016
1.0,0.9278739779213085
1.0,0.5141513709476346
1.0,0.6741361809775689
0.0,0.23971216317783423
0.0,0.3845910275803562
1.0,0.8444950980774992
1.0,0.6680253421640413
0.0,0.21723469220762506
0.0,0.3666778007589061
1.0,0.695699343637376
0.0,0.434094655043501
0.0,0.11223892785157338
0.0,0.5362302906483838
1.0,0.3452936952792777
0.0,0.2547667508219046
0.0,0.029932238538593125
0.0,0.3271890343373153
1.0,0.524997629566738
1.0,0.7941768550330454
0.0,0.7707700372724186
1.0,0.11984684317317518
0.0,0.19125667164779434
0.0,0.5620114453312949
1.0,0.5052678089564522
1.0,0.5770923384748688
0.0,0.5810617890131112
0.0,0.1067728594664748
1.0,0.7421251022830512
1.0,0.8218126201364582
1.0,0.8228409403560368
0.0,0.11489996918597381
0.0,0.11486017815459708
1.0,0.5480270022702317
1.0,0.6080197315886089
1.0,0.6761854377965636
1.0,0.658992743666325
0.0,0.048074245164117575
0.0,0.7130055783393344
1.0,0.48576851604350857
1.0,0.8616924792262537
0.0,0.46432565188438224
0.0,0.3179819555281975
1.0,0.9431921823946772
1.0,0.9365400246110959
1.0,0.41126511468056304
0.0,0.6025544111509645
0.0,0.6576796308331317
0.0,0.5109132744947684
0.0,0.20914673213316837
0.0,0.36568512396226854
1.0,0.9180421080907951
1.0,0.9101783445997551
0.0,0.4837992905183197
1.0,0.5047309072911248
1.0,0.31042107917451117
1.0,0.3512739367041649
0.0,0.2551531332595012
1.0,0.8669381592256038
1.0,0.6998687991521011
0.0,0.07400989679394612
0.0,0.5431280411886256
0.0,0.6377356415007361
1.0,0.7089305732116388
0.0,0.36504825019268544
1.0,0.37836145400685284
1.0,0.3867057448621339
0.0,0.45593771754640655
1.0,0.5793465591093978
1.0,0.4812466028464187
0.0,0.6865112324083438
1.0,0.7845694091314606
1.0,0.8458100998274426
0.0,0.2968567608532103
1.0,0.4767048201138571
0.0,0.8536966529871584
1.0,0.6563783412985792
1.0,0.917927289852283
1.0,0.5508860241533897
0.0,0.2582864739907589
1.0,0.8026692550331973
1.0,0.25106921369273927
0.0,0.2083002696067089
0.0,0.7834330820665905
1.0,0.8000048367983641
0.0,0.04537677693653446
1.0,0.8149862636887871
0.0,0.13493233235790525
1.0,0.7495447384568918
0.0,0.5121552610915904
1.0,0.6429445563259241
0.0,0.29156285918686936
0.0,0.7466643804830423
0.0,0.08713578171390268
0.0,0.056819136129561576
1.0,0.7783996741543188
1.0,0.6649927382928003
1.0,0.7898272818198481
0.0,0.24931677387890444
1.0,0.9158798542279507
0.0,0.20489432937443008
0.0,0.10120484175299638
0.0,0.24977515956453553
0.0,0.26742418962965236
1.0,0.7241381158129001
0.0,0.09136904261592714
1.0,0.7393197967108561
0.0,0.07138651291394855
1.0,0.975390655424382
1.0,0.4400966503392618
1.0,0.3274645316323241
0.0,0.7705144364084391
1.0,0.5915384315744466
1.0,0.8068992561363844
0.0,0.23388951704871916
0.0,0.524827400017472
0.0,0.7979226653272169
0.0,0.26842701766034344
1.0,0.6218084110140222
0.0,0.05891019463509835
0.0,0.6073637840331207
0.0,0.16278970787631386
1.0,0.36497964521535214
1.0,0.41348523169962675
0.0,0.3633493591387762
0.0,0.5976538090828132
0.0,0.0758687481846442
0.0,0.06327531862567018
0.0,0.10370462374551032
0.0,0.40300413408573066
0.0,0.0745299113242852
0.0,0.39962338278352305
1.0,0.375011055668247
1.0,0.7914660905964696
0.0,0.2614332480854661
1.0,0.18820379069829277
0.0,0.6859642632502079
1.0,0.957272204450626
1.0,0.6917620441281587
1.0,0.7560117252709528
1.0,0.5090378756557116
1.0,0.2814023568690629
0.0,0.2317291518585458
0.0,0.37640752206823436
1.0,0.7695297649696777
0.0,0.5722742231180972
0.0,0.04014846878715051
1.0,0.6529006265121052
0.0,0.1324243464134772
0.0,0.631300155954135
0.0,0.547452642372004
0.0,0.7249788684739381
1.0,0.7903170013175806
1.0,0.9152305906354439
1.0,0.7348063363854842
0.0,0.9215863243000932
1.0,0.5838679119980145
1.0,0.8989786936937013
1.0,0.16359038923914135
1.0,0.6796162026479384
1.0,0.8761194934553319
1.0,0.8297231004181442
0.0,0.8133834988479678
0.0,0.1377688150452363
1.0,0.7362630836942188
1.0,0.761260231450361
1.0,0.7795590442176216
0.0,0.5021319240757238
1.0,0.9463594463608436
1.0,0.8210139649515453
0.0,0.3826053350164321
0.0,0.7715029281719267
1.0,0.7587397073302458
1.0,0.9100736905232234
0.0,0.024818087215133757
0.0,0.8029905713952342
1.0,0.7613028742745256
1.0,0.6041166906354026
1.0,0.8344400531196764
1.0,0.33848877980721176
1.0,0.8169233010396169
0.0,0.39493594989416814
1.0,0.7130980298793921
1.0,0.7547169078172631
1.0,0.07135734598693236
0.0,0.2182661601270071
1.0,0.6791592120163686
0.0,0.6336878272579279
1.0,0.8186237438940115
1.0,0.8760047726168058
0.0,0.19869784394294088
0.0,0.02051740703297618
0.0,0.16123096040353982
1.0,0.8748133503408226
1.0,0.18632004611293226
0.0,0.4571783932423335
0.0,0.3130012008464917
0.0,0.35885442128256984
0.0,0.1393389650685214
0.0,0.23144672800673236
1.0,0.7957226700046717
0.0,0.35694108628972765
1.0,0.8651410620884632
0.0,0.40717453988965424
0.0,0.32851997504634906
0.0,0.8776676067438078
0.0,0.04065892645655891
1.0,0.6763832555938061
1.0,0.403992149801851
0.0,0.5179829892644315
0.0,0.3535584459911854
0.0,0.5038504693026029
1.0,0.7578462874276687
1.0,0.6961278539705686
1.0,0.44823398307454576
1.0,0.4850891260156823
1.0,0.5701019083304544
0.0,0.31464169670428305
1.0,0.5181300405793657
0.0,0.17435715348486516
0.0,0.08996032996732257
1.0,0.7362919503730995
0.0,0.38328496516171373
0.0,0.14010330180049305
0.0,0.038224670207720274
0.0,0.09951286572083023
1.0,0.8343666043796576
1.0,0.8306961890492659
1.0,0.6729866919538624
1.0,0.23294714635279773
1.0,0.7814447011758708
1.0,0.5027143500644676
0.0,0.5930163535585478
1.0,0.6148973263652577
1.0,0.626755560451536
1.0,0.8422416671509557
1.0,0.6315578456708795
1.0,0.5027573574788223
1.0,0.9730606803716686
0.0,0.3436843434275819
1.0,0.5160164345564527
0.0,0.059291889409081776
1.0,0.7527244301254837
0.0,0.06424629437653984
1.0,0.48046831612108015
1.0,0.9316345449661305
0.0,0.14482282475564479
1.0,0.11460954844689054
0.0,0.8272560315120214
1.0,0.7759530637225128
0.0,0.13777295416121924
1.0,0.8983562785381847
1.0,0.9233215870509627
0.0,0.0887973075228211
0.0,0.1838389945298558
1.0,0.7771841311072558
0.0,0.4421153595384752
0.0,0.05399697242953109
1.0,0.26816668007027966
0.0,0.01960824582432034
0.0,0.10154403084902436
1.0,0.7781084523230983
1.0,0.3865557962558002
0.0,0.07164978920987877
1.0,0.729575223974862
1.0,0.6333800406300943
0.0,0.35222479669139123
0.0,0.1129021303887816
1.0,0.6751203660712245
1.0,0.48576354539055755
0.0,0.3057845461165294
1.0,0.6770140713612091
1.0,0.8647287792675418
0.0,0.09254804599259694
1.0,0.8273415603038774
1.0,0.6395909055948926
1.0,0.385892059285966
0.0,0.5585432489292893
1.0,0.19348160275080725
1.0,0.45677044640510545
0.0,0.6668305594238585
0.0,0.7727610763666519
0.0,0.12876368011022649
1.0,0.436041383307367
0.0,0.326236446554581
1.0,0.46056445633381227
0.0,0.8579576111799554
0.0,0.29686053700619813
0.0,0.1860248093187321
0.0,0.5360286797355951
0.0,0.056795346112077455
0.0,0.6931130408570023
0.0,0.179328102332823
0.0,0.04784592214420967
1.0,0.1769397666837252
0.0,0.2614314972609725
1.0,0.7393175217619928
1.0,0.9608696159363472
0.0,0.5231784919421908
0.0,0.044964640316989275
1.0,0.9357891819535638
1.0,0.7175411025070019
1.0,0.9232595145021932
1.0,0.6695806811410334
0.0,0.019974946386948793
1.0,0.9362719412066552
0.0,0.34758036677239657
0.0,0.19671493809363663
0.0,0.09844235887564297
1.0,0.8917801795267621
0.0,0.39447746841297293
0.0,0.3679857139063543
0.0,0.7385461239243993
0.0,0.9208007033333505
0.0,0.5763577666076848
1.0,0.9127620462955742
0.0,0.08652364060898585
0.0,0.515670263416448
1.0,0.7561506075783317
0.0,0.7778286692692478
1.0,0.6726672314016907
0.0,0.01639761389600258
0.0,0.12267360770481416
0.0,0.23089521538873164
1.0,0.4792565086060078
0.0,0.05111080689063451
0.0,0.23003602079862395
1.0,0.8135708288066322
0.0,0.6422663454367661
1.0,0.7186686454804736
0.0,0.2888992964180479
0.0,0.3003866394680516
0.0,0.5803523321314182
0.0,0.3717684189401763
0.0,0.21171577582776616
0.0,0.022938929556736962
0.0,0.9012551608870133
1.0,0.9349510131297328
1.0,0.7860781170042429
1.0,0.6412056039442757
1.0,0.936295386246642
0.0,0.4019264148879182
0.0,0.36079947795655404
0.0,0.12159373017962524
1.0,0.7310296600526449
0.0,0.3018820201916877
0.0,0.07489470310819082
0.0,0.23900185302261548
1.0,0.23227100699799935
1.0,0.5492745658431816
1.0,0.8188856750975513
0.0,0.25089581630129393
0.0,0.8692213122453916
0.0,0.15165043064406897
0.0,0.6202981257016377
1.0,0.6412679700929694
1.0,0.5620437424988661
0.0,0.5164253341548762
1.0,0.4743580463967572
1.0,0.8784916588130027
1.0,0.8255280007761889
0.0,0.3674004824417361
0.0,0.10408484450343923
1.0,0.6022825269110612
1.0,0.9399667870644667
1.0,0.6122683095305083
0.0,0.230260305923692
1.0,0.95475306928669
0.0,0.03680416951820082
0.0,0.41087461649557017
1.0,0.4232384065118024
1.0,0.8264035296949274
1.0,0.8174479687441304
0.0,0.6710430929466997
0.0,0.1209392533291491
1.0,0.9902836390677155
0.0,0.6903992696327801
1.0,0.6089914117191099
1.0,0.2537502766819334
0.0,0.6470891259776265
0.0,0.1479897288965887
0.0,0.05462646154708085
0.0,0.009975286152692239
0.0,0.07539661502230922
1.0,0.8075065315544012
0.0,0.6516778027890769
1.0,0.6458274513117452
0.0,0.21577531722715615
0.0,0.09093982973468026
1.0,0.7167399431392321
0.0,0.19763631712551202
1.0,0.5118252004278686
0.0,0.7404272144013045
0.0,0.17342509619673513
0.0,0.18463244980359678
0.0,0.39678104281225457
0.0,0.5647560213793581
0.0,0.3960332437894303
1.0,0.8834976290197712
1.0,0.8135821151230938
0.0,0.35576801772746885
0.0,0.3811875079050243
0.0,0.4895717369122374
1.0,0.7805971126004602
1.0,0.5606285142128867
0.0,0.2045381865291161
1.0,0.5863876854667188
0.0,0.4152034241166262
0.0,0.5280139841535176
0.0,0.18041342570485666
0.0,0.4568843726796262
1.0,0.4703012243685133
1.0,0.7209259131541581
0.0,0.7882731478063183
0.0,0.35785968761299786
1.0,0.718737976368921
1.0,0.3204623488614472
0.0,0.173631659365128
1.0,0.3884178473195225
0.0,0.2610355005616849
1.0,0.8955818902646989
0.0,0.8255051482397269
1.0,0.6414502564486724
1.0,0.5172261615311599
0.0,0.18892990051657457
0.0,0.7088664733374375
0.0,0.5648087555174589
0.0,0.6058203350936104
0.0,0.3984865712350855
0.0,0.023335456836604165
0.0,0.4225091957166004
0.0,0.4334065654535344
1.0,0.4427226680099252
0.0,0.11291971544983208
1.0,0.8700983978829231
1.0,0.7134421227515488
0.0,0.02496879415898446
1.0,0.2971005307072397
0.0,0.905519279265224
0.0,0.13160359282906717
0.0,0.4608536245863384
1.0,0.931606992897155
0.0,0.3616757998681914
1.0,0.4743603906526008
0.0,0.0570430795630238
1.0,0.8063296287808219
0.0,0.6864621043851515
1.0,0.9079755239994235
0.0,0.22105529846067518
1.0,0.2857971523504574
1.0,0.47734390823573963
0.0,0.0852251573093822
0.0,0.13583865310506146
0.0,0.3367714399981801
1.0,0.47858484515274197
1.0,0.4113778750004942
0.0,0.07372645111586454
0.0,0.059699408522187226
1.0,0.7681756636408044
0.0,0.022188184310808698
1.0,0.6745640957611828
0.0,0.17957891476725213
0.0,0.27307950195727704
0.0,0.8791048794559154
1.0,0.8226773733561985
1.0,0.9096090010529997
1.0,0.6256571372341395
0.0,0.4449786162614707
1.0,0.41026709305893294
1.0,0.3396639277712509
1.0,0.7240029984112635
1.0,0.3795985405124613
0.0,0.24421749464903703
1.0,0.8004347611959814
1.0,0.8858747169532143
1.0,0.3046133013899786
1.0,0.9100904145771003
1.0,0.7324907679561847
0.0,0.26588228577749606
0.0,0.04239234370307204
1.0,0.5497558573455676
1.0,0.4500666208848138
1.0,0.5814435430164981
1.0,0.19243278934208197
0.0,0.39209192369807194
1.0,0.17413728281321328
1.0,0.7680986929008484
0.0,0.10951958744275145
0.0,0.27512207445537057
1.0,0.8135833841282288
1.0,0.8660487013530855
0.0,0.10648171844001957
1.0,0.8207407918186669
0.0,0.16604033813514993
0.0,0.23135459091632676
1.0,0.7796476358029005
0.0,0.13538067055210776
0.0,0.13323567950345636
0.0,0.7970179829743944
0.0,0.4008311562452331
1.0,0.7855652968955067
1.0,0.08753973712874406
1.0,0.695560927072343
1.0,0.7155803622217859
0.0,0.5530307580442742
1.0,0.729147519184689
0.0,0.3996957854817786
1.0,0.5709961889161974
0.0,0.4544019505803075
0.0,0.6990422911717747
1.0,0.8928461111347427
1.0,0.9156302880294057
0.0,0.8650874512098999
1.0,0.6330599396266698
0.0,0.837227197527642
0.0,0.052005647107363204
1.0,0.8876218752834665
1.0,0.5930802793324008
0.0,0.3634876323975674
1.0,0.4825265317078731
0.0,0.06289775565998347
1.0,0.8893392618660736
0.0,0.9108249241775536
1.0,0.618417936168295
0.0,0.04943011123995623
0.0,0.5139619603974306
1.0,0.9559931705022211
0.0,0.26677961771710146
1.0,0.43413206925867853
1.0,0.6639409585567638
0.0,0.33092019863565314
1.0,0.9648487062343573
0.0,0.11405736267041418
1.0,0.47584972980686346
1.0,0.6473020616278061
1.0,0.6138840301562583
1.0,0.8298345649472706
0.0,0.35357831690707847
1.0,0.47182014618836604
1.0,0.15064822844441567
0.0,0.023986412983673124
1.0,0.8314475715372762
1.0,0.9234744707168442
1.0,0.7744595211885659
0.0,0.11172661867342143
1.0,0.4614186163625759
1.0,0.5139300040608918
0.0,0.2666295760799628
1.0,0.36617905612255847
0.0,0.4506762228582334
0.0,0.7137653770617838
0.0,0.2553376050022761
0.0,0.0824813757326797
0.0,0.6812221861992133
1.0,0.1998969081903997
0.0,0.6067326276135755
0.0,0.26436500981834443
1.0,0.4196714887666346
0.0,0.08096260432632038
1.0,0.32106090198656806
1.0,0.4629463710711607
1.0,0.6570636260880535
1.0,0.6848998740509252
1.0,0.997794739461576
0.0,0.21278285942854813
0.0,0.11619889369642446
1.0,0.8858122783843837
1.0,0.45689564905080016
0.0,0.7564950287184457
1.0,0.7974374270685707
1.0,0.9131865697563458
0.0,0.8562018733498025
1.0,0.9290653532489287
1.0,0.8378032234447139
0.0,0.4061544517344407
1.0,0.7004137058915963
0.0,0.5586404901410787
0.0,0.5884447600309286
1.0,0.8746559059302004
0.0,0.6217339136010257
1.0,0.9497030392080804
1.0,0.6540237409170666
1.0,0.8732508519260059
1.0,0.901282014428345
0.0,0.7330455888526243
0.0,0.14890842757633557
1.0,0.6421222372600288
1.0,0.5954983121829754
0.0,0.20693016339181072
0.0,0.18450709491301098
1.0,0.42750210912006453
0.0,0.36433578748330514
1.0,0.3818418355854191
0.0,0.3055385662730041
0.0,0.4808936203419997
0.0,0.2277839708742331
1.0,0.8517596671245095
1.0,0.7829951413132709
1.0,0.37185876068509754
1.0,0.7388241377872307
1.0,0.5161723358653323
0.0,0.18419067423895613
0.0,0.7689407913140557
1.0,0.6610625755203475
1.0,0.9343169618722147
1.0,0.6946044841239618
0.0,0.6604417788656203
0.0,0.04303780952471088
0.0,0.3247837451856596
1.0,0.935231109906493
1.0,0.6754703163558984
1.0,0.5642285321910445
0.0,0.3056955218177787
0.0,0.780847885310225
0.0,0.046083597032562124
1.0,0.7677043525362061
0.0,0.8378094585107871
0.0,0.0599404905866743
0.0,0.4623937350680291
1.0,0.7891174659349622
0.0,0.141701528224723
1.0,0.54908451043046
1.0,0.9229962838836796
0.0,0.4124882034353642
0.0,0.11790072891336424
0.0,0.6041729300813942
0.0,0.7505963337696258
0.0,0.6222337947317925
0.0,0.29188567088569684
1.0,0.8607148336351316
1.0,0.34810567606313253
1.0,0.4776502371547197
1.0,0.16828809194377947
1.0,0.9267208757216964
1.0,0.7536732076816799
1.0,0.6296067310742048
0.0,0.38597996293109804
1.0,0.818827790341666
0.0,0.2929209837738849
0.0,0.17578259236848115
1.0,0.7802865467860232
1.0,0.8511707373521039
0.0,0.6252376284198773
1.0,0.6876706324531363
0.0,0.876220349094242
1.0,0.8081347955012034
0.0,0.02428840111362243
0.0,0.052863085653050736
0.0,0.280026753153222
0.0,0.3996664800764034
0.0,0.29970168118270324
1.0,0.9101952482823092
1.0,0.8979437298576671
1.0,0.12989825144971393
1.0,0.5368959758350891
0.0,0.6556022665423543
1.0,0.33329806470503676
0.0,0.4508121406267961
0.0,0.5502887666841045
0.0,0.6945716706924439
1.0,0.6191886138845406
1.0,0.5535508167780316
0.0,0.5722442110815901
0.0,0.5800286056284232
0.0,0.06262713174888868
1.0,0.4864084199369983
0.0,0.1357717244050483
0.0,0.11831076691932699
1.0,0.4945460894308843
1.0,0.9236673362478384
0.0,0.040365184047812704
1.0,0.6699552956502423
0.0,0.1820472971423064
0.0,0.38214150329648344
0.0,0.5317518206969397
1.0,0.9396403431385075
1.0,0.34468193976175215
0.0,0.12504252688266232
1.0,0.7991843833088393
1.0,0.8056444843019028
1.0,0.61519048849018
1.0,0.5644658649992914
1.0,0.9227852023553902
0.0,0.22755005658125207
1.0,0.7892075688672658
1.0,0.9304043415846077
1.0,0.28252068373126243
1.0,0.9366608956373529
1.0,0.5960888746688368
0.0,0.8001237229975927
1.0,0.8925759293814354
1.0,0.7800895565853507
1.0,0.6372112291721399
0.0,0.470766593519918
0.0,0.14167509566531006
0.0,0.47119276668437865
1.0,0.5448720477267828
1.0,0.9024828916726194
1.0,0.781265734781252
0.0,0.3681111313542016
1.0,0.35980165452835816
1.0,0.8598325827416685
1.0,0.6761921859614634
0.0,0.12482076487781754
0.0,0.018403673417128622
1.0,0.5950502488761487
0.0,0.8784934327338734
0.0,0.12697725691461456
0.0,0.18128402635435975
1.0,0.45612900166565223
0.0,0.04295624254913353
1.0,0.7341948675668623
0.0,0.51356954336097
1.0,0.3871949021305571
1.0,0.8943107511498712
1.0,0.6396227158221831
1.0,0.888126687326546
1.0,0.6350657038207168
0.0,0.30320968023460443
0.0,0.579973127341924
0.0,0.17451115488264365
0.0,0.059062927166793774
1.0,0.9118084863972855
0.0,0.23077697776656889
1.0,0.5192873346020801
0.0,0.6165881115418804
1.0,0.9067633186751232
0.0,0.0883618993212074
0.0,0.025742112857648842
1.0,0.9142137604466339
1.0,0.11067133588479099
1.0,0.42773637155651467
0.0,0.28483455821709686
0.0,0.14629731128601434
0.0,0.31825873259533277
0.0,0.45945875958149457
0.0,0.049701860110783314
0.0,0.027217915368022247
1.0,0.6123941178357526
1.0,0.44263006052903425
1.0,0.8756663820378807
0.0,0.6274327748638033
0.0,0.5274289869789033
1.0,0.8388941452446956
1.0,0.4445654058699935
0.0,0.0727511520189576
1.0,0.669338774404806
1.0,0.6158618758966817
1.0,0.8783955425938046
0.0,0.09197121112672973
1.0,0.6150825594716286
1.0,0.5644159510143774
1.0,0.7297560013911356
1.0,0.6367762217354188
0.0,0.7248480200496857
0.0,0.4807989163200468
0.0,0.44939261639677436
0.0,0.8545992264997991
0.0,0.5453262923644826
1.0,0.9562991128990581
1.0,0.6601773497130434
1.0,0.8647373159198732
1.0,0.8040199511737293
1.0,0.713515191207648
0.0,0.5696248632230734
1.0,0.44747845844703404
0.0,0.7241799830082589
0.0,0.5249641940919015
0.0,0.8694048593291003
1.0,0.7813886981170713
1.0,0.7860700687062054
0.0,0.10871147248531886
1.0,0.9519054276621427
1.0,0.3561133901252318
1.0,0.9669603767033923
0.0,0.0762400969421575
0.0,0.20528977506639245
1.0,0.9157576459052923
0.0,0.4493019682856659
1.0,0.3615270989415722
1.0,0.3757015707092206
0.0,0.0937321907977147
0.0,0.7914758391720235
1.0,0.6592653396182756
0.0,0.06433543312950751
1.0,0.3770625841038805
1.0,0.6059669077567478
1.0,0.5265191487990015
0.0,0.14212462734121842
1.0,0.7998418220441985
1.0,0.8589085885771002
0.0,0.0777823104153697
1.0,0.6892046925871057
0.0,0.3505392237578336
0.0,0.8406890622570169
0.0,0.3962366557554801
1.0,0.4103361840926738
1.0,0.2407780446504975
1.0,0.38405193140737365
1.0,0.3843263534973446
0.0,0.2963266930488993
1.0,0.8019557627967792
1.0,0.2727149039817747
0.0,0.5483544477453227
0.0,0.7441455577289546
0.0,0.3578286411268151
0.0,0.5039531011778654
1.0,0.8572540518000349
1.0,0.6867474250607356
0.0,0.22723118941473888
0.0,0.0810378081243288
0.0,0.8033455221709895
1.0,0.747281217402191
1.0,0.26539938548118086
0.0,0.02316219142107369
1.0,0.9551870661020033
1.0,0.7060223918381869
1.0,0.941278176554594
1.0,0.5060320216394022
0.0,0.054627238535488974
0.0,0.22168738975740435
1.0,0.6884981318063043
1.0,0.4085828149891025
1.0,0.5970018886929991
0.0,0.052185942039030854
1.0,0.6900936362452483
1.0,0.813442428126165
0.0,0.08833290816408151
0.0,0.11438646948655778
0.0,0.4011621516981201
0.0,0.15125716691216087
1.0,0.5399060902699271
1.0,0.14348312401358598
0.0,0.5002458711248785
0.0,0.5820430117894704
1.0,0.8759682415132111
0.0,0.6821112957036308
0.0,0.5374761410349463
0.0,0.8191764921799307
0.0,0.21389637741284445
1.0,0.18185053711055565
1.0,0.5641584182227514
1.0,0.7421954716919644
1.0,0.6944881833472277
1.0,0.35242436576717756
0.0,0.7659898912499207
1.0,0.3817616139430398
1.0,0.767758796851466
1.0,0.6656889747406607
1.0,0.7195172825475172
0.0,0.12525408196842067
1.0,0.8290479405392107
0.0,0.7092338266730766
0.0,0.360635754159549
0.0,0.2175374006036733
0.0,0.07092424178923414
0.0,0.801079426800899
1.0,0.4688391474692041
0.0,0.4405308087054015
1.0,0.47978215539601266
0.0,0.1352014726798691
1.0,0.32370843705995606
1.0,0.7445043167771285
1.0,0.9623991682230938
0.0,0.5174836287837858
0.0,0.3744227587079336
0.0,0.442403994724004
0.0,0.07167998575974008
0.0,0.050240924639030064
0.0,0.11672527570287045
1.0,0.6290537836158885
1.0,0.5379208975341065
0.0,0.1141758023357299
1.0,0.855555974452553
0.0,0.9323086970322958
1.0,0.3337785455849923
0.0,0.8253741700185716
0.0,0.16869603444337963
0.0,0.12652864998566948
1.0,0.9345199918575385
1.0,0.40347119000328224
1.0,0.4027285599735224
0.0,0.16932032709133185
1.0,0.9606410009736176
0.0,0.10431185475856124
1.0,0.7805360664639835
0.0,0.147639228619491
1.0,0.16439635037370665
0.0,0.7696973736334181
0.0,0.1460139085204453
0.0,0.09416092596412011
1.0,0.5746200845116947
0.0,0.3060305171412491
1.0,0.05200181201006755
1.0,0.6041386667347003
0.0,0.20442789691690239
0.0,0.3109436293447839
0.0,0.21747428073806266
1.0,0.5845112251815694
1.0,0.6437495209793126
0.0,0.06965002610421175
1.0,0.5771380824180485
0.0,0.07381610600261142
1.0,0.8153290772038103
0.0,0.33490958882045374
0.0,0.45858655551771077
1.0,0.4329518604096785
0.0,0.08215725111377767
0.0,0.19740302261478218
1.0,0.9180907749067625
1.0,0.6697419097218494
0.0,0.10370464907641355
1.0,0.32496959697039446
1.0,0.6735901146154977
0.0,0.7217556754861637
1.0,0.5331739905806011
0.0,0.3195910886032953
1.0,0.6599485773479951
1.0,0.13768727969657532
0.0,0.5045593677250795
0.0,0.34340792308316603
0.0,0.31268823964143394
1.0,0.5018405033837527
1.0,0.9386847433824796
0.0,0.09489099802398535
1.0,0.9036362997450106
1.0,0.5483026978702481
0.0,0.6611000870845796
1.0,0.549312582111909
1.0,0.7549267223117055
1.0,0.9482267309963154
0.0,0.18163376690990146
0.0,0.16122348685966056
1.0,0.9099224260747469
1.0,0.6998299083175314
0.0,0.3120764585330458
0.0,0.4420371361189502
0.0,0.6040868887202464
0.0,0.3134991287712076
1.0,0.9224570994258903
0.0,0.601989780703613
1.0,0.7785433512518161
0.0,0.1977021084881497
0.0,0.039806110063079304
1.0,0.589096473102225
0.0,0.23942376189651682
0.0,0.10278520258519125
0.0,0.07855919702139594
1.0,0.5831255451406211
0.0,0.23841353092753262
0.0,0.26472174696143413
0.0,0.012810112535218758
1.0,0.41351505991977755
0.0,0.06707811350467566
0.0,0.08749598090597448
1.0,0.4711758503281606
1.0,0.49154679057228967
1.0,0.22370729241245085
0.0,0.03976248526019953
1.0,0.9165514102682788
1.0,0.38249643432672087
0.0,0.30503784142123336
0.0,0.21053333839020422
1.0,0.6591906135451724
0.0,0.6000457859068495
1.0,0.9511006692911947
0.0,0.4035783959585317
1.0,0.6719970873595132
1.0,0.3149737132853017
1.0,0.8128773384804273
0.0,0.021210078125916583
1.0,0.7881366735539135
0.0,0.08583053324560234
1.0,0.832623114130364
1.0,0.7676021973807611
0.0,0.30292812937681607
1.0,0.923384544272561
0.0,0.402916064723638
1.0,0.8476310215543954
0.0,0.12877722888119056
1.0,0.4952413552525779
0.0,0.4212522549044202
1.0,0.8359385828581909
0.0,0.29540457645794216
1.0,0.23390739371052355
1.0,0.8394728667339845
1.0,0.39357483175587105
1.0,0.7004282688443658
0.0,0.4534550303855248
0.0,0.47123126952331423
1.0,0.8193522973586401
0.0,0.8486757874469416
0.0,0.7934380110508056
1.0,0.8304665809028459
1.0,0.6654091994715445
0.0,0.210356110348247
0.0,0.36439822973712044
0.0,0.13187470982100957
0.0,0.09350697762673693
0.0,0.48821560188921986
1.0,0.3796427535018458
0.0,0.018780883350756814
0.0,0.46601227915829985
1.0,0.5050353896873699
1.0,0.8603814334224985
0.0,0.04523857716553955
0.0,0.18907779905320793
0.0,0.6875735452112305
1.0,0.7509294419883119
1.0,0.47334173722638095
0.0,0.07160694048613636
0.0,0.13592053200085835
1.0,0.8985172501709399
0.0,0.18954873740400016
1.0,0.7019107912606024
0.0,0.3335200357434478
0.0,0.1221383602919371
0.0,0.08921696865145574
0.0,0.06199377570092226
1.0,0.9916018385555785
0.0,0.8892239555563924
1.0,0.8402473031020633
1.0,0.7806531490832666
1.0,0.6556539045093411
1.0,0.773690335974643
1.0,0.7060166665118014
0.0,0.042248667949202595
1.0,0.9481812509454484
1.0,0.19766874665210926
0.0,0.5509648865865696
0.0,0.42577694043765424
1.0,0.9092024854676624
0.0,0.4313466369606196
0.0,0.052191302076175
0.0,0.3193386837708024
0.0,0.13505030044581437
1.0,0.9196421071240287
0.0,0.6658375558890465
0.0,0.41663429759771675
1.0,0.6110517560802308
1.0,0.5610407786253804
1.0,0.8407592357309119
0.0,0.6542667404648365
1.0,0.4975433333125983
1.0,0.9513224456494562
1.0,0.5827771927510581
0.0,0.026577207159482235
1.0,0.8850088141913333
0.0,0.09233575141644089
0.0,0.0649730936579975
1.0,0.3842290285778926
0.0,0.06625852620454063
1.0,0.3211767229955304
0.0,0.3131189001848232
0.0,0.111855059187972
0.0,0.147955441509501
1.0,0.8001300101917947
0.0,0.016317491721861272
0.0,0.5155698604745309
1.0,0.49841683876798865
1.0,0.6419637783870192
1.0,0.3537943790189167
0.0,0.24919536030427075
1.0,0.2816124845967486
0.0,0.03466281911370888
0.0,0.06723363591648682
1.0,0.5865485749088165
1.0,0.7985614817473642
1.0,0.592504011090139
1.0,0.4909938448239321
0.0,0.5376101007407861
1.0,0.9659789028665201
1.0,0.7826878148816592
0.0,0.04566848873736178
1.0,0.8103963411690746
1.0,0.3700215508712287
1.0,0.9597323950745733
1.0,0.8327434304409577
0.0,0.3078462355011253
1.0,0.8961179323140771
0.0,0.23267157907119687
0.0,0.2786513507062699
1.0,0.7720464757923443
1.0,0.973674186295191
1.0,0.70797079202016
0.0,0.34697026083855553
0.0,0.3971978063407008
0.0,0.2499282789090211
1.0,0.6885397432111456
1.0,0.6874601503814164
1.0,0.9448736506434873
1.0,0.743133636436198
0.0,0.4471387526109055
1.0,0.7590215366777132
0.0,0.11334483029801963
1.0,0.9202984368454347
0.0,0.4875883361461141
0.0,0.08684357139124374
1.0,0.8013766184244588
1.0,0.6910592529013803
1.0,0.7610501560782104
0.0,0.2866224314843236
1.0,0.3803804036276463
0.0,0.23840746086952327
0.0,0.637090112240583
1.0,0.6169310543424419
1.0,0.545321699298728
1.0,0.26723497164103405
1.0,0.624067074074149
1.0,0.642372696594555
1.0,0.8080821063064382
0.0,0.3489714630428866
1.0,0.7594786675905663
1.0,0.7238874881933471
1.0,0.968701170961982
0.0,0.7244439395513959
1.0,0.9871745726434041
0.0,0.07914247491707703
0.0,0.03768794080749439
1.0,0.4778609360310808
0.0,0.5119389417827
0.0,0.13593331193378058
0.0,0.1065930583125151
0.0,0.6458582291789812
1.0,0.83868277864071
0.0,0.6586670037729669
1.0,0.40216023912334836
0.0,0.8797264342575789
0.0,0.05537300060806162
0.0,0.4062602387425525
0.0,0.1698498760148711
0.0,0.0814658893785415
1.0,0.8341359746226406
1.0,0.5790073439886528
0.0,0.9385085629379207
1.0,0.24528632121049312
1.0,0.29756158999769994
0.0,0.6624075381259307
1.0,0.7059980473528562
0.0,0.1007560614175619
0.0,0.10185763240621716
0.0,0.7613385823005283
0.0,0.2352662685327491
1.0,0.8653261110977554
1.0,0.6957596430614924
1.0,0.5602671835707544
0.0,0.12381539079330489
0.0,0.11973677365778436
0.0,0.5640946857192409
0.0,0.5893495445140096
1.0,0.9253358859366514
1.0,0.788987490082076
1.0,0.7540206060669518
0.0,0.26335630032176127
1.0,0.6737472499190146
1.0,0.1737298957807292
1.0,0.8221092270360252
0.0,0.05920204213602427
1.0,0.6455334394930916
0.0,0.3901173762609943
0.0,0.2335833216461303
1.0,0.8837398002066479
1.0,0.34037875963196107
0.0,0.29974395159701567
0.0,0.6234141117120809
0.0,0.07795884000538075
1.0,0.747910706379832
0.0,0.17878824109562497
1.0,0.6939501192695492
1.0,0.8968305684926322
1.0,0.8620334741203102
1.0,0.7762090019067597
1.0,0.7905912703327613
0.0,0.9095927770109736
0.0,0.12402544870037309
1.0,0.8618311183511952
1.0,0.8387815506501467
0.0,0.640763062534992
1.0,0.8478832289824396
0.0,0.6662432270893986
0.0,0.17086049087314809
1.0,0.12313483718514857
0.0,0.30436910737765827
0.0,0.6192920044023399
0.0,0.7039907971211804
1.0,0.5447428513762679
0.0,0.4566603815812901
0.0,0.3529291984507194
0.0,0.8386780106278396
1.0,0.7500161769333659
0.0,0.4708831510301181
1.0,0.44652799931706405
1.0,0.8083994777224377
1.0,0.5180915623930666
0.0,0.6987856213460467
0.0,0.07336029227291184
1.0,0.7633043667568308
0.0,0.10125031754415538
0.0,0.7048258041844034
0.0,0.90228749501954
0.0,0.06172779790866397
1.0,0.8768623834637927
1.0,0.7033624986715845
0.0,0.14142315770824906
0.0,0.9106787235471799
1.0,0.4836629452573413
1.0,0.7010254203105407
1.0,0.5272642927951358
0.0,0.4191715523416873
0.0,0.10347549229521996
1.0,0.8437275840448342
0.0,0.12664034651015454
1.0,0.8262121121316559
0.0,0.06792002984129196
0.0,0.15809881797999834
0.0,0.46234123037237645
0.0,0.8927043932546683
1.0,0.4136737469640527
0.0,0.27108786248273353
0.0,0.07524396455772535
1.0,0.647576903087872
0.0,0.1870284582297103
0.0,0.23593803993009665
0.0,0.143040309972599
1.0,0.781278808897537
1.0,0.691802829474065
0.0,0.07544425380632569
0.0,0.11298106161348877
1.0,0.8103186339560011
1.0,0.6964607017876319
1.0,0.8432637628185989
1.0,0.6731203758853711
0.0,0.1995771667775788
0.0,0.10481556092259504
0.0,0.12700559203617867
1.0,0.7934586562753634
1.0,0.7780782474786216
1.0,0.6584376529941026
1.0,0.34189702314183573
1.0,0.11182810234018312
1.0,0.8911445651586481
0.0,0.6231676883942079
1.0,0.6984893752378902
0.0,0.06331598886167764
0.0,0.05022433533325063
1.0,0.8684361006689431
0.0,0.1061650179218883
1.0,0.6610708062649917
1.0,0.8855476685032017
1.0,0.7495633088115506
0.0,0.9751028440572523
1.0,0.9233714357596071
0.0,0.6736822879271573
1.0,0.2906258016135701
0.0,0.7654608351129683
0.0,0.05215232505088293
1.0,0.3919035103969896
1.0,0.7549825957094228
0.0,0.03739524445891992
0.0,0.5837537947826886
0.0,0.2848734562896144
1.0,0.7644748593200027
0.0,0.8465083914155055
0.0,0.022203395247410333
0.0,0.035780009390367656
0.0,0.1678967526863075
0.0,0.7572806933577083
1.0,0.569090464189115
0.0,0.058935306015223066
1.0,0.3822807566324042
0.0,0.06471943838263435
0.0,0.8772276234782269
1.0,0.9410646248672803
0.0,0.727816334272795
1.0,0.3306192363562694
0.0,0.7796224580708636
1.0,0.44589106712731413
0.0,0.49354598546681927
0.0,0.01908561073506131
0.0,0.40498458872501336
0.0,0.2698184027974929
0.0,0.7796544484552039
0.0,0.8555175147764846
0.0,0.09734408840464558
0.0,0.7418681036397036
0.0,0.08237461306001685
1.0,0.6458522399182961
0.0,0.20155020364118892
0.0,0.2589029149154138
1.0,0.765389052820875
0.0,0.16255485893096328
1.0,0.5794944297443212
1.0,0.4401751615927109
1.0,0.4845397325967346
0.0,0.04171968180221573
0.0,0.39974860406304724
0.0,0.04427121668316085
1.0,0.8660427399136038
1.0,0.733654778661073
1.0,0.909467244617289
1.0,0.8653390650958044
1.0,0.5942937094803739
1.0,0.633771128317421
0.0,0.09210274257744169
0.0,0.08656019047813877
0.0,0.07939391847060588
0.0,0.17038473992404832
0.0,0.14762109829451334
1.0,0.8187808859166045
1.0,0.5335030997290163
0.0,0.7308115452873084
1.0,0.8933254922796481
1.0,0.8150894133500836
1.0,0.5521382882603418
0.0,0.41115021733821355
0.0,0.16980340228681115
1.0,0.6594766080558914
0.0,0.05713044015367164
1.0,0.39609656120778153
0.0,0.764591604265443
0.0,0.022434524180328392
0.0,0.3758991503965134
1.0,0.8388719489832294
0.0,0.09114318309029451
1.0,0.8327823434243686
1.0,0.7662689948085907
1.0,0.6750971760850849
0.0,0.48731071025260103
1.0,0.8357128956428633
0.0,0.25312614966404073
1.0,0.32110465828584206
0.0,0.34352116644065894
0.0,0.1702558353777844
0.0,0.2931075993079763
0.0,0.13756080892112035
0.0,0.2742045047934239
0.0,0.42618253581209464
1.0,0.8288523265147517
1.0,0.8555673779555998
1.0,0.5607338295326683
1.0,0.6987121102695552
0.0,0.8172040668780867
1.0,0.4066002268838495
0.0,0.4565233808852127
1.0,0.9375641839752837
0.0,0.18207592919777485
0.0,0.14070984135195613
0.0,0.17095829689179917
0.0,0.0058991950216739876
1.0,0.5216999133048927
0.0,0.22453885023337555
0.0,0.2899496222986822
0.0,0.41705021762211353
0.0,0.837392169849799
0.0,0.20891576042604404
1.0,0.21627427743795727
1.0,0.7082441574883618
0.0,0.21573632697182119
1.0,0.43590605016672074
0.0,0.1130197741251318
1.0,0.8820874233584145
0.0,0.7707549365817545
1.0,0.686133678310489
1.0,0.8287722622065516
1.0,0.3046312215049241
1.0,0.8064748718423692
0.0,0.6241421538447138
1.0,0.8153455501728264
1.0,0.38811235771340696
0.0,0.12042908298381341
1.0,0.8850123718672536
0.0,0.2588178033418354
0.0,0.7764071573068184
1.0,0.3513609666234876
1.0,0.6672559070522861
1.0,0.9741950516977076
1.0,0.28822244177128226
0.0,0.13583865310506146
1.0,0.6812556373643155
0.0,0.2883701407569745
1.0,0.4796816643605138
0.0,0.08946109648565198
0.0,0.8390653731177106
1.0,0.08712821315554628
0.0,0.010292211246988066
1.0,0.9360024713223273
1.0,0.9191490772030421
0.0,0.2207479668188454
1.0,0.6133229580685817
1.0,0.8657726387326432
0.0,0.6348855976283182
0.0,0.1747765949596448
0.0,0.7574327719043036
0.0,0.2049415858944536
0.0,0.07085769979089873
0.0,0.04321923096526912
1.0,0.8636850278462707
1.0,0.7701527857949763
0.0,0.27097119744971254
0.0,0.9692938095596461
1.0,0.4497802130785677
0.0,0.5679120080392072
1.0,0.9299375663474654
0.0,0.8042294308863849
0.0,0.7239555365768607
0.0,0.42662529336767596
0.0,0.13668939151808263
1.0,0.6469380488189744
1.0,0.42080822132391066
0.0,0.6998361289092282
1.0,0.2744530302367962
1.0,0.5627161545156076
0.0,0.1456245092116029
1.0,0.18426062905180315
1.0,0.18571905350802145
0.0,0.16480625142027322
0.0,0.4926577007135753
1.0,0.8228427958696594
1.0,0.5296166066001947
1.0,0.7048202444811889
1.0,0.8790749414651907
0.0,0.21160900113669595
1.0,0.5324423167097079
1.0,0.6802634757080066
1.0,0.8491043212047507
0.0,0.6020742910751454
1.0,0.7112941172658669
1.0,0.41641907281451984
1.0,0.667998886232471
1.0,0.39637574084496596
0.0,0.5575762422774954
1.0,0.2103802496009295
0.0,0.4386954256419683
1.0,0.6090742112510005
1.0,0.9067985741520344
1.0,0.4345605489820794
0.0,0.18038081651344015
1.0,0.8730014916529341
0.0,0.10780277656617629
1.0,0.7273809854515927
1.0,0.8799152894170479
1.0,0.9243092868935479
1.0,0.4803554185321275
1.0,0.7882376903936557
1.0,0.34040275147248217
1.0,0.9539296025057675
0.0,0.04585807191903012
0.0,0.22335059561474815
1.0,0.4428002712752159
0.0,0.34021005753646877
0.0,0.8721059244065136
0.0,0.039153592189887204
1.0,0.5618767174587754
1.0,0.7836726698158313
0.0,0.3382199016759283
1.0,0.8987899207751735
0.0,0.4567872343130846
0.0,0.716736250434864
1.0,0.45167337003412195
1.0,0.654068602013862
0.0,0.24815139997210803
1.0,0.6750685296352937
1.0,0.8324641797393795
1.0,0.5660187861781508
1.0,0.3041617601681704
0.0,0.10904844725290216
1.0,0.9221893433566728
1.0,0.904924877267352
0.0,0.376202133151359
1.0,0.5089878980448403
1.0,0.5742636080694216
0.0,0.35321468674882517
1.0,0.8389256994420616
1.0,0.6266203060384168
0.0,0.18839539310972217
0.0,0.3912434840888843
1.0,0.4832970886985588
1.0,0.7790446907580155
0.0,0.061526698802046455
0.0,0.04776788041773899
0.0,0.33473426975853315
0.0,0.20072350764040517
1.0,0.7137860713628636
0.0,0.8219991855286096
1.0,0.7152798176137309
1.0,0.7086041629039195
0.0,0.12625320000713744
1.0,0.9221582149165265
1.0,0.1714215278204693
1.0,0.8757511703607819
1.0,0.6644769124124367
0.0,0.6415533300709868
0.0,0.23222521318264813
1.0,0.8311967033873215
0.0,0.8138832084832183
0.0,0.12486822380939847
0.0,0.4608900743961618
1.0,0.9275253076305573
0.0,0.7047208188751642
1.0,0.9048041585422721
1.0,0.6172299889890149
0.0,0.11720469431739228
0.0,0.04505353861343492
0.0,0.19920022902972215
0.0,0.4992704140713121
0.0,0.5300713214613514
0.0,0.43029754984348295
1.0,0.6103765451614839
1.0,0.8661952109341997
1.0,0.9722478536536798
0.0,0.07372687789983597
1.0,0.8675416842092962
0.0,0.8391720159464718
1.0,0.43094301702706306
1.0,0.7350366887438956
0.0,0.7950684411423535
1.0,0.8275943785437772
1.0,0.9085936969323493
1.0,0.8505210921343181
0.0,0.7612517905453964
0.0,0.5223884748240676
0.0,0.35578339461812275
0.0,0.7423644077722956
1.0,0.6272739953089971
1.0,0.6091924225624614
1.0,0.7188320960094843
0.0,0.07383710067629155
1.0,0.19627702742057387
1.0,0.8607998040591858
1.0,0.7009998904978437
1.0,0.8502777690283341
0.0,0.9018689947335302
0.0,0.3677075319465796
0.0,0.39378872973255746
1.0,0.5924180924177377
1.0,0.4267883420436704
1.0,0.7808513204832129
1.0,0.6376353790136792
1.0,0.737981725591132
1.0,0.9316530423466732
0.0,0.7240244533277326
0.0,0.3003803322310663
0.0,0.312765796521247
0.0,0.19165858722871573
1.0,0.6153271625723481
1.0,0.8536619965964573
1.0,0.6914786068752435
1.0,0.3474234864973499
1.0,0.34527458923287574
1.0,0.9208977302858311
1.0,0.7317354894996754
0.0,0.34273846873525754
0.0,0.08422160022585265
0.0,0.12889939890217855
1.0,0.8201682974196773
0.0,0.11829883883733523
0.0,0.7900865212517094
0.0,0.1015507808301495
0.0,0.06324076962812676
1.0,0.1390898806936254
1.0,0.21509228467471075
0.0,0.17795141598926317
0.0,0.5675053583627558
1.0,0.8246986621971961
1.0,0.6109396861419778
0.0,0.6602694635704068
0.0,0.41525459701702205
1.0,0.5871444236163716
1.0,0.7548781780038223
0.0,0.3200857680779003
0.0,0.015653562525445263
0.0,0.13125827452370578
0.0,0.1361478529923975
1.0,0.662615614528355
1.0,0.8845738680084363
1.0,0.970034460345242
0.0,0.18682693950753237
0.0,0.06196669126914001
1.0,0.38028709531469546
1.0,0.3024300794760889
1.0,0.9372451509890277
0.0,0.7229795968646242
1.0,0.8930717105754887
1.0,0.19567844956379904
0.0,0.9148783904288216
0.0,0.14983780804555366
1.0,0.6538638955119483
1.0,0.638210073921079
0.0,0.3141261438365863
0.0,0.31543125101963965
0.0,0.24904311687338923
0.0,0.4150467276906618
1.0,0.7220321493139545
0.0,0.8306917274997299
0.0,0.042723689907836086
0.0,0.24820772923849907
1.0,0.6613615606728918
0.0,0.5241161496215806
0.0,0.12814848108950552
1.0,0.9951531143012287
0.0,0.30992363937220413
0.0,0.249915551937655
1.0,0.5473371153224257
0.0,0.04630830414796323
0.0,0.15858192391242137
1.0,0.7980820034310038
1.0,0.9412349271053961
1.0,0.677599609868754
1.0,0.6230597185983442
1.0,0.880709752801559
0.0,0.8504124977648566
0.0,0.7213132963337765
1.0,0.8618641358657169
1.0,0.5974798723136016
0.0,0.08423479327740771
0.0,0.6641277601255288
0.0,0.6347406132493455
1.0,0.49624353406631094
0.0,0.13784535747900653
0.0,0.6049469072736245
0.0,0.19026302386236524
1.0,0.4163953937079167
0.0,0.12435557496342721
1.0,0.15386022706758276
0.0,0.10878413098320405
0.0,0.06327475069469886
1.0,0.5475817327625931
1.0,0.755877063902345
1.0,0.7546600749588539
0.0,0.8759432361819838
0.0,0.1939241897519284
1.0,0.45200425421791995
1.0,0.05178521046514048
0.0,0.17180862282006779
0.0,0.4183783477966283
0.0,0.651374508788663
1.0,0.4966721702712356
0.0,0.4257735262657
1.0,0.5310274503429372
1.0,0.8256596530825939
1.0,0.8456270149848788
1.0,0.900627340445626
0.0,0.4089684201540006
1.0,0.8514316271396729
0.0,0.3287428741647997
1.0,0.406215539895438
1.0,0.7459648447124445
0.0,0.7770648151157586
1.0,0.41643571603153584
1.0,0.4261056764226602
1.0,0.2230295809900893
1.0,0.7898549652117517
0.0,0.05481449729870707
0.0,0.5817987484546499
1.0,0.8279144058285999
1.0,0.7784318636733146
0.0,0.28031242116324595
0.0,0.014624867203003586
0.0,0.6679117118031526
0.0,0.8410257123757496
1.0,0.7033124596115304
0.0,0.16690061955515212
1.0,0.7455113721155412
0.0,0.1875499425318563
0.0,0.07404514640989258
0.0,0.12344321373465726
1.0,0.6804605764759929
1.0,0.806376010227118
0.0,0.11938761815331358
0.0,0.027830102275556913
0.0,0.10961503024889291
1.0,0.6211749444461199
0.0,0.6221082998020855
1.0,0.20214448328209758
1.0,0.8416939964217416
1.0,0.7609212942703475
1.0,0.790402389498737
1.0,0.6316153625720345
1.0,0.736736119268576
1.0,0.23520798423056588
0.0,0.4964227322429507
0.0,0.8189634805584988
0.0,0.16296755997051934
0.0,0.3400787030558268
0.0,0.4291649754727001
0.0,0.15227085655384748
1.0,0.661076296605294
0.0,0.10580709298755603
0.0,0.34236718770830565
0.0,0.1333893143655977
1.0,0.24143004535566676
1.0,0.872688115638798
1.0,0.8977150334490858
0.0,0.21155468070614802
1.0,0.7309098154320086
0.0,0.8165681408611277
1.0,0.6431942921145213
0.0,0.7846665511263677
1.0,0.9131708744253528
0.0,0.31357771142309054
1.0,0.8132677637042948
0.0,0.16375392219178347
1.0,0.3733752867620832
0.0,0.16957844150638846
0.0,0.24219626605435796
1.0,0.5452659882623455
0.0,0.7365281858355693
1.0,0.3301205405144025
1.0,0.8090231455198053
0.0,0.2441941620827225
0.0,0.40463614100722095
1.0,0.8960458054007066
1.0,0.6908814342531523
0.0,0.3697579371602223
1.0,0.7972589966016822
0.0,0.4284944269049854
0.0,0.2574998422845314
1.0,0.9487058855469179
0.0,0.718337271658137
1.0,0.8456067222274664
1.0,0.8466475373310642
0.0,0.06937946202108383
1.0,0.5181998877390318
0.0,0.29333347930644654
1.0,0.2901385908863729
0.0,0.23209013806787815
1.0,0.8090530357414546
0.0,0.39484646293944436
0.0,0.14227589761329718
0.0,0.6030542420125323
1.0,0.8423780222959496
0.0,0.11413399922671583
1.0,0.5501485563381832
0.0,0.5759478168728606
1.0,0.6683402113288185
1.0,0.4582168704428113
0.0,0.6461641664602588
1.0,0.5837245679568015
1.0,0.4056146796792286
0.0,0.8664773510285031
0.0,0.20611798094298545
0.0,0.01969954933166753
1.0,0.7127539215760074
1.0,0.4139421718090152
1.0,0.2996970024096739
1.0,0.9527989914281451
1.0,0.32527313106031897
1.0,0.3752575450087767
1.0,0.8358129861520528
0.0,0.8010019342867567
1.0,0.927747336260803
0.0,0.466750510242404
1.0,0.8228783459823299
0.0,0.7218554300519837
0.0,0.022679048069012785
0.0,0.15463543731806986
1.0,0.5114966099376708
1.0,0.6861982276749583
1.0,0.7417306818376584
1.0,0.8647189132341428
0.0,0.5134416942698004
1.0,0.37895168228458675
1.0,0.6547642948039982
0.0,0.44642190663958076
0.0,0.11970763804425098
0.0,0.12422357369501533
0.0,0.06915181079226197
0.0,0.21866682637414853
0.0,0.5864404425496865
0.0,0.05965560950793756
1.0,0.6723939349106743
0.0,0.40415208651087703
0.0,0.11824550157303973
1.0,0.9299310393518195
0.0,0.27324786639800897
1.0,0.8720469540313659
1.0,0.6617009415992385
0.0,0.7295034409573169
1.0,0.4684264512747773
1.0,0.7184936086538904
1.0,0.2967192044363918
1.0,0.9574387692977266
0.0,0.36090182058695236
0.0,0.051470426622728355
1.0,0.6626017263121409
1.0,0.44740131352654283
1.0,0.946436645146153
1.0,0.8510078146638327
1.0,0.9641115965195091
1.0,0.5778679322317001
1.0,0.657726521605385
1.0,0.7731501543748504
0.0,0.13388167344368818
1.0,0.9390181875662306
1.0,0.5711456506077088
0.0,0.18168300857190045
0.0,0.49469950346397523
0.0,0.6178872966776799
1.0,0.7880134727999779
1.0,0.6035517100389186
0.0,0.16285115290265603
0.0,0.3649807488487292
1.0,0.9091382262753221
0.0,0.24414006983951383
1.0,0.5818534824450571
0.0,0.04045905900962457
1.0,0.3622985302608704
1.0,0.8513099421117386
0.0,0.6750706314284615
0.0,0.1870284582297103
1.0,0.9489214035464942
1.0,0.4023871800701273
0.0,0.17059831863095543
0.0,0.573714061974185
0.0,0.027775487400110488
1.0,0.883857187885526
0.0,0.2546974142041584
1.0,0.7725562547262732
0.0,0.15402266713797433
0.0,0.624850755508376
0.0,0.3326716289811892
1.0,0.68766658350029
1.0,0.6420514253377632
0.0,0.2075634739977677
0.0,0.3053371989134337
1.0,0.8144948055398755
0.0,0.12702179863537935
1.0,0.47309093121257584
0.0,0.4732443702175662
0.0,0.058188901783807534
1.0,0.6827794786702805
1.0,0.763645796801152
1.0,0.6932750964164907
1.0,0.6864133604972702
1.0,0.4602480709585387
1.0,0.9543949308242777
1.0,0.9008504897531536
0.0,0.5524784135711971
1.0,0.5106620124262452
0.0,0.5762180315563262
1.0,0.5470233607843238
0.0,0.2099733115028391
0.0,0.7624189067209954
1.0,0.5445769088724667
1.0,0.7998857850162946
0.0,0.12983241845806962
1.0,0.790990122515129
1.0,0.9076659751623296
0.0,0.04531478189405877
1.0,0.69392917723198
1.0,0.2744085539734339
0.0,0.19609742149750542
0.0,0.11239428223401182
0.0,0.11147033720231414
1.0,0.737695558833751
0.0,0.15059703935872895
1.0,0.7188715415858479
1.0,0.38562176062048636
1.0,0.4419906642317512
1.0,0.6708158497419423
0.0,0.3687808949638162
0.0,0.06427589108641453
0.0,0.5043945993435716
1.0,0.721829141504191
1.0,0.7208809866448449
0.0,0.5666732868782033
1.0,0.7368531770742965
0.0,0.8736871713458055
0.0,0.2503663528074767
1.0,0.4171232173922905
1.0,0.8951999890307164
1.0,0.8187961348763889
0.0,0.017158476319276004
0.0,0.1641768940690913
1.0,0.8157750807178676
0.0,0.3413760308176261
1.0,0.37656320003507765
0.0,0.8713961459923675
1.0,0.7543770497111657
1.0,0.5479416401764622
1.0,0.5822622329678668
0.0,0.09021929804976836
1.0,0.9316872061631435
0.0,0.7876513057581309
0.0,0.13626085948516187
1.0,0.7267078247615569
0.0,0.6974961190841488
1.0,0.7834749327816463
1.0,0.8288069306367902
0.0,0.2403924409786498
1.0,0.9335328783148282
1.0,0.25648837396565344
0.0,0.7674095562291441
0.0,0.07299736163121107
1.0,0.7626538635208433
0.0,0.07299529224518324
0.0,0.024404285868638718
1.0,0.6406371592417076
1.0,0.6400148930863462
1.0,0.939097269306188
0.0,0.15697258399284136
1.0,0.9162789015445003
0.0,0.07616897642804198
0.0,0.379034633905605
0.0,0.4251700690852404
1.0,0.8831524486817544
1.0,0.45222665559905517
0.0,0.6441419959509592
0.0,0.12631130786738326
0.0,0.19642000276227714
0.0,0.5174116423699857
1.0,0.8496510524346844
1.0,0.45240918736810326
0.0,0.10875436586372837
1.0,0.3882057101251145
0.0,0.5821980503305721
0.0,0.1364320129828134
0.0,0.21974127243258137
0.0,0.1437512722675203
0.0,0.1310689686713844
1.0,0.5384445011041078
1.0,0.4306949605763372
0.0,0.36431473729563446
1.0,0.937578658844815
1.0,0.7965733581537555
0.0,0.08507125787709674
1.0,0.737100404764082
1.0,0.8724994338812708
1.0,0.8693267769744553
0.0,0.34619373012328575
1.0,0.5706871006154333
1.0,0.8641009366639942
0.0,0.08791022742903294
1.0,0.91025813312271
1.0,0.4943376710394022
1.0,0.6758183464282249
0.0,0.500560614907705
0.0,0.1560482495133034
1.0,0.8724609617660763
1.0,0.8114682956359756
1.0,0.23803168771906513
1.0,0.8491906323501766
0.0,0.3365149077931339
1.0,0.47109331704221885
0.0,0.48950516380662545
0.0,0.21556362258566775
1.0,0.9178104013660089
1.0,0.7264082293600184
1.0,0.7747374928403024
0.0,0.09455582762852228
0.0,0.06029500840460111
0.0,0.7172006778302898
0.0,0.29652776838454503
0.0,0.5782712628285488
0.0,0.6722260288116148
1.0,0.868266191735807
0.0,0.6477810532409741
1.0,0.8098893563505491
1.0,0.8769875998070887
1.0,0.4043292668271136
1.0,0.757701013593483
1.0,0.6966321455734883
1.0,0.40959619409034126
1.0,0.6398430955307057
1.0,0.9646456757030859
1.0,0.6942892055342758
1.0,0.841161789507333
0.0,0.21713981078658226
1.0,0.8381456409574557
0.0,0.07513710137700985
0.0,0.5115902102529314
0.0,0.21175500043907053
1.0,0.879842378293189
0.0,0.47146132815598557
0.0,0.11631031782703599
0.0,0.5455730986310408
1.0,0.8582412392868956
0.0,0.7934124799472724
1.0,0.5553840666677922
1.0,0.7473381753031996
0.0,0.13493233235790525
1.0,0.2869529772536469
1.0,0.8390388956065412
0.0,0.89374234049445
0.0,0.6248582053269199
1.0,0.6074736064947757
1.0,0.49259432260269403
0.0,0.2859323164928755
1.0,0.6341505443660588
0.0,0.3677416671200737
0.0,0.15372284248275392
0.0,0.04972450895953224
0.0,0.5991696412393431
0.0,0.1154422679452251
0.0,0.733670747699772
1.0,0.05159033023187914
0.0,0.1555259221872423
1.0,0.9582691304671821
0.0,0.6779067539344152
0.0,0.7474269760943055
0.0,0.08508540682875991
1.0,0.9852050261167122
0.0,0.2795343382959291
1.0,0.6699587268579507
1.0,0.45212798420027595
0.0,0.27098335480309893
1.0,0.795626034847195
1.0,0.6948628289980655
0.0,0.7698459808606818
0.0,0.24177442725094256
1.0,0.7552276815560908
0.0,0.15959676150326751
0.0,0.5915735963972103
1.0,0.2588095850048469
0.0,0.1185348803304811
1.0,0.7354653679524001
0.0,0.4366705056981314
1.0,0.615889012822271
1.0,0.5648385908064948
1.0,0.9422812705572171
0.0,0.4553463804730275
0.0,0.20176759069005043
0.0,0.12370269112809965
0.0,0.07625410128151011
0.0,0.17467241012302218
0.0,0.19684312293251685
0.0,0.7937304111702856
1.0,0.3250943219899464
1.0,0.46451975056057365
0.0,0.18871714421110086
1.0,0.5397192202194194
1.0,0.6666997708643253
1.0,0.724065044474284
0.0,0.07663107023975022
1.0,0.9276830093137285
0.0,0.621987506387752
1.0,0.19578568758260945
0.0,0.47686359503561304
0.0,0.27976698429609237
1.0,0.16015383746313835
1.0,0.6447595752086037
1.0,0.4443286762292357
1.0,0.5040507792624849
0.0,0.14260792380350368
1.0,0.13629271840350263
0.0,0.036325312588298964
0.0,0.20947293505606232
0.0,0.05698051215387822
0.0,0.0586761354962835
1.0,0.7663746383389016
0.0,0.0702008851055329
1.0,0.7725884522237408
1.0,0.8419910673264478
0.0,0.08131734180093102
1.0,0.5758740520382362
0.0,0.8286140397838323
0.0,0.6010773660049685
1.0,0.961141183565344
0.0,0.5385133119643
1.0,0.289461651498126
0.0,0.09588289479409935
1.0,0.315234107161059
0.0,0.34586683894613435
0.0,0.09728022688496685
0.0,0.5677332985565168
0.0,0.4220606054209878
1.0,0.2648930619352589
0.0,0.6304812757744314
0.0,0.23156631320289872
1.0,0.8238780841215064
0.0,0.12473656553321451
1.0,0.3031747656977647
0.0,0.16448828495127474
1.0,0.9187653691925307
1.0,0.7900694069202536
0.0,0.25949985353825
0.0,0.028178376280440967
0.0,0.5593247737204599
0.0,0.22895168393144377
1.0,0.7124376740447024
0.0,0.8087748825514106
1.0,0.9258806720365146
0.0,0.38907243936945485
0.0,0.04920566799310604
1.0,0.3810401258439108
0.0,0.23859372514161173
1.0,0.6427676365220344
0.0,0.054347518393717084
1.0,0.7203043961600064
1.0,0.20440581768252575
1.0,0.8994214711902367
0.0,0.8843574884621469
0.0,0.6882993711005503
1.0,0.8028031176845732
0.0,0.47360732813607753
0.0,0.03938206934429368
1.0,0.8533967842723283
0.0,0.4887278889797215
1.0,0.820901310310293
1.0,0.6871666695188707
0.0,0.5376615602176961
0.0,0.050791691120077205
0.0,0.4419403747023938
0.0,0.19202996722963744
0.0,0.05052393835392761
1.0,0.40699717487380227
1.0,0.6271444813035902
0.0,0.17974939101762377
0.0,0.32485742908938503
0.0,0.4750437299825954
0.0,0.157964393617784
0.0,0.7048976405267733
0.0,0.3465919695175466
1.0,0.44402275292944954
0.0,0.74884275097715
1.0,0.9229393733645648
0.0,0.2098193248399229
0.0,0.6431915937493371
0.0,0.08779027642191017
1.0,0.6965732455222805
0.0,0.21671034493386918
1.0,0.5539840089685826
0.0,0.091373404479821
1.0,0.7497576203821984
1.0,0.7210026240655957
1.0,0.4658346790718101
0.0,0.7890538887925777
1.0,0.7873297093890492
0.0,0.8154464721871533
0.0,0.21950711288515204
0.0,0.567551016850732
1.0,0.7740115982399092
0.0,0.2880302427006888
1.0,0.6406533461969405
0.0,0.366515950056019
1.0,0.41666825350115083
1.0,0.884155824225129
1.0,0.6131864030790303
1.0,0.6828880690093609
1.0,0.9536655855724494
1.0,0.5518098512832781
0.0,0.07581370153981752
0.0,0.20196043776445005
0.0,0.2001505885833641
1.0,0.796269581509429
1.0,0.458476271469916
1.0,0.6088017567488916
1.0,0.7327094649946866
0.0,0.33334451180350455
0.0,0.1867462603439247
1.0,0.8038795071832222
1.0,0.8520141850814916
0.0,0.1968453451956361
0.0,0.4434385651744625
1.0,0.7639337397524185
1.0,0.32484932876163874
0.0,0.765336521453708
1.0,0.9318243988733965
1.0,0.9557877643660412
1.0,0.7445030169233632
0.0,0.3498884463035714
0.0,0.3319998549792466
1.0,0.7781371842678859
1.0,0.3277811071797224
0.0,0.0811828746710324
0.0,0.9748437458740989
0.0,0.23390084694629967
0.0,0.6956884280256301
0.0,0.02744724608847834
1.0,0.6489132119674667
1.0,0.46846727999856635
0.0,0.7862338611873191
0.0,0.33090592059001916
0.0,0.12923465373871043
1.0,0.79133649604286
1.0,0.7716077301650901
0.0,0.3607520714332813
0.0,0.5143508548776115
0.0,0.910051550118402
0.0,0.3685654477135302
0.0,0.12088676756010594
1.0,0.7213062515475516
1.0,0.5668490401345908
1.0,0.8346349935534177
1.0,0.03220612289869898
1.0,0.961301076405357
1.0,0.6443134559857283
1.0,0.911637695631509
0.0,0.20546854927486008
0.0,0.5040494778985001
1.0,0.5605387113590857
0.0,0.4195134896982018
1.0,0.4750079563664118
1.0,0.8631640409156324
0.0,0.2698515035411408
1.0,0.5431444975259785
1.0,0.8497117549265678
0.0,0.4671363319281193
0.0,0.41010606193018284
1.0,0.7276727555015503
1.0,0.20151958103441023
0.0,0.3779794665878358
0.0,0.5125028701480664
0.0,0.8271199160240974
1.0,0.8194163898325466
1.0,0.38312018337462284
1.0,0.5973745402903056
1.0,0.42354008097191564
1.0,0.9438499279493131
1.0,0.7337953276707729
0.0,0.14723474858603847
0.0,0.23525042307225905
0.0,0.34201568113288194
0.0,0.5650397089348522
1.0,0.7240614190887726
0.0,0.45910196159992195
1.0,0.8174841599245284
0.0,0.06202383450596456
1.0,0.21509228467471075
0.0,0.10112397893737805
1.0,0.26421640520777395
0.0,0.741073093001518
1.0,0.3210689780232234
0.0,0.06282120710430147
0.0,0.06861236931650344
0.0,0.20250993452408908
0.0,0.6635901202917401
1.0,0.6042546752235125
1.0,0.9544218622885479
0.0,0.6750473734477692
0.0,0.13540472698178635
1.0,0.8822306241685156
0.0,0.3900939488769889
0.0,0.5455543823321027
1.0,0.657478833389468
1.0,0.6646192941957851
0.0,0.5779932053404646
1.0,0.40729719100361633
0.0,0.2649362561567068
1.0,0.5878916079118199
1.0,0.5815491178202845
0.0,0.009935272444320662
0.0,0.05959842082683473
1.0,0.8682971239177986
1.0,0.9053987696503938
0.0,0.13944773237597233
0.0,0.7134581225535604
0.0,0.357058304705292
0.0,0.6116310643326038
1.0,0.9843129465122717
1.0,0.5056986194725334
0.0,0.38910037447386747
1.0,0.8719324211077499
1.0,0.6080523682403467
0.0,0.28204859997544546
1.0,0.9181381274747217
0.0,0.1657698652260104
0.0,0.08283130894768484
1.0,0.7462877222405321
0.0,0.046286900210847526
0.0,0.2976888378799356
1.0,0.14104107291085616
0.0,0.16258936071054558
0.0,0.4758979679351214
1.0,0.47188199845404705
1.0,0.2848017020503724
0.0,0.5099660708582127
1.0,0.6278987355598061
0.0,0.7910588370181012
1.0,0.8435574902754016
1.0,0.16036715879520813
0.0,0.5943526841809447
0.0,0.2684191478445265
0.0,0.7038440313786519
1.0,0.6698353277137272
0.0,0.08617938180998454
0.0,0.33692525418026154
1.0,0.9575621231021095
1.0,0.808517352047233
1.0,0.3458766920661768
1.0,0.8898477242233356
0.0,0.03417276763499614
0.0,0.05396435131817333
1.0,0.873834569109615
0.0,0.7923113440828786
0.0,0.4315558289823061
1.0,0.8275846935889891
0.0,0.30626133220806484
0.0,0.14672826625310015
1.0,0.3184916874036789
0.0,0.6457387604143162
0.0,0.18262357214526231
0.0,0.10840233551425552
1.0,0.3664596766896193
1.0,0.7577376372396656
0.0,0.09183724530375907
1.0,0.6834005204986962
1.0,0.9950984765283798
0.0,0.6743328459175044
0.0,0.46853185312132795
0.0,0.12191941042746161
0.0,0.028871397158885804
1.0,0.6089370781538056
0.0,0.10107022921701878
0.0,0.02235711150226898
0.0,0.07176575351603137
1.0,0.7810681515321646
0.0,0.03643928454358799
0.0,0.2762811753958089
1.0,0.8062605709441013
0.0,0.1115262495329711
1.0,0.13505030044581437
0.0,0.5327449044099295
1.0,0.26330488264845364
0.0,0.06332183381083353
1.0,0.2804914920777005
0.0,0.609411014832135
1.0,0.9149156358959395
1.0,0.5412589840433485
0.0,0.12796554169924473
0.0,0.41848696464096485
1.0,0.8273224786398338
1.0,0.5886462610169209
0.0,0.4752335470942566
1.0,0.2189824129749257
0.0,0.2767596183225078
0.0,0.06397016542672408
1.0,0.5230757009297973
1.0,0.2474457085402008
0.0,0.45641892157109043
0.0,0.8026868397392677
0.0,0.08769841835234629
1.0,0.5548255950477717
0.0,0.05558215141419288
1.0,0.8431331110258075
0.0,0.4497716739392306
0.0,0.820584528082167
0.0,0.15640846639322462
1.0,0.7398396447267698
1.0,0.836362923535512
1.0,0.6219794804321142
0.0,0.3312460644441845
0.0,0.14166095263822442
0.0,0.034346445335896265
0.0,0.13782674799657213
1.0,0.7677427697148836
0.0,0.17532848192124337
1.0,0.16755081143712233
0.0,0.6350273310199529
0.0,0.42257342398606146
1.0,0.8875132721662454
0.0,0.06368937016914251
1.0,0.7828346067883927
1.0,0.5422695193063023
1.0,0.9021756034113302
1.0,0.8383884316238859
0.0,0.19042096668487982
1.0,0.8673808855632562
0.0,0.7660252574357123
0.0,0.21681114004817972
0.0,0.15263665195506693
1.0,0.1547448853004083
0.0,0.3220624744953482
0.0,0.10936771694181523
0.0,0.6477511479373043
1.0,0.9507914653368544
0.0,0.21487649839288483
1.0,0.8973808825282871
0.0,0.3537474182638977
1.0,0.935243275776598
0.0,0.3403657250285576
0.0,0.7336326165478174
1.0,0.9231018349993633
1.0,0.7892323496666422
1.0,0.9077660691964532
1.0,0.7923500997785468
0.0,0.33565709761503065
1.0,0.5841170672056797
1.0,0.8462684521783445
0.0,0.6243025818443965
1.0,0.8271546208060678
0.0,0.0476135704414318
1.0,0.265462390025078
1.0,0.7729474542627552
1.0,0.7629284788540371
0.0,0.2960792240073343
0.0,0.5414880343672719
1.0,0.8030486405591233
0.0,0.03215644467606061
0.0,0.32607456166277715
0.0,0.3594077516991259
0.0,0.6931933884293722
0.0,0.7502991190361714
1.0,0.7160045204575286
1.0,0.24554198723956644
1.0,0.6485910278837222
0.0,0.41210227714952125
1.0,0.6566694731618195
0.0,0.38570880850001726
0.0,0.3678066512326228
1.0,0.8699651100981689
1.0,0.7134657437921748
1.0,0.2257298557734183
0.0,0.09628931705597528
1.0,0.4279333974419422
1.0,0.4326719964407579
0.0,0.4103446201657432
0.0,0.4140931623961725
0.0,0.6233054280259285
1.0,0.6561428511138544
0.0,0.07418778541844104
1.0,0.4889349613858485
1.0,0.6883154246040494
0.0,0.1417655668439715
1.0,0.3150848662424297
1.0,0.7673097416096775
0.0,0.7449262623358526
1.0,0.48946507887717494
0.0,0.2119908537662255
0.0,0.1518452155689107
1.0,0.8627033605721692
1.0,0.7102276078155483
0.0,0.2366185173767179
1.0,0.8485032698007313
1.0,0.9173392878470835
0.0,0.18521480577721594
1.0,0.7043419058269192
1.0,0.5649831123049763
0.0,0.923005314040442
0.0,0.6316436267033977
0.0,0.10222708488054523
1.0,0.6658411643294516
1.0,0.4215064741063968
0.0,0.05648030576380255
1.0,0.5818462168614531
1.0,0.7744440473290959
0.0,0.1050937404590753
0.0,0.2973254088298606
1.0,0.49762775913505275
0.0,0.0545987093903936
1.0,0.704525563217186
0.0,0.17714091327850315
0.0,0.02068623706476852
0.0,0.38997988367031916
1.0,0.6587219521408448
1.0,0.595914286764934
0.0,0.8923916425258448
1.0,0.854858278395878
0.0,0.04420936887739953
0.0,0.8487957748045977
1.0,0.728987046768991
0.0,0.4762952717384694
1.0,0.6687687216605426
1.0,0.41299473740057124
1.0,0.9724199050952811
1.0,0.9315416539660494
0.0,0.7044844019051008
1.0,0.8981547227847806
0.0,0.09231036220558286
1.0,0.4886497448751529
0.0,0.6564282466826931
1.0,0.9361100309893834
1.0,0.9569498585370344
0.0,0.06416460031343404
0.0,0.3233158309125033
1.0,0.7704754861190394
0.0,0.8057003660895887
1.0,0.8336848563766271
1.0,0.48553374901150537
1.0,0.9000935337942697
0.0,0.5024618433882854
0.0,0.47651249417509783
1.0,0.9291942803526488
1.0,0.8983360039739563
0.0,0.16642903110552273
1.0,0.6507537442591911
0.0,0.28119249081970404
0.0,0.47612832368702485
0.0,0.5077879338524733
0.0,0.6822678295662385
1.0,0.41639982824389826
1.0,0.6586875747342987
0.0,0.8354701496669833
0.0,0.12524945048706976
1.0,0.46917658070169477
0.0,0.5352629328342459
0.0,0.5860417598285468
0.0,0.10895033114677316
0.0,0.7778891014494095
1.0,0.7463504938503003
1.0,0.243607434662634
0.0,0.6979304614599242
0.0,0.32815886898101587
1.0,0.8780731781784563
1.0,0.878282507963298
1.0,0.9404134075443868
0.0,0.6822062604155444
0.0,0.8698913640262522
0.0,0.10088421032410669
0.0,0.046574378110007655
0.0,0.22275982973304176
1.0,0.7804067444861996
0.0,0.18488363425490675
1.0,0.8098181050400419
1.0,0.8281619228461218
0.0,0.8550163693994614
0.0,0.5373812029476974
0.0,0.012132138630445105
1.0,0.7266804840428671
0.0,0.4455666679861665
0.0,0.057294118847763725
1.0,0.826640662021685
1.0,0.9779198602629516
1.0,0.8660862762727944
1.0,0.8567303655628209
1.0,0.7421108204878902
1.0,0.1898365977162066
1.0,0.5644974040134637
1.0,0.888881053628706
1.0,0.5704244790079882
0.0,0.09841968323989338
0.0,0.5995620833386973
0.0,0.8440967995771887
1.0,0.6993371231650155
0.0,0.12307522930537826
1.0,0.5295899335514337
1.0,0.9287968413973865
1.0,0.36812584937621917
1.0,0.5092968114221281
1.0,0.7811334836904266
1.0,0.7994152652120634
1.0,0.5405176095661595
0.0,0.32950651836476197
0.0,0.07508981536001946
1.0,0.39539376699462575
1.0,0.6539891361346588
1.0,0.9367827636237667
1.0,0.8653164072938875
0.0,0.665172633108933
1.0,0.03738102642494065
0.0,0.2927632104065855
1.0,0.5961341858876735
1.0,0.538073860765735
1.0,0.9104946183660184
1.0,0.6990209135879116
0.0,0.06576565691249475
0.0,0.1314201691653244
0.0,0.6305267567467886
1.0,0.38522688067374933
1.0,0.5539907458615076
0.0,0.13194970491369895
0.0,0.09332705532099696
1.0,0.5511028779647393
0.0,0.6133749589410277
1.0,0.8154674255724076
1.0,0.7717268897462046
0.0,0.7251615729105442
0.0,0.9458294029433757
1.0,0.8247785347055547
1.0,0.6915359277835673
1.0,0.8293927122481528
0.0,0.6125535283458362
1.0,0.2623797332730183
0.0,0.6793799267360594
0.0,0.1254700146017289
0.0,0.21993913324340467
1.0,0.8681502216574066
0.0,0.43645680094688216
1.0,0.7002140005589772
1.0,0.8023215635009819
0.0,0.5878404111709226
1.0,0.3653481633401915
0.0,0.11097206728546563
0.0,0.20545240510235774
0.0,0.09822334112047645
1.0,0.3485925446832726
0.0,0.17185591220251387
1.0,0.4098114722827896
1.0,0.5096894344136887
1.0,0.9654293902646676
0.0,0.6604210239620646
0.0,0.2170734520057731
1.0,0.6450955163259166
1.0,0.7842618733707288
1.0,0.4403856049225996
0.0,0.751221848939019
1.0,0.7658544291188446
0.0,0.15866220887163393
0.0,0.25584370803729284
1.0,0.6380092859117817
1.0,0.5549231042478944
1.0,0.5538156417528681
0.0,0.17096215683747054
0.0,0.07406529639488593
1.0,0.45149295644117493
0.0,0.291745414487595
0.0,0.17693780840361742
0.0,0.1337656785699814
1.0,0.8794223251575122
1.0,0.2380027120905154
0.0,0.8589154739868052
1.0,0.5674880323033986
1.0,0.7752157694252928
0.0,0.0564839998079079
1.0,0.5362245805749191
1.0,0.887458968083293
1.0,0.4569051766090579
0.0,0.04965623324409488
1.0,0.8895499266011044
0.0,0.25410919214799454
0.0,0.11539005921235178
0.0,0.11093242340502252
0.0,0.06864498059011122
1.0,0.7724169295161114
0.0,0.9257793591068716
0.0,0.04009937806536072
0.0,0.274535119756459
0.0,0.5088982157517978
1.0,0.3466632092204186
0.0,0.1574873646763739
0.0,0.1357717244050483
1.0,0.8914892346506145
1.0,0.8812383569862818
1.0,0.8536290367323208
1.0,0.7082097995502641
1.0,0.712370283229954
0.0,0.6534546748977014
0.0,0.3876175970442667
1.0,0.9199393873661503
1.0,0.7094386683931484
1.0,0.8703015123735862
0.0,0.6826677843771242
1.0,0.6815408464196627
1.0,0.17022273523987005
1.0,0.7947464846874683
0.0,0.32726594919700625
1.0,0.9284022417375277
0.0,0.66355458868304
1.0,0.8441543751111741
0.0,0.7787988353194464
0.0,0.22584605312624012
0.0,0.14144732640946783
1.0,0.7927050676154815
1.0,0.8246976476417471
1.0,0.8133404369418072
0.0,0.04624288022876772
1.0,0.8990543004942975
1.0,0.37652457888379975
1.0,0.8076288835335492
0.0,0.4290738795217465
0.0,0.130152942278826
0.0,0.9289568146892819
1.0,0.6745278070817428
1.0,0.22495387668227468
0.0,0.1475289730905966
0.0,0.6408208972550162
0.0,0.23897044086621744
0.0,0.79981453364817
0.0,0.2508211455333764
0.0,0.14071789979607002
1.0,0.8744717369188851
1.0,0.8191042650006304
0.0,0.07164397765349632
0.0,0.05069955537917704
1.0,0.9440559383782383
0.0,0.22357724228672224
0.0,0.2558174585717349
0.0,0.020848465837137
1.0,0.8583411208449847
1.0,0.8817370904257371
0.0,0.2784315391211117
1.0,0.801170246267813
1.0,0.5146189990274522
0.0,0.48909232135477554
1.0,0.159327153681298
1.0,0.7802322568119843
0.0,0.0739683949779308
1.0,0.519883238123919
1.0,0.8950166437603195
1.0,0.8505100632709457
0.0,0.051702520854816705
1.0,0.7265766787370865
1.0,0.7876344248151247
0.0,0.4603597179796804
1.0,0.5721760023174899
0.0,0.5736584823613714
0.0,0.1260135131860369
0.0,0.6850632883941088
1.0,0.8007340532661414
0.0,0.06100604362242077
1.0,0.6086819809802106
1.0,0.3924421221448684
0.0,0.687270673701339
1.0,0.537833966454118
1.0,0.7345520800444938
0.0,0.6373359099448107
1.0,0.8961504463261203
0.0,0.694369451524544
0.0,0.49668812647002775
0.0,0.4440065373321081
1.0,0.5519432370896299
0.0,0.293769338230358
0.0,0.08334891976386592
0.0,0.6492486890054924
0.0,0.06454005724711746
0.0,0.5389214667473552
0.0,0.4980134517163434
1.0,0.5614906548468193
1.0,0.8421677128363617
0.0,0.06302511257044605
0.0,0.13396264745519432
0.0,0.27024721219809644
0.0,0.08524357692376182
0.0,0.43318255716712795
0.0,0.2004995241079177
0.0,0.06424738200948929
1.0,0.6466854732721161
1.0,0.8854144807122549
0.0,0.5875180731824137
1.0,0.6672417237773242
1.0,0.8309400098516448
1.0,0.409648839911081
0.0,0.18720890466386356
1.0,0.8642146797670522
1.0,0.43924286413606234
0.0,0.07561899986653273
0.0,0.029422683297290836
0.0,0.20976220530959747
0.0,0.22282790394640867
1.0,0.5277217391397512
1.0,0.37419834706395294
0.0,0.22045756009846
0.0,0.6117370222544881
1.0,0.8810876428539428
1.0,0.46599897847200067
1.0,0.92236640091327
0.0,0.48951244641766506
0.0,0.6560124266515592
0.0,0.4926425471901057
0.0,0.07075346884473603
0.0,0.0906422616683536
1.0,0.6879084294902689
0.0,0.1516950591732519
1.0,0.8136501384616511
0.0,0.2850376499479377
1.0,0.6672468256940042
1.0,0.3438201073071003
1.0,0.4785272263943187
1.0,0.8170539443585011
1.0,0.8929683825208083
0.0,0.4483182202843463
1.0,0.1429333234397213
1.0,0.37480630597832254
0.0,0.05352541289727157
1.0,0.8460513166748036
1.0,0.660914556544221
0.0,0.32557060557503886
1.0,0.7973031305525059
0.0,0.11226718085789326
1.0,0.7677404247944203
0.0,0.5405674286278167
1.0,0.8651829379919793
0.0,0.10498323281376339
0.0,0.7562211277209555
1.0,0.4911319840303731
1.0,0.8961644026994082
0.0,0.172034920737118
0.0,0.05786690741203174
0.0,0.08495799199293773
1.0,0.8714191699540971
0.0,0.30144110380415784
1.0,0.707069349223821
1.0,0.8478413424332457
0.0,0.36958871785631486
0.0,0.4973658235183036
0.0,0.15972011863224328
1.0,0.5236255355631712
1.0,0.8779936709908206
0.0,0.8959705061274457
1.0,0.8041846512737455
1.0,0.8104826617667586
1.0,0.7592092625921121
0.0,0.011719341519687709
1.0,0.8479296845048583
1.0,0.7875170479212825
1.0,0.34168773568424743
0.0,0.30359383043627464
0.0,0.3444850879842217
1.0,0.1885866336739055
1.0,0.8345390507697937
1.0,0.668817496986938
0.0,0.3366806450189308
0.0,0.707520531740768
0.0,0.08260976557491112
0.0,0.31157670424762973
0.0,0.268309804524762
1.0,0.6583574591308823
1.0,0.6151613355991318
0.0,0.07950095627802664
1.0,0.7690910882689369
1.0,0.5627778407843034
0.0,0.339170390385332
0.0,0.14895249782624603
0.0,0.241705594809074
0.0,0.4035099149828982
1.0,0.9118587157760528
1.0,0.5821986694927085
1.0,0.3143419584276365
0.0,0.03814831486058568
0.0,0.35373061254492333
1.0,0.3333917446389591
1.0,0.8271901913949474
0.0,0.669323802464869
0.0,0.5587687980802375
1.0,0.8360520784960858
1.0,0.5905008199555198
1.0,0.5035456725154787
1.0,0.7489869240720195
0.0,0.119813182843861
1.0,0.41894885365714113
1.0,0.25550649804010334
0.0,0.48638628158923003
1.0,0.5476757116199213
0.0,0.7636473866617519
1.0,0.48363410925026773
0.0,0.42678190452328435
0.0,0.07226203090616845
0.0,0.05880535857398068
0.0,0.6086197750465133
1.0,0.5762761934915954
1.0,0.4970881981080778
0.0,0.818373432249274
0.0,0.2046017046229416
0.0,0.11443146028553983
0.0,0.7414235316096384
1.0,0.2040630216743891
1.0,0.7926647525703082
0.0,0.17827145589160537
1.0,0.8987642411631857
0.0,0.26722140262667116
0.0,0.5812156228538513
0.0,0.45807479283853486
0.0,0.15028750098971727
0.0,0.2570717588503061
1.0,0.4790342811451187
0.0,0.3276148452157548
0.0,0.14398506037724323
1.0,0.920881897949716
1.0,0.7823846967298954
1.0,0.6870973485114765
0.0,0.0982075851650135
0.0,0.44717010813642916
1.0,0.9002432119879995
1.0,0.9028269646026926
0.0,0.7059870362088482
1.0,0.5476877649713636
1.0,0.8465868428912575
1.0,0.8702852882018269
1.0,0.45149891361717137
1.0,0.9099413457542519
1.0,0.2367251106961341
0.0,0.4774329900153035
1.0,0.8436407896428488
1.0,0.9196443054278185
1.0,0.6048325702527001
0.0,0.692443982435992
0.0,0.31753006470827194
0.0,0.10023333970819163
0.0,0.1193639407444782
0.0,0.16604689811406503
1.0,0.5492570727434294
1.0,0.8623560420761569
1.0,0.39799094375195126
1.0,0.4313280852167239
1.0,0.6783741058323023
0.0,0.9525314228748846
0.0,0.33194999943137704
0.0,0.42514003496491587
0.0,0.296405676323561
1.0,0.5008704211216972
1.0,0.7511340461573526
1.0,0.6346251340212177
1.0,0.625093622269281
1.0,0.8126292616423104
0.0,0.25919263246927593
1.0,0.7065812332049075
1.0,0.8379747230741369
1.0,0.8441884160433835
1.0,0.4701709099734488
1.0,0.7889131948416346
1.0,0.8902743726623522
1.0,0.9224430020061662
1.0,0.8323070231655957
1.0,0.7742028519738192
0.0,0.1833959069844767
1.0,0.8050976657834514
1.0,0.23298066509114998
0.0,0.8142041888341333
0.0,0.9446465306948598
0.0,0.4437620189600954
1.0,0.7284256781912625
0.0,0.1299451725954056
1.0,0.8845964376481475
1.0,0.8260887429000406
0.0,0.027716332257642015
0.0,0.4723307288298464
0.0,0.8835932501024799
1.0,0.792925513360894
1.0,0.5616551400708262
0.0,0.38215379451264614
0.0,0.12015333455065694
0.0,0.38831289837985644
1.0,0.9209476222223876
0.0,0.4666290080301599
1.0,0.2586773436139379
0.0,0.1974191223284154
0.0,0.5973465971026921
0.0,0.2549747632075886
1.0,0.23925179477656128
0.0,0.10416209210853854
0.0,0.21889015129027134
1.0,0.6393404110397127
1.0,0.5939866677493973
0.0,0.2985609922442894
0.0,0.699074003980066
1.0,0.5364520544910261
0.0,0.16622506789845323
1.0,0.9036788118548645
1.0,0.45787505074758406
0.0,0.06372307788148922
0.0,0.23211124255203522
0.0,0.14860781441360604
0.0,0.6749402321655603
0.0,0.27551160895785987
0.0,0.6217030369834955
0.0,0.08935920497100966
0.0,0.30466049092482
1.0,0.6674422081576614
0.0,0.27001613176384964
0.0,0.7283541424680815
1.0,0.7972095595584557
0.0,0.390839344025099
0.0,0.5415190793900406
0.0,0.15568609419531804
1.0,0.8026159574957886
0.0,0.25122350686563294
0.0,0.24347753257014196
1.0,0.39159379805617256
1.0,0.9358498137421494
1.0,0.7905391217268383
0.0,0.2568834255178038
0.0,0.2498063548021411
0.0,0.5533114789455721
1.0,0.8466659321714911
1.0,0.18587494938241564
1.0,0.7088081161610469
0.0,0.6731049416849445
1.0,0.8978218609550473
1.0,0.8325172692511561
1.0,0.9164472388318773
0.0,0.5175547930915132
0.0,0.1962236387490174
1.0,0.7010969582464288
1.0,0.43873816908517155
1.0,0.613640462185416
1.0,0.6805199882341928
0.0,0.18372380403251728
0.0,0.07534432822584512
0.0,0.9622209032512138
0.0,0.45827167589647494
0.0,0.7123477072930835
1.0,0.806447762118703
0.0,0.14443168786289176
1.0,0.8651085470817349
1.0,0.46517773821069014
0.0,0.04235975888796554
1.0,0.8783538781463182
1.0,0.8957606329647756
1.0,0.4933863514838588
1.0,0.8274792210466758
0.0,0.1600465772102677
0.0,0.2708562659366009
1.0,0.6144502804835164
0.0,0.1322879426652873
0.0,0.26932547568356924
1.0,0.7690185579844955
1.0,0.31197987349962847
0.0,0.19930718510809575
1.0,0.6333857748678338
1.0,0.8455841460061543
1.0,0.650883595629008
0.0,0.5671870899702979
0.0,0.1959955667460959
1.0,0.5629407612189233
0.0,0.07234684263571246
1.0,0.9399690026296378
1.0,0.6556082814377925
0.0,0.6867654631608711
1.0,0.700984323353936
0.0,0.012873439668647263
1.0,0.9411817970872223
0.0,0.5755829230253057
1.0,0.9032062346789324
1.0,0.949606811857556
0.0,0.20776449304638092
1.0,0.2532872933734523
0.0,0.06062283102708962
0.0,0.47813531645952084
0.0,0.5230967669083386
1.0,0.7495539369538573
0.0,0.4131871352347091
0.0,0.9020576553835483
0.0,0.7650397944660685
0.0,0.5105392330109508
1.0,0.8201256023529042
0.0,0.7776291918075805
0.0,0.16830583848689668
0.0,0.7195700940190556
0.0,0.4899391012896161
0.0,0.5512892772695335
0.0,0.7458931150111959
0.0,0.2917024563140987
1.0,0.2149401845564523
1.0,0.47505757458146086
0.0,0.19652196968767147
1.0,0.5917126565958212
0.0,0.05371615059192982
0.0,0.4996129398184733
0.0,0.5233043029301652
0.0,0.40939495650558194
1.0,0.7432030729535445
0.0,0.23801820388952522
0.0,0.586914207130908
0.0,0.32945464286323584
0.0,0.4707790311478795
0.0,0.07656743990817823
1.0,0.8169285734853231
0.0,0.49698346296492807
0.0,0.15607337370195679
1.0,0.8851405745200284
0.0,0.03690968617496155
1.0,0.8817887320007102
1.0,0.9367233958662773
0.0,0.1737040732126215
0.0,0.4218765194347529
0.0,0.3278128246317913
1.0,0.9639960818043124
0.0,0.09046740840342711
0.0,0.036192583567513634
0.0,0.03812610539144417
0.0,0.08261765106608517
1.0,0.8582740333098353
0.0,0.6410003692116693
0.0,0.4306267851434777
0.0,0.08279105487347803
0.0,0.4345344792121693
0.0,0.0353751030322182
0.0,0.6844309862442605
0.0,0.43078257473271603
1.0,0.8034243247697925
1.0,0.5396355269632582
0.0,0.8041529012426769
1.0,0.8362948107103647
0.0,0.0588766025663362
0.0,0.5321445036848254
1.0,0.39746452800585236
1.0,0.48353963109758186
0.0,0.31245312894957117
0.0,0.16719296271585787
1.0,0.9260104685539232
0.0,0.23298399103422152
1.0,0.9015860282734701
0.0,0.22801625050993643
0.0,0.7443750231366985
0.0,0.8583026750738336
1.0,0.30177429296163316
1.0,0.7619841794113045
1.0,0.5945727996467316
0.0,0.3636448442535748
1.0,0.5588598146464195
0.0,0.40991468858948027
0.0,0.09829816929355438
0.0,0.07092424178923414
0.0,0.19893537433469125
1.0,0.38252665548363235
1.0,0.8368019909449032
1.0,0.35548331806307826
1.0,0.8784242288969858
0.0,0.7527080329533735
1.0,0.43924037535549676
1.0,0.27437155382785844
1.0,0.48746055145803485
0.0,0.21475364134937347
0.0,0.1881502603176885
0.0,0.377993435362591
0.0,0.06623781775883812
0.0,0.28971238345826494
1.0,0.4167483624835168
1.0,0.6088071686399019
1.0,0.7498366873579463
1.0,0.8955119871565249
0.0,0.8359371976865944
1.0,0.8283113200791581
1.0,0.12752714200361734
0.0,0.1466667183512423
1.0,0.46844996391904803
1.0,0.34258039134426493
0.0,0.799849426642515
1.0,0.8197626800231231
1.0,0.707202891036364
0.0,0.6466493554351224
1.0,0.8087387620774523
0.0,0.25070598641503905
0.0,0.11439078556747881
0.0,0.3229116663713086
1.0,0.39579473696489303
0.0,0.15293969229412663
1.0,0.527535790508824
1.0,0.9506303375478325
1.0,0.6158045078694923
0.0,0.5470356951813397
1.0,0.7830017438580844
0.0,0.0662836373841553
0.0,0.47498420476432546
1.0,0.6993848596194386
0.0,0.3805274788430933
0.0,0.6986247763963084
1.0,0.8811325526552555
1.0,0.7174587191483149
0.0,0.8468006993530631
1.0,0.820909285232601
1.0,0.9200319485759428
0.0,0.23151144677411237
1.0,0.2931699602940311
1.0,0.8917407258653103
1.0,0.567954791783454
0.0,0.4198089626647048
1.0,0.5469096663686177
0.0,0.0889774422587948
0.0,0.4070847888708344
1.0,0.4092267130078421
0.0,0.37505570615163125
0.0,0.441509098332302
1.0,0.2956219534845527
0.0,0.09941345150433106
1.0,0.43044210192766524
1.0,0.16214519446058767
1.0,0.81085452943893
0.0,0.8556130031609437
0.0,0.2129937565418729
1.0,0.5758847044729258
0.0,0.2207355466879832
1.0,0.5278251709368811
0.0,0.49463985330156485
0.0,0.575333234968698
0.0,0.1285342365513702
0.0,0.32839286378641036
1.0,0.9497738389361517
1.0,0.7893422310954055
1.0,0.643656491202544
0.0,0.44200886952172613
1.0,0.14911616907232764
1.0,0.5859454056209683
1.0,0.7768413457556133
0.0,0.7334268665506607
0.0,0.1703280013470691
1.0,0.9241896232973006
1.0,0.42415256214730246
0.0,0.1346220954126638
0.0,0.8861412125122514
1.0,0.7112845298334801
1.0,0.9061071286245552
1.0,0.7547203731515563
1.0,0.7678484026730763
1.0,0.934394640276581
0.0,0.11865356271410647
0.0,0.032268343330429876
1.0,0.39286345916282867
1.0,0.7545204672298167
1.0,0.22560628227850946
1.0,0.6230219089809913
1.0,0.7507742474891513
0.0,0.11663999114811843
1.0,0.6949764980849523
1.0,0.8201804795046952
1.0,0.6508058584981826
1.0,0.6237461088545398
1.0,0.878583341479628
1.0,0.7604418737857227
1.0,0.734244277358711
1.0,0.8826788825220954
1.0,0.15332080141319376
1.0,0.8898087785881661
0.0,0.24514614337431012
1.0,0.7972695642075656
1.0,0.7440839240954056
0.0,0.8369649681180431
1.0,0.8677075300100576
1.0,0.5811792032579357
1.0,0.5625642115394242
1.0,0.4655995436440691
1.0,0.9512594011408388
0.0,0.08912715856457043
0.0,0.24084003408336743
1.0,0.5029489422987258
0.0,0.570125016695385
0.0,0.4601221960577479
1.0,0.2909826803934703
0.0,0.07173538394591446
1.0,0.5941879723043039
0.0,0.04905881942345769
1.0,0.3116878761194269
1.0,0.6208973904555958
0.0,0.11324333987078326
1.0,0.8724231668383822
1.0,0.9228330736655623
0.0,0.4095123078326416
1.0,0.578671599943488
1.0,0.5960811033529851
1.0,0.7521103450875974
1.0,0.6858502101984725
1.0,0.4073608593651106
0.0,0.503983240845821
1.0,0.2576231579936689
0.0,0.1720023938582525
1.0,0.9147357227392706
0.0,0.41210089491778656
1.0,0.707017389048014
1.0,0.8011171347155944
0.0,0.22343397919731062
1.0,0.11648366825555158
1.0,0.6191107284323487
0.0,0.025291950663557435
0.0,0.2516059230554134
0.0,0.8301403581631321
1.0,0.8749981665421902
0.0,0.11593717490688503
0.0,0.08865043675710109
1.0,0.8731420620443773
0.0,0.5057262745115094
1.0,0.8469519551183958
1.0,0.5784994390538942
1.0,0.6988986194010074
0.0,0.19138915192829248
1.0,0.8365397327870505
0.0,0.23510344681038206
1.0,0.6615905855035054
1.0,0.4765098058515475
0.0,0.37067453589039445
1.0,0.5719259159262625
0.0,0.3189898686025491
1.0,0.7749969894856992
0.0,0.23769557390509688
1.0,0.521002075567889
0.0,0.8864421383621267
0.0,0.13741874078839736
1.0,0.8715577311338596
0.0,0.3280905913953096
1.0,0.7752319887800042
1.0,0.35947812926586986
1.0,0.57440472001846
1.0,0.8282530641656117
0.0,0.2601653016440666
1.0,0.7479316891113081
0.0,0.07776914904336814
1.0,0.854155914566996
0.0,0.4769282426990444
1.0,0.45061600398595697
1.0,0.8038011131214274
1.0,0.3349413604263435
0.0,0.5851544382799564
1.0,0.2545523833638431
1.0,0.27445681938509064
0.0,0.19627767568662646
0.0,0.19489297876725195
1.0,0.757748661013597
1.0,0.8966791136267303
1.0,0.6998818391909907
0.0,0.5832900169738487
1.0,0.9131020550674953
0.0,0.08184330207366508
0.0,0.37654754402243434
0.0,0.10912283971894708
0.0,0.47056584063257645
1.0,0.18566735164552506
0.0,0.17607150480562522
1.0,0.7389678954920357
0.0,0.12376764475541659
1.0,0.657718058983425
0.0,0.7050543382519213
1.0,0.8382087624913985
1.0,0.3447468300497972
1.0,0.6699933521762848
1.0,0.8911797819607032
1.0,0.8342319753152208
1.0,0.8722047728744072
1.0,0.43688886326222226
0.0,0.7951221490336026
0.0,0.26669869635242593
1.0,0.7809266300455839
0.0,0.3147412344417333
1.0,0.6969002930553839
0.0,0.044076867152389065
1.0,0.5105822246375984
1.0,0.7307941208470359
1.0,0.9008679979738096
1.0,0.503854755502714
1.0,0.5734705535439574
0.0,0.019380326909122114
0.0,0.16615334444623578
0.0,0.12649810349427829
0.0,0.5313612508133936
1.0,0.18462733064107786
0.0,0.6529579667612027
1.0,0.34883517522412705
1.0,0.6240400712319326
1.0,0.8742053541134562
1.0,0.4123006786368304
1.0,0.8262499506648451
0.0,0.45838838481882854
1.0,0.4976949498620785
0.0,0.8459072313749022
1.0,0.512600306472623
0.0,0.5527062008848794
0.0,0.3255663523192786
1.0,0.810522382464015
0.0,0.07548521541843828
1.0,0.8997061875330723
0.0,0.5146478104776792
1.0,0.9270152344919903
1.0,0.7129901135177684
1.0,0.6252961263798651
0.0,0.3294868262896927
1.0,0.6760102589447967
1.0,0.8601932618619658
0.0,0.1553451879925118
0.0,0.10927591836454058
1.0,0.841427968372627
1.0,0.8206663271759503
0.0,0.1414442962338735
0.0,0.1746719468110974
0.0,0.4793727724182041
0.0,0.6718220597461908
0.0,0.12252934713103891
1.0,0.6236174619108658
0.0,0.041864733491339255
1.0,0.8533426596413733
1.0,0.9438022814545494
1.0,0.9362406564768426
1.0,0.46165909431429253
1.0,0.7355939130653597
0.0,0.057294118847763725
1.0,0.9425187956637121
0.0,0.4218228020241126
1.0,0.8091797478536604
1.0,0.8864575441171036
0.0,0.06624538873595823
0.0,0.24176875840497267
1.0,0.630180042873532
1.0,0.7633586006540994
1.0,0.8065367200607125
0.0,0.9417123165661063
1.0,0.556338044276286
0.0,0.3499791300054292
0.0,0.029818239588627164
1.0,0.8797960642978265
1.0,0.43804672424748864
1.0,0.667880272950513
1.0,0.20616791793197287
0.0,0.45086612058310604
1.0,0.5866535876831711
1.0,0.5474263984433925
0.0,0.9568692552604319
1.0,0.7020171090640954
1.0,0.8324758078116711
0.0,0.7737781245347193
0.0,0.5211892323246636
0.0,0.7189234439911923
0.0,0.06867658233394032
1.0,0.4706928456971848
0.0,0.33226497747830397
1.0,0.7383801480856662
0.0,0.43715106432556694
0.0,0.2916632082104538
0.0,0.27801609175624226
1.0,0.4679823954461977
1.0,0.5680032546882127
1.0,0.9768288757866638
1.0,0.7133736045249505
1.0,0.6686651199129447
1.0,0.2583231007192222
1.0,0.8590944774913055
0.0,0.6400490905725598
1.0,0.9144594981672562
1.0,0.7361980881577592
1.0,0.48720720348062513
0.0,0.4146910024590806
1.0,0.6031792417522379
0.0,0.6757950555567533
0.0,0.7331505666225461
1.0,0.3664810260442747
1.0,0.10435077159059034
1.0,0.5626263585775816
1.0,0.21509228467471075
0.0,0.24324122210429341
1.0,0.8245920531838341
1.0,0.8209149518430496
0.0,0.1431186704573692
0.0,0.3342462765014988
0.0,0.049936998231212226
1.0,0.4746974207564487
0.0,0.30854501824157304
1.0,0.43521025149692166
0.0,0.7910270227760067
0.0,0.39197835136359227
1.0,0.8936597104943258
1.0,0.9373154712493686
1.0,0.456000972790827
0.0,0.8540273476212245
1.0,0.5381943627163385
1.0,0.8969695861975151
0.0,0.919508898516733
0.0,0.3200641317897561
1.0,0.2343681864019547
1.0,0.5822197801657748
0.0,0.18438553779445563
0.0,0.2481691158675043
0.0,0.2179036679000398
1.0,0.8436750968197547
1.0,0.6325858224318688
0.0,0.7199928216114174
1.0,0.8300737796450416
0.0,0.11636564568126748
0.0,0.06948890160243336
1.0,0.819842515826366
0.0,0.2545153482903657
0.0,0.4505722924175866
1.0,0.3736250490002545
1.0,0.7772834403315219
0.0,0.1935110443924184
1.0,0.3826555910331824
1.0,0.7280755521600546
0.0,0.5649107105914194
0.0,0.6873648143984176
0.0,0.4399268960959821
0.0,0.689580826308012
1.0,0.3886348218903577
0.0,0.3407504207216047
0.0,0.06442758450182531
1.0,0.6438687055879126
1.0,0.7615992462916151
0.0,0.8131163292635895
1.0,0.4164974551877204
1.0,0.7963440827318629
1.0,0.5279341786492033
0.0,0.6724889872300555
0.0,0.0933651266938628
0.0,0.5139695599125008
0.0,0.3554790394894361
1.0,0.8022204165001247
0.0,0.054932723485809784
1.0,0.6989280280200433
1.0,0.879097442881553
0.0,0.8929364025802552
0.0,0.07527397523733942
1.0,0.9928190156372111
1.0,0.4099285974313436
1.0,0.6946779448796544
1.0,0.6595111281094869
0.0,0.4675975586124701
0.0,0.09803563259730617
0.0,0.5240970310757277
1.0,0.7709027132484619
1.0,0.9232176489968391
1.0,0.24987219047551473
1.0,0.8173885521241587
1.0,0.9623137935831819
1.0,0.8964432529406825
1.0,0.2938024684684063
0.0,0.2900121296794184
0.0,0.38487591065576365
0.0,0.29899710864418744
0.0,0.3965337623929569
1.0,0.5153064935566668
0.0,0.922964656165853
0.0,0.06363131159386383
0.0,0.357572860221035
1.0,0.847415544444232
1.0,0.922863859919375
0.0,0.3789583751832382
0.0,0.5303993867434101
0.0,0.9005610137387275
1.0,0.31385414582036714
0.0,0.0931012169606948
1.0,0.695599135188109
1.0,0.5664217740810058
0.0,0.18956221873457724
0.0,0.06061139027717272
0.0,0.5770126377917284
0.0,0.32330773142801655
1.0,0.5187964539041405
0.0,0.590417443098074
1.0,0.6591542205363901
0.0,0.18345845752317566
1.0,0.5305794710424623
0.0,0.2213561445661044
0.0,0.16078758959441236
0.0,0.1294257070024958
0.0,0.22112724934816053
0.0,0.5652274129836731
0.0,0.012741027518500333
1.0,0.40714787350063064
0.0,0.18016273146386566
0.0,0.4798150971740951
0.0,0.06808802335675218
0.0,0.6566713189658268
0.0,0.1544987764285719
0.0,0.12087146435976015
1.0,0.7185906067916301
0.0,0.3819786699792818
1.0,0.9268157260455137
0.0,0.17784314056485043
0.0,0.9237104498284971
0.0,0.419194069998792
0.0,0.15670710648933553
1.0,0.952601259695905
1.0,0.41566057909259574
1.0,0.6782041155585293
0.0,0.0802522806879115
1.0,0.9374853736490931
1.0,0.883476552848688
0.0,0.11917138422998126
0.0,0.11481360644308966
1.0,0.6583115634414407
0.0,0.09337318161744218
1.0,0.5767065737969458
1.0,0.6917601974507733
0.0,0.06825264314808319
0.0,0.40059477815293004
0.0,0.0884593024790029
0.0,0.40896546870216843
0.0,0.2157345045557225
1.0,0.671685955683813
0.0,0.16319874870167567
0.0,0.5881142155113677
0.0,0.7563763092032947
1.0,0.8947929937263273
1.0,0.5351576693314484
0.0,0.06447900511285433
1.0,0.359728581447094
0.0,0.47248831602468044
0.0,0.3379607370509697
1.0,0.6092478291239717
1.0,0.7789859565669919
1.0,0.8548017897404236
1.0,0.8856841720697008
1.0,0.8301774867002948
1.0,0.6209171589418295
0.0,0.5490465447811405
1.0,0.5164433847775138
0.0,0.6682526346451791
1.0,0.6968136833892079
0.0,0.6925254509824469
1.0,0.12190657162294373
0.0,0.22071891379624564
0.0,0.7724284578669925
1.0,0.9173365358826646
0.0,0.4921327953685474
1.0,0.5927286777535576
0.0,0.6414959681070248
1.0,0.9623912373419089
0.0,0.541898405621186
0.0,0.3548198513909646
1.0,0.6244304042587607
1.0,0.8989779536145137
0.0,0.1645986053798886
0.0,0.07337958797528447
1.0,0.5685146694661923
1.0,0.8245774094431175
0.0,0.8174914095644967
0.0,0.4700256708169896
0.0,0.2799591905548905
1.0,0.8536326783874643
1.0,0.9134185949526052
1.0,0.5797671245009702
1.0,0.47106726249022757
0.0,0.6237118921799532
1.0,0.8392106116157384
1.0,0.8567425604266369
1.0,0.6525514525215831
0.0,0.7932108160490501
1.0,0.5347694842211814
0.0,0.3486946881206992
1.0,0.2229056221861964
0.0,0.8318411849266135
1.0,0.45045783714315457
0.0,0.05911869099630088
1.0,0.6110665778002146
1.0,0.8428617357736515
1.0,0.3929981886039868
0.0,0.6650254130364979
0.0,0.09988802705228614
1.0,0.16396113457160594
0.0,0.3762249070516575
1.0,0.3217810389357148
0.0,0.29965129618036135
1.0,0.3004473516987081
0.0,0.33486287757032696
0.0,0.6349656622325074
0.0,0.1602460630317022
0.0,0.37961694472338003
0.0,0.352901349568674
0.0,0.07199296730376721
0.0,0.23753107250283267
0.0,0.512679668183624
1.0,0.5436515920140637
1.0,0.2658635640518774
1.0,0.28134219072494
0.0,0.14248161521219527
0.0,0.43105955990538725
1.0,0.9542391854645815
0.0,0.08500679428416084
1.0,0.919433448773297
1.0,0.8802603061517991
1.0,0.8172718270630311
0.0,0.07812460216348578
0.0,0.49454271504430414
0.0,0.8051081304828547
1.0,0.5547595466353353
1.0,0.9237644320038376
1.0,0.8101982494514719
1.0,0.8281519190690458
0.0,0.1021015394861983
1.0,0.5958851671276998
1.0,0.6740064180263133
1.0,0.8496311161340006
0.0,0.11401609432463765
1.0,0.3704756857821721
1.0,0.5592728907290683
0.0,0.12904247687365916
1.0,0.6866822113606174
0.0,0.21780782017409067
1.0,0.8311255748494549
0.0,0.7730805049659393
0.0,0.1801161916995134
0.0,0.5238278057915577
1.0,0.7823261580417431
0.0,0.7535497048322141
0.0,0.17815533187888033
0.0,0.16077320121037048
0.0,0.09829342929232013
1.0,0.5790680029433236
1.0,0.8412279169760131
1.0,0.8389855871148668
1.0,0.9352164498338031
0.0,0.8597987140922579
1.0,0.40733057005671364
0.0,0.3495905429903012
1.0,0.8086241858201428
0.0,0.2951463756073014
0.0,0.42130392253172044
0.0,0.6111614630028324
0.0,0.08265016217202224
1.0,0.2096670780290778
1.0,0.12966599858008493
0.0,0.22392154179888552
1.0,0.6782171034003186
1.0,0.819477071764387
0.0,0.9172125850873777
0.0,0.6429627600082166
0.0,0.9746727161596306
0.0,0.53332677807889
0.0,0.3683214451095459
0.0,0.13929961974495236
1.0,0.734001684755115
1.0,0.8688688110701
1.0,0.7708684617989141
0.0,0.5772207326634117
1.0,0.9497635033834252
0.0,0.8027996176547332
0.0,0.823411807777014
0.0,0.5094504729442013
0.0,0.19568615914218201
0.0,0.09656588043504966
1.0,0.7639664025000342
0.0,0.051908554103155695
0.0,0.5973706960790302
0.0,0.20982180490807997
0.0,0.21468610807600927
0.0,0.037141840540469435
0.0,0.5103784359721905
0.0,0.17851893517888665
0.0,0.0757352679841523
1.0,0.3650650722700874
1.0,0.8704183258435014
1.0,0.6461510028260622
1.0,0.12652757287674324
0.0,0.12997643714150764
1.0,0.9150763041033391
1.0,0.21195379455100616
1.0,0.8922728842645695
0.0,0.05221862015006716
0.0,0.47224057998324015
0.0,0.7968532843931112
1.0,0.3801440847684297
1.0,0.70059713895472
1.0,0.5609273015243039
0.0,0.5617245611817798
1.0,0.580708035826645
1.0,0.24766331513839973
0.0,0.6302990829365176
1.0,0.8935971109164782
0.0,0.29362805269771725
1.0,0.8041965678669762
1.0,0.7936092107291238
0.0,0.015097616085512501
0.0,0.0471770073809082
0.0,0.3440213832972435
1.0,0.8713473839386784
1.0,0.49997797393316173
0.0,0.38486619032839503
1.0,0.7885952736365731
0.0,0.10479850125562754
1.0,0.3958765905952181
0.0,0.38670318999927095
1.0,0.4961952944524397
0.0,0.09376278853537806
1.0,0.9172807359879886
1.0,0.7643468349705823
1.0,0.17707732661511957
0.0,0.19798021989738085
0.0,0.7730682492784838
1.0,0.05245493186791176
1.0,0.659245511491167
0.0,0.5205022879321478
0.0,0.10627107456928814
1.0,0.5698719155920899
0.0,0.14166757267491562
0.0,0.22881576667522088
0.0,0.39115057838103134
1.0,0.7375316264289496
0.0,0.40466943552308
1.0,0.9142953952049612
0.0,0.10657356832632017
0.0,0.21836210238303097
0.0,0.1558935894562715
0.0,0.2934885672876024
1.0,0.5500633747414461
1.0,0.9499582487944395
1.0,0.9283969879372983
0.0,0.09253791470392378
1.0,0.8209998951758489
1.0,0.3331232657130205
0.0,0.15463326850431772
0.0,0.048338866544815035
1.0,0.805021977819521
1.0,0.9018554030008586
0.0,0.3213991143326659
1.0,0.7377983304101198
1.0,0.640340692811207
0.0,0.14430054228269154
1.0,0.5494228760112997
1.0,0.6835189736293298
1.0,0.8525451391992943
1.0,0.5219549074124319
0.0,0.5815650340602964
0.0,0.2392779705444469
0.0,0.4680711062929847
1.0,0.8547303107766913
0.0,0.40295324369997615
0.0,0.24756691921263027
0.0,0.21659047427928466
0.0,0.05174855364001334
1.0,0.305785355680045
1.0,0.5733439620282363
0.0,0.17743597131229777
0.0,0.3760581554207702
0.0,0.7727539977014309
0.0,0.6279348820339992
1.0,0.8371784710095038
0.0,0.039033121852645423
1.0,0.5586633058679045
1.0,0.7944046004112194
0.0,0.3693769358115287
1.0,0.7949611382616307
1.0,0.9011088943906165
1.0,0.8155559217946216
0.0,0.028065523853283526
0.0,0.31877351705360035
1.0,0.6974893789517379
0.0,0.1429796661509236
0.0,0.16103085185812585
1.0,0.7679630651030782
1.0,0.5183371701466186
0.0,0.10694201845537936
0.0,0.4813727873044167
0.0,0.5729851228153627
0.0,0.052384540065168905
1.0,0.8063067938891231
0.0,0.29693254739897407
0.0,0.11052663074418285
1.0,0.6753722484007713
1.0,0.8939597245168796
1.0,0.5764814518830805
1.0,0.8471301672699191
1.0,0.5287346491542326
0.0,0.14436615400424893
1.0,0.8263669835369905
1.0,0.47614982489291413
1.0,0.8684987302344573
0.0,0.056600766051188474
1.0,0.3422715788496784
0.0,0.13244709832126483
1.0,0.8004586022958309
1.0,0.7756704181236383
0.0,0.11370760892853023
0.0,0.15550642134204987
1.0,0.7363862509499244
0.0,0.4748457318875616
1.0,0.7724808570774515
1.0,0.30178427863166596
1.0,0.36197368552241654
0.0,0.8457321600597255
0.0,0.04579094203225365
1.0,0.9438736313935933
1.0,0.21900694634967857
0.0,0.07421221089131728
0.0,0.2020438360668921
1.0,0.49826460811161527
1.0,0.6489216494340185
0.0,0.6738354998168087
1.0,0.694909780643855
0.0,0.1618113464397015
1.0,0.9447865613753669
1.0,0.482434578818727
0.0,0.312672911566964
1.0,0.7890991810430505
0.0,0.23016774807430565
0.0,0.4548410026591329
1.0,0.685676394797297
0.0,0.467066792044753
0.0,0.3520924501464938
1.0,0.3872961814678707
1.0,0.4929998724959295
0.0,0.43824928911315975
0.0,0.5509030180731168
1.0,0.7085454052728261
1.0,0.5277432760674938
0.0,0.3406769993943428
1.0,0.8285407420695114
1.0,0.8647311126510843
0.0,0.3964113803907788
1.0,0.5771634287076851
1.0,0.26418069927847077
1.0,0.7292621726499487
0.0,0.4889456965570809
1.0,0.4135475108925151
1.0,0.8150719428289702
1.0,0.9744113301086635
1.0,0.501602346044115
1.0,0.6485590721988214
1.0,0.9452060841636377
0.0,0.3151549663099158
1.0,0.5754705610789397
0.0,0.5951762693613258
1.0,0.8320862531255873
1.0,0.6064994943414513
0.0,0.04626649432521161
1.0,0.6970001358481823
0.0,0.32401599620291877
0.0,0.43575666253235995
0.0,0.11343583314767303
0.0,0.1336638136438289
0.0,0.3569912634449652
0.0,0.018142801967077127
1.0,0.726450308790064
1.0,0.8792642886939627
0.0,0.3551325983025825
0.0,0.23596711259173897
1.0,0.9677609310543056
1.0,0.5221741965784565
1.0,0.1566708870154105
1.0,0.9088925175086988
1.0,0.3306031388430308
1.0,0.524157845367942
1.0,0.5774138229122857
0.0,0.8431587276608793
1.0,0.3796609131868269
1.0,0.7141639005782398
1.0,0.49810692111513877
1.0,0.43539163859703156
0.0,0.06048215836142682
0.0,0.01470916988845315
1.0,0.5050970842047376
1.0,0.33276111524984564
0.0,0.6250900958536642
0.0,0.6331124811640342
1.0,0.8716525341922945
0.0,0.4802638447780156
1.0,0.5254211400551162
1.0,0.922002073519312
0.0,0.6365303919296246
1.0,0.942939617991782
0.0,0.39433375847186797
0.0,0.40503816590900293
1.0,0.6539461311485877
0.0,0.660613600128959
0.0,0.4418212873624311
1.0,0.7530583386229501
0.0,0.33715751584813564
1.0,0.6179546740689124
0.0,0.7958376834501448
1.0,0.5177570204964149
1.0,0.8093459068752439
0.0,0.623527314779896
1.0,0.6578002185748636
1.0,0.8805073031434698
1.0,0.8127358917128393
1.0,0.7707995403136126
1.0,0.4532810441850495
1.0,0.5570167404197757
0.0,0.6188915295365908
0.0,0.3177065693329806
0.0,0.15607233892174138
0.0,0.5776594942660495
1.0,0.9299285954843595
0.0,0.831463463247397
0.0,0.2651381033616426
0.0,0.15264471005210403
1.0,0.6835463386801968
1.0,0.6287750979035335
0.0,0.6662579658473606
0.0,0.03723816120053247
0.0,0.05217494607639673
0.0,0.11355587507653232
0.0,0.062347230213655
1.0,0.562495066420236
1.0,0.3971046389378041
0.0,0.5927053696396402
1.0,0.8882513644851849
1.0,0.7762200661682912
0.0,0.06089637894498518
1.0,0.4669517838925169
1.0,0.52070868437516
0.0,0.2823611873140106
0.0,0.2002645276604615
0.0,0.3096446381817751
0.0,0.08816762143585685
1.0,0.8031931825812494
0.0,0.8469059606450441
1.0,0.34243710027784785
0.0,0.09438298038638868
1.0,0.9339196421800485
0.0,0.19258300136879564
1.0,0.7430705275652741
0.0,0.27534784865853984
1.0,0.7050759055086948
1.0,0.6512949836609873
1.0,0.40002043092729056
1.0,0.7139910483962454
1.0,0.9381562551280788
0.0,0.17468255561625237
0.0,0.3007027198020159
1.0,0.46498092401924146
1.0,0.14229775270171924
1.0,0.1747616181886799
1.0,0.745307650029941
1.0,0.5254394214844489
1.0,0.34030428002574664
1.0,0.9389968273563739
1.0,0.3072679910922748
0.0,0.39952541568371835
0.0,0.5699186070348922
0.0,0.6317073859336239
1.0,0.39230436952339176
0.0,0.2617799439292385
1.0,0.9641494117751012
1.0,0.8087685988887025
0.0,0.6104127941757391
1.0,0.6333518978960087
0.0,0.1859014784722734
1.0,0.5831921092566494
1.0,0.8657298837647938
1.0,0.15484959437227747
0.0,0.24419276502642936
1.0,0.8831367744710991
1.0,0.32173278223395035
0.0,0.26104830244583405
1.0,0.8023013819344299
1.0,0.7063118720584592
0.0,0.11015319147314544
1.0,0.8572530701708183
0.0,0.16049081016191524
1.0,0.5763503477744962
0.0,0.5789359969706811
0.0,0.37255707996164605
1.0,0.6747407565752661
1.0,0.9456778066773823
1.0,0.4639918844130719
0.0,0.1138647354353146
1.0,0.9651404616270559
1.0,0.5702384028144887
0.0,0.10287348356478816
1.0,0.641385019725786
0.0,0.2180998607023562
0.0,0.42331340277568097
0.0,0.5694492000836908
1.0,0.9522262878304238
1.0,0.31702782093699233
1.0,0.4359125474558883
0.0,0.6674263651742597
1.0,0.5142001795462257
0.0,0.29024336463004313
0.0,0.07387826782594016
0.0,0.9410685096403986
0.0,0.5782463700240954
0.0,0.08092820862119098
0.0,0.5599462290112849
1.0,0.16949135180984023
0.0,0.05924870039042626
1.0,0.6524737457671465
0.0,0.929099873938227
1.0,0.2575989722855754
1.0,0.09278895642000536
1.0,0.351566995902806
0.0,0.25726706554180795
1.0,0.5576184581790187
0.0,0.4155609277424241
0.0,0.4125372584477637
0.0,0.22902796438445272
1.0,0.4314678504442964
0.0,0.24433331319757728
0.0,0.7193274357625196
0.0,0.3322757054662601
1.0,0.6648467753993905
1.0,0.8831570165434087
0.0,0.2704306470259103
0.0,0.7119283421320762
0.0,0.0876322698731647
0.0,0.2829719611008077
0.0,0.4497225592473237
0.0,0.022611623941768414
1.0,0.9349626210408324
1.0,0.49632035055671914
1.0,0.7362098603337682
0.0,0.7443680802213409
0.0,0.5263630917141798
0.0,0.038326670569890704
0.0,0.802198151527274
0.0,0.3597271364365831
0.0,0.6640207933007641
1.0,0.9096499625338665
1.0,0.8911506517828411
1.0,0.4159423624060318
1.0,0.5588478680161695
0.0,0.13318855996006113
0.0,0.40493745532549336
1.0,0.38671467879634464
1.0,0.2709849352118087
1.0,0.6623948025946121
0.0,0.0867200833858417
0.0,0.5796625838239533
0.0,0.055946709537791635
1.0,0.8535912482037126
1.0,0.3825995745769709
0.0,0.375451686742474
0.0,0.09602804417371143
1.0,0.5079213494318954
0.0,0.3696857418819503
0.0,0.2797358761236476
0.0,0.9044610233409132
1.0,0.38654866130164595
1.0,0.7244269606550676
1.0,0.45592777000050083
0.0,0.03600060482439444
1.0,0.6412522709115801
1.0,0.6423699430913558
1.0,0.5752305140883943
0.0,0.0747024237926691
1.0,0.6879565054204125
0.0,0.9545077515074908
0.0,0.31630385959039525
1.0,0.35810130185785644
1.0,0.24963669295699328
1.0,0.49380082668028646
1.0,0.580689635027299
0.0,0.11670282976428138
1.0,0.5253980878800408
0.0,0.694141559213222
0.0,0.4372783370955266
1.0,0.5260936418567085
1.0,0.7438053311390836
0.0,0.21880392819385175
0.0,0.20377428971797676
0.0,0.40326909618444867
1.0,0.4724391458605997
0.0,0.7195939771329625
0.0,0.2574433491824548
0.0,0.7040094386154934
1.0,0.3820110853208462
1.0,0.6813812585303305
0.0,0.02990291790835932
0.0,0.4481974860669019
1.0,0.8825619522828028
0.0,0.4910361396279881
0.0,0.10573250754772093
1.0,0.6212692336746864
0.0,0.5080248748021872
1.0,0.8990915931389002
0.0,0.6486693691246388
0.0,0.7497059807797704
0.0,0.02949246882508616
0.0,0.14709855451012394
0.0,0.0994670121970533
1.0,0.734088726779416
0.0,0.2387762651827182
1.0,0.6664184323274798
1.0,0.5663219912439077
1.0,0.6580420695559615
1.0,0.42826236342055035
1.0,0.6008380648628209
0.0,0.10874865437665138
1.0,0.9372489160848302
1.0,0.39287810223379643
1.0,0.6973965264030778
1.0,0.7970690672466793
0.0,0.18322321068583192
1.0,0.8562769970465536
1.0,0.5470559691739352
0.0,0.1219090419764488
0.0,0.18744717264727107
0.0,0.12471594915923542
0.0,0.5944200338245732
1.0,0.8907155118982398
0.0,0.6995982937775035
0.0,0.597346260358921
0.0,0.11876012972919212
0.0,0.10339911081906816
1.0,0.8929232712669413
1.0,0.8414064505932485
0.0,0.0647241958895692
0.0,0.3217211776656754
1.0,0.957057983683291
1.0,0.8928407426758356
0.0,0.27636024220739286
1.0,0.7180440189147922
0.0,0.20444350549297813
1.0,0.7543158044391378
1.0,0.6380141363805095
0.0,0.447665440559761
1.0,0.9101926376328615
1.0,0.8119613124447826
0.0,0.21039913367549473
1.0,0.9313540322824325
1.0,0.857473625721455
0.0,0.6981660786701085
1.0,0.9384044335233375
0.0,0.2885958618776789
1.0,0.4394055152502279
0.0,0.9586374523240567
1.0,0.5553767215773747
1.0,0.47389926513337743
1.0,0.3950412595894499
0.0,0.6197638717887608
1.0,0.5665182087353844
0.0,0.057628649132438065
0.0,0.688735017613419
0.0,0.20980772144191653
0.0,0.06365912430589059
1.0,0.5301141379316148
0.0,0.15389752069721876
0.0,0.5140407353521117
0.0,0.7383455529494736
0.0,0.7285832371640939
0.0,0.6193837039560571
1.0,0.7909348145874339
0.0,0.9288373333241172
0.0,0.6091749416837926
0.0,0.352536921412546
0.0,0.06894089257296898
0.0,0.10512427436848866
1.0,0.8199781837798652
1.0,0.8529375354870671
1.0,0.7270653622303859
0.0,0.47328691032129105
0.0,0.2885311206176447
0.0,0.2517911789365992
0.0,0.07226969365498952
0.0,0.565647165105749
1.0,0.657383171832585
1.0,0.7428915466509568
0.0,0.33917916704868867
0.0,0.06409593554380881
0.0,0.5094086264027006
0.0,0.373391142830716
0.0,0.16120735329611216
0.0,0.03460748495911726
0.0,0.2236830399303535
1.0,0.5503481880689474
0.0,0.17691847933992746
0.0,0.21473879039459826
0.0,0.16739252338439517
1.0,0.9348502125250937
1.0,0.6397016304098408
1.0,0.4670601495915044
1.0,0.7429095097764172
0.0,0.6683112267838546
0.0,0.09220715944116437
1.0,0.9060100579129968
1.0,0.7593856341613994
1.0,0.8793557538423059
0.0,0.1977844866790655
0.0,0.6999494666285296
0.0,0.040403961841695334
0.0,0.9380591244549207
0.0,0.23548740398292756
0.0,0.26173052354897447
1.0,0.7033386034942151
0.0,0.2584160371098036
1.0,0.9071725586138247
1.0,0.7236388223225283
1.0,0.6949531514045069
1.0,0.9025940045021591
1.0,0.6019802996139372
0.0,0.5846807626526448
1.0,0.5415210002819429
1.0,0.6600672325269229
0.0,0.43999301344600217
0.0,0.39278408445080465
1.0,0.4920663303944656
1.0,0.9001929985742446
1.0,0.8840351809377441
0.0,0.19484369163821574
0.0,0.04003001534718087
0.0,0.12632833943153274
0.0,0.6169995856141003
1.0,0.5183211297369982
0.0,0.26698860902792565
0.0,0.020906246205686475
1.0,0.754491150960131
0.0,0.42047916600344576
0.0,0.05538289151449496
1.0,0.6076370664550217
0.0,0.7707652980378327
0.0,0.5521559824872578
0.0,0.5283439746647963
1.0,0.9213801997625091
1.0,0.8535667123340701
1.0,0.857376180137156
0.0,0.13890340140597124
0.0,0.44782905193041017
1.0,0.5046069327885421
1.0,0.8126555257075038
1.0,0.26246195777383696
0.0,0.1167778453927661
1.0,0.787518089027213
0.0,0.13608728198948591
1.0,0.9974111832765307
0.0,0.046286900210847526
0.0,0.2310106155873389
0.0,0.8427921662665815
1.0,0.7118087352683165
1.0,0.5443142413863535
1.0,0.7590320535188677
1.0,0.31369139622529796
1.0,0.575351698558294
0.0,0.043442295854631045
1.0,0.7299590559463695
0.0,0.5270326027240759
0.0,0.09856330767850167
0.0,0.22070311779528984
1.0,0.38038201776203323
1.0,0.7605684765290728
0.0,0.29633553021306047
0.0,0.08386606065240276
0.0,0.8667119907698172
1.0,0.8250094899925992
1.0,0.4980531066434178
0.0,0.5808346355649087
0.0,0.07069713862651683
0.0,0.15961576925654825
0.0,0.20944617014465056
1.0,0.6263765876337553
1.0,0.9592310578081898
0.0,0.7656075858601392
1.0,0.8854502158113853
0.0,0.4382639247620618
0.0,0.3947710129170988
1.0,0.7052638312203613
0.0,0.3731961791114716
0.0,0.18745749287472738
1.0,0.861449043839819
1.0,0.840938869904879
1.0,0.5345550656424968
1.0,0.6750687470572027
1.0,0.7837138839431821
0.0,0.18317154111328637
1.0,0.5966333600491227
1.0,0.8211370426703105
0.0,0.5038874927791217
0.0,0.17464577204382345
0.0,0.231192711444044
0.0,0.06786291724841369
0.0,0.03363319138857219
0.0,0.24490690450626484
1.0,0.16026576972855122
0.0,0.6659926299529055
1.0,0.7693953086604396
0.0,0.5050716080164043
1.0,0.533951692427199
0.0,0.14966390978233088
0.0,0.6757320807604954
1.0,0.4067548551222993
0.0,0.6749688674551999
1.0,0.7931607219371735
0.0,0.5764344550122092
0.0,0.07527397523733942
1.0,0.5724131811131249
1.0,0.4843379895607992
0.0,0.2937116216687646
1.0,0.8486108860394249
1.0,0.9871020288652325
0.0,0.3128520565906993
0.0,0.15946380241138244
1.0,0.8504020292240662
1.0,0.19598088924118004
0.0,0.09522382437928131
0.0,0.06694032156078167
1.0,0.5871621812141575
0.0,0.16414048747330673
1.0,0.5555661958041896
0.0,0.4553235528553546
0.0,0.14506263216508902
1.0,0.6653613922707521
1.0,0.7078240880452337
1.0,0.7075093396644894
0.0,0.05536992351141444
0.0,0.11426899593617879
0.0,0.38418481410073585
1.0,0.18986089364558106
1.0,0.9238457583665228
0.0,0.33361708799644146
0.0,0.12278185206719103
1.0,0.8164379139819617
1.0,0.7962596442456279
0.0,0.743982801991084
0.0,0.7741458125063838
0.0,0.2715171881346588
0.0,0.16999561977182712
0.0,0.027754763619386467
0.0,0.17450019464446767
0.0,0.16124891131499833
0.0,0.3950096098013851
0.0,0.35629277600412473
1.0,0.5934417771008067
1.0,0.572398752008957
1.0,0.44268856355405917
0.0,0.9060458730254748
1.0,0.6181848612734836
0.0,0.39076708736708066
1.0,0.8670575269059464
0.0,0.25844491632313266
0.0,0.19376520280957313
0.0,0.5674063806999138
0.0,0.25979863446823476
0.0,0.556607712079867
1.0,0.4800325404116058
1.0,0.6358066890014367
1.0,0.7813395896271492
0.0,0.889059648880864
1.0,0.815693723690335
1.0,0.6532243236636314
0.0,0.7299256871502537
0.0,0.6225922698857337
1.0,0.8734153646107187
0.0,0.6280896835179223
0.0,0.1981820038174991
0.0,0.6598364805926992
1.0,0.5040942426226448
0.0,0.8884115476101871
0.0,0.3172154958583976
1.0,0.7924104848747974
0.0,0.07716067921683412
0.0,0.8338713053957544
1.0,0.7249341251048556
1.0,0.3667035921448036
0.0,0.048298203956089504
0.0,0.736808436179268
0.0,0.5350692564137388
1.0,0.5196234184538804
0.0,0.05794302444811128
1.0,0.7696838575164733
0.0,0.09412424020521594
0.0,0.6096831321569502
1.0,0.8613635843661864
0.0,0.24383557910874598
0.0,0.09486490318863032
1.0,0.5270397289170484
1.0,0.5633270164722667
0.0,0.7431204677031129
1.0,0.7342762336670202
1.0,0.8212216817751805
0.0,0.7741774415812905
1.0,0.7034850379794436
0.0,0.18486169387276588
0.0,0.5460260522856227
1.0,0.8509471001132284
1.0,0.7683196954490908
0.0,0.2301055881655139
1.0,0.7689243008391218
0.0,0.7342483863594235
0.0,0.09158008234629782
0.0,0.1447090552957579
1.0,0.4086234581495296
0.0,0.6677400986402524
1.0,0.7644357423157244
0.0,0.27700979935093456
1.0,0.6654328870637317
0.0,0.09712933418396875
1.0,0.5568317314996936
0.0,0.47623776944775775
0.0,0.24279127899134806
0.0,0.3532470841896763
0.0,0.009990464684268329
0.0,0.8390197205326814
1.0,0.9224169370242608
0.0,0.5909062086885257
0.0,0.6153921999901387
1.0,0.534882582603256
1.0,0.6504492865768029
0.0,0.6724114264050552
1.0,0.4301519887118796
0.0,0.4289174943753394
0.0,0.0616734562584394
0.0,0.28641746281572245
0.0,0.267778825028497
0.0,0.14100223538233125
1.0,0.43513701236752633
1.0,0.6059426958936801
1.0,0.8730218750854428
0.0,0.010698218119561186
0.0,0.4911765038541944
0.0,0.30785197001787773
1.0,0.8309989093268133
0.0,0.17564783354391947
1.0,0.6762576062603137
1.0,0.8925756592158123
1.0,0.835907684044275
1.0,0.7777639531908648
0.0,0.39208653375525454
0.0,0.3824096168016804
0.0,0.7246378731219316
0.0,0.2545663155332024
1.0,0.5542049518787104
1.0,0.8472862792109368
0.0,0.015469340323154281
1.0,0.8594121991432425
1.0,0.16609178666425342
0.0,0.049494309287585816
1.0,0.7659328409270486
0.0,0.09133316600373718
1.0,0.7382397030745362
0.0,0.16922393920689852
0.0,0.6638137049742554
1.0,0.9500313939832649
1.0,0.7805852036663551
1.0,0.8539586422209922
1.0,0.3647829210091322
0.0,0.5828552148471081
0.0,0.14264105148031392
0.0,0.509946836639887
0.0,0.7712438654534125
1.0,0.8324296198751087
1.0,0.1976784337236252
0.0,0.6569236045183828
1.0,0.4483712271972567
0.0,0.04268239051117994
0.0,0.08380770198910346
0.0,0.3848046826399121
0.0,0.28808376120154405
0.0,0.48564892256882347
0.0,0.24839746832515194
1.0,0.7939781181900312
0.0,0.1232248372194105
1.0,0.89213273606563
0.0,0.034240646841160065
0.0,0.2917848300049985
0.0,0.1804690572231002
0.0,0.4635663575307485
0.0,0.19643709775730955
0.0,0.1043105030859201
1.0,0.8582165329384926
1.0,0.7849191409398951
1.0,0.881918951194908
0.0,0.24360233394830627
0.0,0.22430060800516435
1.0,0.8928690089095563
0.0,0.05429458127249141
0.0,0.5766153027575823
0.0,0.10689737724076812
0.0,0.17972073870451746
1.0,0.7759254598511088
1.0,0.17202282495534926
0.0,0.7802702860839086
0.0,0.09355350164171625
0.0,0.4773951357187917
1.0,0.33415354580600604
1.0,0.9757449634642916
1.0,0.8701764515002446
0.0,0.45712170601968716
1.0,0.7057708038270555
0.0,0.05047586363722093
0.0,0.07855778872507195
0.0,0.7678350486581151
0.0,0.06885411295409426
0.0,0.1752561801593057
0.0,0.5857071274627299
0.0,0.3020029008958674
0.0,0.10736232246340013
1.0,0.6440740569449612
0.0,0.3970033590534091
0.0,0.7122345025777688
1.0,0.925667980359821
1.0,0.3113562026181541
0.0,0.5707493413619497
0.0,0.6764168483132648
0.0,0.03197656777721667
1.0,0.7919455965743644
0.0,0.1173423949678006
1.0,0.7075292090831296
0.0,0.03214205834817204
1.0,0.5822264125593472
0.0,0.054126384298622
1.0,0.7312636874171945
1.0,0.6129843504788227
1.0,0.8734492659767941
0.0,0.9059704439058868
0.0,0.3581369373520118
0.0,0.44592775103373844
1.0,0.6784531572139392
1.0,0.9389614217080257
0.0,0.6904147812300885
1.0,0.744617025921285
1.0,0.8774238870409028
0.0,0.17397375404275262
1.0,0.6192632246884509
1.0,0.8168678038088016
0.0,0.17271098647015973
0.0,0.6303257576994918
0.0,0.5332688031957201
0.0,0.17166795291022902
0.0,0.8256700082277717
1.0,0.582904697265063
1.0,0.730819561997274
0.0,0.03676976261881316
1.0,0.8255392072025228
1.0,0.409496522339015
0.0,0.4374488601334427
1.0,0.34156657338736796
1.0,0.16030605763351174
0.0,0.24464601415000944
1.0,0.9508334445677397
1.0,0.1841853358977506
1.0,0.6727344957049263
1.0,0.8137280776828127
0.0,0.7005149856616683
1.0,0.9274168349626014
0.0,0.236542431043072
1.0,0.500740408850342
0.0,0.07181786836627999
1.0,0.9074036193222302
1.0,0.8948722834057656
1.0,0.9273529239563157
0.0,0.21410033736857326
0.0,0.4787723200646067
0.0,0.856763045230339
1.0,0.4162703267358171
0.0,0.6303682889886733
1.0,0.9240342773372143
1.0,0.7198732292582894
1.0,0.6572638692464571
0.0,0.0833237394814284
0.0,0.6229729836860922
1.0,0.7549416677749982
0.0,0.5616380266446247
0.0,0.07760625960897968
1.0,0.8551000093286425
1.0,0.8041969578609148
1.0,0.785639485322789
1.0,0.811805487762729
0.0,0.2477009829163692
1.0,0.39920386210448483
0.0,0.398931136671368
0.0,0.8242997482325014
1.0,0.9297587525306565
0.0,0.6878550955484896
0.0,0.04123825922931322
0.0,0.08925180336311848
0.0,0.08006964898514979
0.0,0.6145015122882276
0.0,0.028681989704567472
0.0,0.055840086835627585
1.0,0.659920810611987
0.0,0.1695070375592301
1.0,0.29693795766672143
0.0,0.41566250212719846
0.0,0.6867336817359588
0.0,0.6396046758300794
1.0,0.6906300917460457
0.0,0.06444538382422638
1.0,0.8060521912075119
1.0,0.9455770054467366
1.0,0.6408593907784863
1.0,0.5211163422559826
1.0,0.28668969116575094
0.0,0.21104213551277784
1.0,0.5550516294128077
1.0,0.3302125496051699
1.0,0.31845402758076263
1.0,0.4188453783765061
0.0,0.06589013685670371
1.0,0.7240942035782424
1.0,0.8341340167112042
1.0,0.7446915905075263
0.0,0.09384239084654211
0.0,0.06342561238093274
0.0,0.35218779651700194
1.0,0.936730224412024
1.0,0.6059635730264845
0.0,0.28838971801828694
0.0,0.40218439390635485
1.0,0.8257022761162063
1.0,0.6870223179855262
0.0,0.8339146311376966
1.0,0.219138339170844
0.0,0.4133712599942289
0.0,0.3442059194192046
1.0,0.4588921861045458
0.0,0.8314418966484023
0.0,0.26742482571839254
0.0,0.06962228367634517
1.0,0.36443355695163754
0.0,0.26125780819525407
1.0,0.6112560773720004
0.0,0.4921958508221921
1.0,0.944543731372935
0.0,0.5618111552711768
0.0,0.18450786516207787
0.0,0.29638682603731903
0.0,0.2833859224502632
0.0,0.08500753957245662
0.0,0.10664640066235348
1.0,0.46191506996057413
0.0,0.7838544204304416
0.0,0.11075743564424081
0.0,0.4815572544688796
0.0,0.8991283515324278
1.0,0.4232692308304869
0.0,0.7747637171537634
1.0,0.4838152224183121
1.0,0.37181472783474906
0.0,0.1745706831870741
1.0,0.7283911748055814
1.0,0.7150154327553385
0.0,0.6202880734642274
0.0,0.20616791793197287
0.0,0.6549666138505016
0.0,0.33447375028877074
0.0,0.16016290752826245
0.0,0.06450376258686794
0.0,0.11167326209429128
1.0,0.2425734593333107
0.0,0.7171651802472675
0.0,0.7301005795200957
1.0,0.9829786429656494
0.0,0.5621004195772151
0.0,0.848675284684472
0.0,0.8375561103269747
1.0,0.8262828724533862
1.0,0.6703223682160641
0.0,0.4603597179796804
0.0,0.7306932184310337
1.0,0.6421467898786892
0.0,0.7226381702190587
1.0,0.8571450849658737
0.0,0.36364354115131686
0.0,0.08664010354588392
1.0,0.7969028489795826
1.0,0.9169942804610528
0.0,0.6154273556605411
0.0,0.17378266257635272
0.0,0.2527397470969387
0.0,0.7337570479959944
1.0,0.7188459395508923
1.0,0.8080142148365987
0.0,0.5014411524168346
1.0,0.5113455509751106
1.0,0.7204187901005187
1.0,0.3850334519927218
0.0,0.2344003772276333
1.0,0.9378815710470718
1.0,0.9540607891719511
0.0,0.11499506877021208
1.0,0.6819183789301119
1.0,0.7546446255188822
1.0,0.5218797417297264
1.0,0.6604013678964593
0.0,0.14745833867978214
0.0,0.36236881972970514
0.0,0.5889459328703828
1.0,0.4322443479661732
0.0,0.44961240985422024
1.0,0.9361454387389126
0.0,0.9057943739723343
1.0,0.5273494250464356
0.0,0.37395955454269436
1.0,0.8456668605311126
0.0,0.793733036322492
1.0,0.6542945349455248
1.0,0.8835561460153437
1.0,0.6157465120512303
0.0,0.3145735050753796
1.0,0.8491462760238784
1.0,0.8171457085614204
1.0,0.7960830737375355
1.0,0.3844311675168411
1.0,0.9064621887547755
1.0,0.8581486547675963
1.0,0.5833572671212427
0.0,0.3923027288414856
1.0,0.6753722484007713
1.0,0.5852189501543441
1.0,0.7696209247967843
1.0,0.766796458614808
1.0,0.9395278249399356
0.0,0.18426026470063642
0.0,0.08951560114168712
1.0,0.7118268882142815
0.0,0.19859151762131091
0.0,0.4076796072708786
1.0,0.8010508430850972
0.0,0.17872603386537853
0.0,0.6631421644494332
1.0,0.7594886876024013
1.0,0.8315780925940506
1.0,0.7521643064608934
0.0,0.45897716878339834
0.0,0.37178252472643475
1.0,0.6267475019062798
0.0,0.46853427187621294
0.0,0.791187809268165
0.0,0.5705866985887375
0.0,0.1815632720516702
0.0,0.11432912233630128
0.0,0.6410848776167223
0.0,0.03569827223182679
0.0,0.19288842221552482
0.0,0.2824015241787818
0.0,0.03438138053931716
0.0,0.05555951984174198
0.0,0.03474437621052353
1.0,0.5535478923694833
1.0,0.7826634979858934
0.0,0.6669605959114675
0.0,0.3418486106845479
0.0,0.6298964370845755
1.0,0.7027678316849186
0.0,0.07607173190090444
0.0,0.2735247197367061
1.0,0.8793084281856614
0.0,0.5093966441117066
1.0,0.8097796248250866
1.0,0.34936625038580554
0.0,0.2345059684913369
0.0,0.1995074911249902
1.0,0.7192960246078446
1.0,0.6050260061711203
1.0,0.7587397049633321
1.0,0.9267627529923566
1.0,0.19199763355010344
1.0,0.7658783970957868
1.0,0.48941897410803553
1.0,0.6191727466407234
1.0,0.8592250638666505
0.0,0.3037388971530366
0.0,0.4438144201395312
0.0,0.47803260700467143
1.0,0.46744166201150167
0.0,0.7922881547543097
0.0,0.08142157963068807
1.0,0.65180749735726
0.0,0.11758021695893081
0.0,0.07824229748074304
1.0,0.5758601307745149
0.0,0.8010648392121671
0.0,0.46192718508387126
1.0,0.2769201178964961
0.0,0.15364873061103174
1.0,0.7383801480856662
1.0,0.41519044802600935
1.0,0.38101004261878224
1.0,0.6072502575915958
0.0,0.05978448178012369
0.0,0.4843017163959788
1.0,0.2496257888970777
0.0,0.09674728660305712
0.0,0.3550698573844273
0.0,0.06471616141619842
0.0,0.3359435848858187
0.0,0.8068791409173725
1.0,0.9374705230302927
1.0,0.5528008576801581
0.0,0.6463974468368344
1.0,0.555697390538026
1.0,0.8874433149780437
0.0,0.16344151476653007
1.0,0.5978158358070533
0.0,0.037002097593345794
1.0,0.4671714410315238
0.0,0.11828681961565418
1.0,0.8616130932767339
1.0,0.7247751212608065
1.0,0.6771532815570404
0.0,0.14260365782364942
1.0,0.854661638009434
0.0,0.8697053090869522
0.0,0.612902553604392
1.0,0.84382257445652
1.0,0.5952661924867766
1.0,0.7129409922216028
0.0,0.034652650269305973
0.0,0.6125733207464712
0.0,0.1633294923835433
0.0,0.1235717295642197
1.0,0.36103011899175896
1.0,0.9308357388963976
1.0,0.7614156991639509
0.0,0.28918137160843205
0.0,0.06122748481139764
0.0,0.9211329332171827
0.0,0.2574917037387511
0.0,0.19925077774176114
0.0,0.27786819271898083
0.0,0.16143110044909229
0.0,0.35233533568750725
0.0,0.5583405836642205
1.0,0.5983399677687187
0.0,0.4785514278282065
0.0,0.799226282618386
1.0,0.38940237535473027
1.0,0.6190163625940907
0.0,0.03924248787861134
1.0,0.8191570104042002
1.0,0.6867942250880119
0.0,0.7648043975912104
0.0,0.07659385097885958
1.0,0.6173056475216557
1.0,0.8701007326554329
1.0,0.6306575309789114
0.0,0.7544246088598976
0.0,0.5726156498016005
1.0,0.8709108846896538
1.0,0.7577592707913439
0.0,0.39455500887954426
0.0,0.1722954119217707
1.0,0.6783054647479645
0.0,0.3724218575890053
0.0,0.052067537070799294
1.0,0.8931204253112038
0.0,0.04472388356868713
1.0,0.49438881262814927
0.0,0.2067562154094656
1.0,0.3706235261917411
1.0,0.8603622503111995
1.0,0.9063149093828111
1.0,0.8311313779947733
1.0,0.5465026207830167
0.0,0.048616425044966674
0.0,0.048442986826462114
1.0,0.3383215126923541
0.0,0.2244150174183335
1.0,0.36344112851867233
1.0,0.569286208344978
1.0,0.8654265471051853
0.0,0.1078569010548009
0.0,0.38641406821170216
0.0,0.247797994087004
0.0,0.039703718212787134
0.0,0.11170426789507572
1.0,0.7462452192827032
1.0,0.6247059796040414
1.0,0.36299365909241044
0.0,0.34127751640911147
0.0,0.5025289254596776
0.0,0.16519802592000538
0.0,0.10365647999169134
0.0,0.1889144822572751
0.0,0.4562344519263974
0.0,0.04974311895343984
0.0,0.506408524095895
1.0,0.6307044255108684
1.0,0.6459558924199971
0.0,0.05926580020720172
1.0,0.43810575704869514
1.0,0.6887128815704362
1.0,0.7998249236503846
1.0,0.857666475733092
1.0,0.48380987836707934
1.0,0.2906954439440222
0.0,0.25183637860468894
0.0,0.06202620277740973
1.0,0.7838198736256684
1.0,0.728068664357679
0.0,0.12391319844144257
1.0,0.4675896204888202
0.0,0.05674125044283707
0.0,0.08107222158546773
1.0,0.9023927601930082
1.0,0.4590997645509238
0.0,0.291184431519186
0.0,0.29611607735696466
0.0,0.7144070203662272
1.0,0.13094070319374398
0.0,0.03634161555005662
1.0,0.9068394545106825
0.0,0.5615047069510053
1.0,0.782205053154514
0.0,0.8965970072403529
1.0,0.7534571032923056
1.0,0.9362353142395831
0.0,0.39127724905918976
0.0,0.25743537683275125
1.0,0.8902485949788926
1.0,0.3946497802250719
1.0,0.5812357721721858
0.0,0.3126068162441695
0.0,0.11113553769524552
1.0,0.37955635159851686
1.0,0.8967468468871451
0.0,0.42645808705424065
0.0,0.34398853659834766
1.0,0.8270979792326862
1.0,0.7777803416789009
0.0,0.1883280215056662
1.0,0.5006355558026954
1.0,0.4015471840097982
0.0,0.10695329846791674
1.0,0.7841077973166146
0.0,0.038803576597368356
1.0,0.9207877609484709
1.0,0.7093310210194838
1.0,0.41874079417439103
0.0,0.16528074501359918
1.0,0.42666720441174827
0.0,0.5354518461246338
1.0,0.4378173505326497
1.0,0.7332916839491569
1.0,0.22853772758907911
0.0,0.3551240233570702
0.0,0.8337438761324345
1.0,0.49417259391448876
0.0,0.6120926165569857
0.0,0.39365444970923524
0.0,0.3348487230313494
0.0,0.02016904375162234
1.0,0.8622889717460985
1.0,0.870450908117583
0.0,0.7603757338923193
0.0,0.45301580235302014
0.0,0.3308137436719337
0.0,0.08129016975150306
0.0,0.9444942344745308
0.0,0.1828517953725973
0.0,0.08532193446438914
1.0,0.899646941103908
1.0,0.7991766832599257
1.0,0.8234118185342598
0.0,0.23474709265974297
0.0,0.10123628284860547
0.0,0.43191705050486495
0.0,0.6684244372930863
0.0,0.13358801963695494
1.0,0.44510692901621207
1.0,0.7128595539315588
1.0,0.7525457815960688
1.0,0.6149987832763598
1.0,0.8387418678957776
0.0,0.7189353373561349
0.0,0.19971387474583108
1.0,0.6404236492033769
0.0,0.6286310142061395
0.0,0.28011604491490294
0.0,0.6416215315055751
0.0,0.549702763409376
0.0,0.48973278282869925
0.0,0.4007719954554358
1.0,0.32852148698570344
0.0,0.846312417201724
1.0,0.7821512060471355
0.0,0.20801247493148545
1.0,0.9101901153732188
0.0,0.9337108914985912
0.0,0.32352079629847846
0.0,0.13978499781967244
0.0,0.8945348927529954
0.0,0.25318032912957816
0.0,0.8610025475476386
1.0,0.36209270755756223
0.0,0.36657212253470234
0.0,0.32748795965695304
0.0,0.44422389443483473
0.0,0.2813668125406716
1.0,0.7356431465447046
0.0,0.8578267270594813
0.0,0.3626170634792497
1.0,0.7176218067948515
1.0,0.6315373697509968
0.0,0.2796446598540931
0.0,0.37418286005979035
1.0,0.63081943529572
1.0,0.8912924885220523
0.0,0.03592298558268866
1.0,0.40473649795616223
1.0,0.4303664470360912
0.0,0.08697496364057562
1.0,0.38428098521777215
1.0,0.40299188835357136
1.0,0.6255174385846403
1.0,0.5004052546843781
0.0,0.4314235340188064
1.0,0.7780860138724592
1.0,0.7201764826534528
1.0,0.3920460756597114
0.0,0.05886775761947561
1.0,0.7668523562602546
0.0,0.48253940735774253
1.0,0.911385080351488
0.0,0.6376768742901225
1.0,0.7884293607839283
1.0,0.49967722448693364
1.0,0.5623725017943318
1.0,0.1495249065015313
1.0,0.9260199809791723
0.0,0.3573532777268441
0.0,0.5242840520044303
0.0,0.5728011799989295
1.0,0.7013924512489094
1.0,0.6511460151410189
0.0,0.83858051766125
0.0,0.08927434497278043
0.0,0.011903443405940992
0.0,0.3433848979764081
1.0,0.731144895073457
0.0,0.05474558943768256
0.0,0.10125358451470037
0.0,0.2479944920513823
0.0,0.395585069457712
0.0,0.18832142794592083
1.0,0.8077029684301335
0.0,0.32660736920533434
0.0,0.05483739082084137
1.0,0.3716888594423317
0.0,0.23527543166100956
0.0,0.03810151383959163
0.0,0.16231866227992503
0.0,0.47753376214292687
1.0,0.7922552806977405
0.0,0.1235796642456694
1.0,0.9073706285957133
0.0,0.33521499100900054
0.0,0.084426675573075
1.0,0.8599263804929184
0.0,0.8586762879206294
1.0,0.7170573958722752
0.0,0.3636652349433084
1.0,0.8974725047468509
1.0,0.837371509191219
1.0,0.5545615229862231
0.0,0.1983271670578911
1.0,0.8994813130009082
1.0,0.779112092422561
0.0,0.25666919404501576
1.0,0.7753565356424592
1.0,0.9472027792151526
0.0,0.14127686215024338
0.0,0.9202738864349252
1.0,0.8359357573892882
1.0,0.749330655385684
1.0,0.6063094804173196
1.0,0.8995640181790788
1.0,0.7365278819883443
1.0,0.8309462405206581
1.0,0.7371745640225414
0.0,0.11223741081704387
1.0,0.2763643518430593
0.0,0.07212533930297528
0.0,0.3553231112200887
1.0,0.46853144471479635
1.0,0.655011435543724
0.0,0.21022474591404086
0.0,0.4117988902232805
0.0,0.3949593789691919
1.0,0.650991928969065
0.0,0.14470954012995862
0.0,0.1104995904287614
0.0,0.26132721744011894
1.0,0.8458601144879418
1.0,0.7187677625940851
0.0,0.3228679299264577
0.0,0.5855331934644534
0.0,0.6573022493658996
1.0,0.5777451237355964
0.0,0.2029269807186112
1.0,0.6127479355381945
0.0,0.18075446447773483
0.0,0.04000149125338656
1.0,0.7887701265190751
0.0,0.37965239830627473
0.0,0.43006851455691875
0.0,0.21938552762882058
0.0,0.16208930309184022
0.0,0.17669439945246612
0.0,0.2614437238681421
0.0,0.5450028279964682
1.0,0.9472678526943524
1.0,0.5269986504569426
0.0,0.22328939115054028
1.0,0.8968920936314414
1.0,0.3457429828849466
1.0,0.8029411225440749
0.0,0.45364633441365654
1.0,0.9458313070369395
1.0,0.8026806700889463
1.0,0.6582479132313392
1.0,0.9783298472869958
1.0,0.8699999745079371
0.0,0.2619395387386793
0.0,0.11958236358814646
0.0,0.6339155652284584
1.0,0.7208467950811309
1.0,0.8618476548859412
1.0,0.6984443330696385
0.0,0.5820447421622045
0.0,0.063142126024848
0.0,0.14565796201955605
1.0,0.8631289372102904
1.0,0.17187148741051353
1.0,0.867410977988553
0.0,0.13324386005405156
0.0,0.08030417397954265
1.0,0.8289648684071903
1.0,0.6899791914280592
0.0,0.48271755226975377
0.0,0.07849937571601343
1.0,0.7856359222590249
1.0,0.4442873996898482
0.0,0.4008951331929425
1.0,0.8206814104451199
0.0,0.2724513916324944
1.0,0.4173183131312156
1.0,0.6111561708164533
0.0,0.29079094330101607
0.0,0.07952269658118699
1.0,0.8601888386377586
0.0,0.6234475191495213
1.0,0.7440137214116375
0.0,0.2908989539580961
1.0,0.4667943260915668
1.0,0.6482474328594062
0.0,0.7197049742728829
0.0,0.4083813369878387
1.0,0.9066634653528063
1.0,0.36018715832497145
1.0,0.8554479856368103
0.0,0.27111794088292857
0.0,0.025395799837815175
1.0,0.6560183818404113
0.0,0.5136105959250592
1.0,0.7196138422915441
0.0,0.2584573023205491
1.0,0.7336935958575626
0.0,0.1331814214541495
1.0,0.7559152932414723
0.0,0.7123300293995979
1.0,0.7945786292965227
0.0,0.3675723785666724
1.0,0.6624825494162525
0.0,0.5878123808795481
0.0,0.5126148381272669
1.0,0.3591001051446683
1.0,0.4306400592495139
1.0,0.9456362797978993
0.0,0.5451860287001804
0.0,0.1931148812946801
0.0,0.11652392125720122
0.0,0.13233224080313052
1.0,0.7529258762408687
1.0,0.8721575765967168
0.0,0.1753618762524394
0.0,0.39475251111970855
1.0,0.6658740587260531
1.0,0.13335123313088648
0.0,0.6374014242121447
1.0,0.412878574485899
1.0,0.5405812251666438
0.0,0.05894595079107657
0.0,0.2323722169375755
1.0,0.28542693471106256
0.0,0.15440729000235504
0.0,0.8906066290638553
1.0,0.7386767758443314
0.0,0.09266616532498466
0.0,0.4221660966240011
0.0,0.09953774323563724
0.0,0.7731322442192269
0.0,0.20120506179463868
0.0,0.7270511434989829
1.0,0.5566866203535557
0.0,0.7877438277502639
1.0,0.6275496325339364
1.0,0.6658233886385024
1.0,0.5711156785346853
0.0,0.10590703782318002
0.0,0.17605149315637245
0.0,0.024654537582157625
1.0,0.7627959354830323
1.0,0.8843965534291414
1.0,0.9209790707043036
1.0,0.6692170542038614
0.0,0.05884915522813442
1.0,0.839583730124223
0.0,0.09155090051704959
1.0,0.6656991096054642
1.0,0.4744475391196024
1.0,0.45894684352391285
0.0,0.05985389140869743
1.0,0.6420207662026466
1.0,0.6977634833433348
1.0,0.7040956276528555
1.0,0.5721005506295164
1.0,0.9175204678572614
1.0,0.45748484354694424
0.0,0.4350633152884543
1.0,0.9194773280060546
0.0,0.2556077610314092
0.0,0.15973447578899316
0.0,0.1336182551539985
0.0,0.9283393131308517
1.0,0.5438644123342005
1.0,0.2958682575562187
0.0,0.14431714542905585
0.0,0.16100378603019172
0.0,0.8904797112867259
0.0,0.6415149153263647
0.0,0.48666246729529955
1.0,0.7542325314216756
0.0,0.12006321394050763
0.0,0.3233476316095908
1.0,0.7197669513675746
0.0,0.2441336025253514
0.0,0.32946903169233943
0.0,0.4271661017471534
1.0,0.7883885527075439
1.0,0.8549873071261237
1.0,0.29873040025334185
0.0,0.21908031789998803
1.0,0.7151814766095083
1.0,0.7773905324409188
1.0,0.8641815576893322
0.0,0.033952084398312814
0.0,0.20902354505477988
0.0,0.17214716036382693
0.0,0.19576978798997596
0.0,0.11136936610872854
1.0,0.9140192471421746
1.0,0.6381236079166269
0.0,0.34969681597759483
1.0,0.7967247681718536
0.0,0.45406250107425367
1.0,0.4455931920153333
1.0,0.40538840242951046
1.0,0.5339183334686148
1.0,0.27435254378387575
1.0,0.4922195057626362
1.0,0.4664193850268138
1.0,0.9262975858792126
0.0,0.7854195644970314
0.0,0.2509670091547608
1.0,0.30805093211259565
0.0,0.32878333258098047
1.0,0.8213059352025579
1.0,0.7475962765944257
0.0,0.015562559652075677
0.0,0.08097309317602293
0.0,0.5575326128940107
1.0,0.47951471867886253
1.0,0.9112837434689001
0.0,0.04563608000891432
0.0,0.16901958222954722
0.0,0.0492529545591982
1.0,0.4149957215587644
1.0,0.18786516685243843
0.0,0.2809532196624915
1.0,0.7402056719605588
1.0,0.9455364359690879
1.0,0.6291719383307318
0.0,0.4102640814891968
1.0,0.7150844463911207
1.0,0.588890497294163
0.0,0.2633381262838533
1.0,0.6560988143589827
0.0,0.046667085173226264
1.0,0.7710331569000028
0.0,0.09252873827355651
1.0,0.8505288394333205
1.0,0.28166477269286083
1.0,0.6142789682710217
1.0,0.897321186639746
1.0,0.9703782970276753
0.0,0.33907408687499974
1.0,0.864683523505588
0.0,0.49132127022988176
1.0,0.3513739889307103
1.0,0.8711120285971224
1.0,0.5130108107299327
0.0,0.14306511006529923
0.0,0.10693463387739416
0.0,0.6319474999350291
1.0,0.69049194175294
1.0,0.7432831413663603
0.0,0.3638894379277837
0.0,0.4538318897901133
1.0,0.820258262904476
1.0,0.32279349686850467
1.0,0.6096377764595192
1.0,0.5750244531985412
1.0,0.19932098848220986
1.0,0.9281730985199249
0.0,0.41210089491778656
1.0,0.6827355614128838
0.0,0.06385611892933281
0.0,0.6856930231450357
0.0,0.22481109419269532
0.0,0.9113755723178074
1.0,0.6796855362877945
1.0,0.8980039472186571
1.0,0.8844166462383912
1.0,0.7184814638694019
0.0,0.17698581600824156
0.0,0.0393410420747717
1.0,0.8992578308530357
1.0,0.6273748326692594
1.0,0.4285771363296251
1.0,0.6090479542976428
1.0,0.7718610540647552
0.0,0.15835735326751707
0.0,0.2870199911484407
0.0,0.15961956537552
0.0,0.21983006548910464
1.0,0.6378608049082218
1.0,0.2895556697019343
0.0,0.5476562967884984
1.0,0.46438755496437006
1.0,0.7825989227437684
0.0,0.7971278420719012
0.0,0.5533010941140517
0.0,0.3088225268648783
1.0,0.9339110045925224
0.0,0.03734966563841827
1.0,0.3158021957459733
1.0,0.34489717082746957
1.0,0.8467653289453689
1.0,0.2520179177513743
1.0,0.7175464066068471
0.0,0.18541368577187844
1.0,0.4126274379163124
1.0,0.5688433755436814
0.0,0.5921886243950156
0.0,0.12522053463625604
1.0,0.8530991396554345
1.0,0.4719617432233484
1.0,0.8348160055779142
1.0,0.6629135419550273
1.0,0.955906361861362
0.0,0.13994690517922032
0.0,0.26319848228428644
0.0,0.24367036453889654
1.0,0.8241491904492869
0.0,0.22345609834400634
1.0,0.590106872551052
1.0,0.13176552208881834
1.0,0.779629605119334
0.0,0.13659220903740144
1.0,0.6948366507590626
0.0,0.15319076925670538
0.0,0.05846178806762635
0.0,0.15366235370983974
0.0,0.7712349883457832
1.0,0.784484915607819
0.0,0.3669298097261297
1.0,0.9500710270613059
1.0,0.7505982887108019
1.0,0.8474558781827235
0.0,0.36590574316770313
0.0,0.3347175657518625
1.0,0.6339207418516205
1.0,0.7105705946968903
1.0,0.39255936826585025
0.0,0.05875752605572157
0.0,0.8245129616557089
0.0,0.12649471887100158
0.0,0.0803063794678097
0.0,0.13100219878083116
1.0,0.7477076800750833
1.0,0.251141553138979
1.0,0.6091508130316889
0.0,0.555740287910526
1.0,0.47451957896016694
1.0,0.13476202899857842
0.0,0.008518608259561255
1.0,0.8889097198719059
0.0,0.08506050801294744
0.0,0.2989288475368673
0.0,0.8118915511444481
0.0,0.1444797357294502
1.0,0.8142104193677364
0.0,0.0749681819237482
1.0,0.7081107140115914
0.0,0.16341363701356937
1.0,0.7939103827928418
1.0,0.9048843862343455
1.0,0.1868279146334736
1.0,0.2652895729247632
0.0,0.4363520294959408
0.0,0.7433647299030214
1.0,0.20793966351140636
0.0,0.6297283736793203
0.0,0.393532422407034
0.0,0.30292812937681607
0.0,0.3147081196659261
1.0,0.8091476617365213
0.0,0.32347543347625296
0.0,0.21519489335210745
1.0,0.5064199843206796
0.0,0.6715603303548326
0.0,0.6334520711461824
1.0,0.15387145856714726
0.0,0.4612605239437501
0.0,0.30748088846977223
0.0,0.5815882700924668
0.0,0.09947174275071526
0.0,0.53130307253047
1.0,0.864278756681009
1.0,0.7992058062489538
0.0,0.7290369075081459
1.0,0.6921669251412351
1.0,0.30629676430655073
1.0,0.5040366178381481
0.0,0.05241357450192856
1.0,0.1587973815760106
1.0,0.3274737022835385
0.0,0.04315057161839501
0.0,0.49708033697672444
1.0,0.8297633705489265
0.0,0.17853258296147945
0.0,0.2942137332997545
0.0,0.34597707890036156
0.0,0.21088448945982802
0.0,0.21753634651904796
1.0,0.7323237464714258
0.0,0.7113173657386905
1.0,0.7310305512456077
1.0,0.6401131147776891
0.0,0.6336947892383382
0.0,0.18531883723835008
0.0,0.2380974263678798
0.0,0.1860727506771392
0.0,0.3471213893796902
0.0,0.8082686785225277
0.0,0.1735711427149541
0.0,0.34060095737537704
0.0,0.6700835898215415
0.0,0.08807601745177658
1.0,0.49248867932357976
0.0,0.4327952481849239
1.0,0.3278789964934477
0.0,0.41726040130450465
0.0,0.14857110766636766
1.0,0.912259549972869
1.0,0.6945491791224448
0.0,0.24045661582837674
0.0,0.1370193878066438
0.0,0.587570491756625
0.0,0.13130736401342227
1.0,0.1625956794208742
1.0,0.7647092346665483
0.0,0.07105749897105294
1.0,0.7883134229774815
0.0,0.1404181331582027
1.0,0.6729246120839006
0.0,0.11970400358236774
1.0,0.8262990104510125
1.0,0.7632872063452733
0.0,0.5496484513150627
0.0,0.08096260432632038
1.0,0.37075406021309576
1.0,0.7923773715779481
1.0,0.40360564287015954
0.0,0.07395486511765818
0.0,0.22217076467256394
1.0,0.3171388237698554
0.0,0.22324860153070314
0.0,0.7556122440941649
1.0,0.574165399600829
1.0,0.8320654474416337
1.0,0.8372184298100284
1.0,0.8979772696300327
0.0,0.1532811091604493
1.0,0.6007957784951299
1.0,0.7493548324427087
0.0,0.3423937234141282
0.0,0.04927576678971166
0.0,0.22726202894560726
0.0,0.49859613468934016
1.0,0.5775693069093011
1.0,0.35701931804347964
1.0,0.8106679627599344
0.0,0.06854666777538686
0.0,0.09169539958568074
0.0,0.2688764410265074
0.0,0.19454913843282828
0.0,0.4192092758157852
1.0,0.7367444532898028
1.0,0.8805090971090876
0.0,0.13025535436235103
1.0,0.9169556523890648
0.0,0.1253317100958057
0.0,0.2519773006165831
1.0,0.5963371849286211
1.0,0.5443016830666716
0.0,0.23356685849832964
1.0,0.4381845415320323
1.0,0.584531585588728
1.0,0.7463367503446385
0.0,0.15558175746432087
1.0,0.437749413654124
1.0,0.7584257504686879
0.0,0.10607932092149792
0.0,0.037312409016329394
1.0,0.8531531170508901
1.0,0.5037077282107806
0.0,0.10672127020526362
0.0,0.17794089498423796
0.0,0.04885669837983472
0.0,0.083689708290682
0.0,0.11792897334368228
0.0,0.13640547886909113
1.0,0.49615659036280274
0.0,0.19572152854123337
0.0,0.08744182211932772
0.0,0.29601002763136613
1.0,0.47553944792363817
1.0,0.8873440235488932
1.0,0.8104265746485219
1.0,0.8898069665355748
1.0,0.7363007091297731
1.0,0.9158972974145841
0.0,0.008350943765264724
0.0,0.24825881106687203
0.0,0.8982905357453117
1.0,0.5144690404763218
1.0,0.8773175247000786
1.0,0.8254470354221367
0.0,0.35340362632508787
0.0,0.7249971586535174
1.0,0.7761403580472762
1.0,0.5190234013813345
0.0,0.09225109008319113
1.0,0.4548410026591329
0.0,0.3718164603591783
1.0,0.6606429017818041
0.0,0.26630990085482203
0.0,0.05829967202494819
0.0,0.42020056258787114
1.0,0.9308978452096246
0.0,0.6073573952401702
1.0,0.7273390907900469
1.0,0.8981552963915512
0.0,0.1557224452143415
1.0,0.7887758324578493
1.0,0.6826538203628817
1.0,0.4284452130635224
0.0,0.07067478012716258
0.0,0.08310449207835195
0.0,0.7703212449109826
1.0,0.42960149244449847
0.0,0.17390672738381727
0.0,0.04469164396432217
0.0,0.07202898151256099
1.0,0.5942614394346958
0.0,0.10854107211599469
0.0,0.2005266259546117
0.0,0.4345212979371254
0.0,0.026632369410461213
0.0,0.0941660169009403
1.0,0.677502502758303
0.0,0.9221647102557361
0.0,0.09124334046691385
0.0,0.6993485142388971
1.0,0.7411738433721088
1.0,0.5656019515271761
0.0,0.9184353797379605
0.0,0.3208310586434807
1.0,0.6921503372292916
0.0,0.17156678398081152
1.0,0.9053618465177992
0.0,0.18211092293259515
1.0,0.5919660218299956
1.0,0.29383962571030464
0.0,0.5703435898857094
1.0,0.7661430628642513
0.0,0.25810044918902636
1.0,0.6070515593701066
1.0,0.6016991566487776
0.0,0.13765184888298865
0.0,0.01361958679440633
1.0,0.8575022621577443
0.0,0.21111025953933105
0.0,0.23602086843656556
1.0,0.9652126051439619
1.0,0.8853794675854043
0.0,0.18189690983837198
1.0,0.7518583473365664
0.0,0.060669748311351676
1.0,0.7567902087634282
1.0,0.9632714186354423
0.0,0.23963608704111616
0.0,0.3372319819285791
1.0,0.07672452695184981
0.0,0.540321638264949
1.0,0.46260270920910446
0.0,0.6570899002727608
1.0,0.3162198965423842
0.0,0.3697539207171575
0.0,0.15253037335423364
0.0,0.09256577656944849
1.0,0.36867700764143246
1.0,0.7541170331858631
1.0,0.3761470303550207
0.0,0.7602408714118931
0.0,0.44210299363979055
0.0,0.1419909033645875
0.0,0.623453308055271
0.0,0.1638298286453763
1.0,0.43570944819452867
0.0,0.0528168122597566
1.0,0.698234117092254
0.0,0.020416737070281566
0.0,0.6248363858344296
0.0,0.5861956527643555
0.0,0.05243545439152963
1.0,0.2621554953146
0.0,0.10859519616002558
1.0,0.9170775822984607
0.0,0.6546626722441954
1.0,0.96627718408339
1.0,0.7037455226783256
1.0,0.7385802903429244
1.0,0.9294373049267876
0.0,0.06927269618438309
1.0,0.8176252478968956
1.0,0.5872962840299717
0.0,0.198066351360874
1.0,0.5643757131370919
0.0,0.19815151509099946
0.0,0.28344354834566643
1.0,0.832875521395596
1.0,0.7971806143775209
0.0,0.039200918824721084
1.0,0.5462903745158346
0.0,0.6669862707903658
0.0,0.8890622403826993
0.0,0.4142568293507159
1.0,0.887675883382805
1.0,0.45843109066276144
0.0,0.05110487158046308
0.0,0.644305620639244
1.0,0.7035978511455365
1.0,0.8686521885764182
0.0,0.21844028676851213
0.0,0.07199254736796071
0.0,0.07988581981382722
1.0,0.7388989101741587
1.0,0.8681398691546393
1.0,0.3734468569905787
1.0,0.8128061974184958
1.0,0.9529882969034621
0.0,0.43409912200697526
0.0,0.27282853456711614
1.0,0.7007450894379893
0.0,0.3662973905621128
1.0,0.9613591882968662
1.0,0.613826872660331
1.0,0.5122496543380591
0.0,0.5523101064619987
1.0,0.7954495685962065
0.0,0.3303954178137258
0.0,0.13927501631982694
0.0,0.22005729126634488
0.0,0.7139860268917732
0.0,0.1918688768940282
1.0,0.28971147921814255
0.0,0.13297316331087122
0.0,0.08469458011531816
0.0,0.15328995832811942
0.0,0.7730429252012107
0.0,0.720573812984315
1.0,0.36493073921362634
1.0,0.38440702975573476
1.0,0.35938413466890234
0.0,0.35952841990125617
1.0,0.23617437759000257
1.0,0.4518209407205769
0.0,0.08081238762840742
0.0,0.3193643574705598
1.0,0.9376475536201685
1.0,0.48388034922351125
0.0,0.10583354319573496
0.0,0.6824340774759526
0.0,0.013414696786776805
1.0,0.7291006401922355
0.0,0.09770291633337176
0.0,0.1936425669652296
0.0,0.5636848301891566
1.0,0.4723082794756987
0.0,0.32939269649406155
1.0,0.5659788072281068
0.0,0.21185725351813228
1.0,0.7347280932848768
0.0,0.1633135284527188
0.0,0.5418969911504227
1.0,0.7071976608606455
0.0,0.6444365740969835
0.0,0.7623769537466777
1.0,0.42062165178041117
0.0,0.40821803311067595
1.0,0.6646046215275239
0.0,0.11052916900520073
1.0,0.9297352289603014
1.0,0.4439514821822769
0.0,0.18457547418014408
1.0,0.8695458855154664
1.0,0.9392493389438243
0.0,0.5597843967267511
1.0,0.7453340527639092
1.0,0.9194037122185951
0.0,0.25274434977389093
0.0,0.3776006483712868
0.0,0.5373666402788593
0.0,0.08037270575327231
0.0,0.427988710160508
1.0,0.7570671118357101
0.0,0.5518126361362511
0.0,0.1842669575877594
0.0,0.22851090332532747
1.0,0.3028818356977012
1.0,0.8381942424873909
0.0,0.0483635309827363
0.0,0.7480593599005879
0.0,0.12709912048267566
1.0,0.620640526341029
1.0,0.65257434203157
0.0,0.8389816841780088
1.0,0.7528274030790916
1.0,0.6106552972671586
0.0,0.7503847480992705
0.0,0.12663222869845506
1.0,0.7508835053601564
1.0,0.6266898249486095
0.0,0.41129638741186364
1.0,0.5453686577259154
0.0,0.37420046161735504
1.0,0.44934894759142197
0.0,0.14825107120073203
1.0,0.8173383883503983
1.0,0.9494199457441851
1.0,0.6255224748454239
1.0,0.3105418594400905
0.0,0.21089323314771824
0.0,0.8589010113847639
0.0,0.20392398848726298
1.0,0.23611832888321854
0.0,0.10116743994972754
0.0,0.11333000938680485
0.0,0.011761685873208095
1.0,0.8989213413911816
1.0,0.4301602347294523
0.0,0.553145000463124
1.0,0.27901943069511254
0.0,0.43732490314022976
0.0,0.6079576382245725
0.0,0.7547657377563879
0.0,0.08176741728173445
0.0,0.6814085689457923
1.0,0.33321134166666805
1.0,0.8613641782515341
0.0,0.15443871577399684
0.0,0.30811557987176824
0.0,0.05022427852936582
1.0,0.681453019069621
1.0,0.7823888073588939
1.0,0.9079693270741415
0.0,0.1559219484776687
1.0,0.6461316427336844
0.0,0.10744631126317362
1.0,0.4969945510669555
0.0,0.1986364039036222
1.0,0.7168060063041145
1.0,0.22880658882463717
0.0,0.08290523251794686
0.0,0.1529184783331727
1.0,0.759917082491633
0.0,0.04156861712939207
0.0,0.31163262709891915
1.0,0.21348100343733092
0.0,0.1936267783124473
0.0,0.48421419033217333
1.0,0.9448806439177945
0.0,0.05200701295424662
1.0,0.7013587225060466
0.0,0.5363032056139332
1.0,0.3266149784759488
0.0,0.21364337496119462
1.0,0.694854170577784
0.0,0.19854333000092558
1.0,0.8282907039572335
1.0,0.8111998572745063
1.0,0.9022431710166139
0.0,0.29181710794121074
0.0,0.7148309523785875
0.0,0.4462227980858713
0.0,0.3918196539370474
1.0,0.7160210755312595
0.0,0.1978880179092989
0.0,0.27818185156665864
1.0,0.5841202164257544
1.0,0.5595830388021379
1.0,0.7433992617939487
1.0,0.5937093984635287
0.0,0.7659507580556311
1.0,0.802723519526647
0.0,0.12235955463911621
0.0,0.006502883827290366
1.0,0.8066795778985446
1.0,0.913794128922982
1.0,0.17311588486531093
1.0,0.7481255373826411
0.0,0.4852119246366962
0.0,0.034602366011158625
0.0,0.017158476319276004
1.0,0.4819747958937081
0.0,0.3194577689496182
0.0,0.07966110892514695
0.0,0.22768280997518506
0.0,0.46612826248400235
1.0,0.885919746557059
1.0,0.8958638626816475
0.0,0.19742072199119295
0.0,0.03913881318600371
1.0,0.878568501301142
1.0,0.36731160610930896
0.0,0.27939619748844907
1.0,0.6976167071276702
0.0,0.09080973641817593
0.0,0.22115407699462086
1.0,0.91303499527143
0.0,0.22373436059511198
0.0,0.20086023313728568
0.0,0.8618385050244749
0.0,0.11032792179098966
1.0,0.9324580327713227
0.0,0.11673016671896919
1.0,0.6081358094950866
0.0,0.12578725105977528
0.0,0.19441960732101354
0.0,0.7613848029988618
0.0,0.09097021601342199
1.0,0.5450577120111706
0.0,0.1468383784200959
1.0,0.3583847458268408
0.0,0.2559113922710155
0.0,0.6307784629877995
0.0,0.011666626467613283
1.0,0.6264462500763124
0.0,0.7514641350353488
1.0,0.9094340489986529
1.0,0.6703223682160641
0.0,0.6372686010031521
0.0,0.136930553203742
1.0,0.09431449766997156
1.0,0.8753895831828343
0.0,0.6481438197618967
1.0,0.5882841203182634
0.0,0.1325399899643722
1.0,0.7354565465351646
0.0,0.36749763759993975
1.0,0.7929753698176844
1.0,0.06748036172602279
0.0,0.18465518739503944
0.0,0.29260738145173615
1.0,0.7645176536878114
1.0,0.9030593384545769
1.0,0.713892551732073
0.0,0.03404034646817798
1.0,0.4480637610930049
0.0,0.9462210510706116
1.0,0.6924683575405958
0.0,0.1782165741131876
0.0,0.5699777104406848
0.0,0.10192498688003558
0.0,0.2935413804663947
0.0,0.14039793853747976
1.0,0.2944610944331413
0.0,0.184096209007907
1.0,0.7581196128072492
0.0,0.06634880556620451
0.0,0.4819395849228793
0.0,0.15100867221511863
1.0,0.2459222580836245
1.0,0.9433709160101157
1.0,0.8575772443780371
0.0,0.4248190954622166
1.0,0.531358377981512
0.0,0.9363442762840422
0.0,0.35829344249731515
0.0,0.478357675936538
0.0,0.06383894663466186
1.0,0.41891010878314616
0.0,0.27616607659425635
0.0,0.32129878274536156
0.0,0.08192999840126143
0.0,0.5226283080945259
1.0,0.6253119659404164
1.0,0.91612673951663
0.0,0.4105395593496709
0.0,0.26699352733806386
0.0,0.21929257951286152
0.0,0.47286290273341147
0.0,0.2079675279741593
0.0,0.12952145592306163
1.0,0.35523773875413
0.0,0.880946806591961
0.0,0.2279612567286709
1.0,0.6602861611155516
1.0,0.8825031486358375
1.0,0.7962074464095976
0.0,0.08508615274219108
0.0,0.7036035029062694
1.0,0.8987922990850031
0.0,0.045475872231151175
1.0,0.5276551489326058
1.0,0.7436475149153492
1.0,0.8952402238805928
1.0,0.7326781797266471
1.0,0.9363553165835408
0.0,0.34293380709052473
0.0,0.06378208765590271
1.0,0.7540858085047449
1.0,0.9342490477640261
1.0,0.6436164966583168
0.0,0.034890566612376536
0.0,0.5643497676519698
0.0,0.4176753314804118
0.0,0.692946965630075
1.0,0.37188252773915964
1.0,0.7372233399740701
1.0,0.18139996794098126
1.0,0.46178064814698583
1.0,0.382684398387736
0.0,0.7199876959052666
1.0,0.9197696889159621
1.0,0.6968377488595442
1.0,0.9498865581849947
0.0,0.5159882037603782
0.0,0.4803693050408735
0.0,0.05039294150347319
1.0,0.7966237338400454
0.0,0.21557063187175568
0.0,0.48702048931844466
1.0,0.5903019072464977
1.0,0.5948998982755179
0.0,0.7760506783006438
1.0,0.9413876094207331
1.0,0.7261948877326881
0.0,0.1288445296200664
0.0,0.23838582307785064
1.0,0.5506511981671987
0.0,0.21454639302190887
0.0,0.03145600794520011
0.0,0.30018208898962434
0.0,0.2554543360253036
0.0,0.6653290720236511
1.0,0.3707861621339076
0.0,0.5287422168324336
1.0,0.5490642733615637
0.0,0.236234135371939
0.0,0.10256847624234769
1.0,0.9249135510275152
0.0,0.22900976459334954
0.0,0.24162899886343064
0.0,0.10616882414752551
1.0,0.8244343968266268
1.0,0.4520862160583535
0.0,0.44195616224890283
1.0,0.3566877491088588
0.0,0.07910632121225843
0.0,0.7092636536868389
0.0,0.10915415058406258
1.0,0.791549142364573
1.0,0.9440554948925202
1.0,0.8617536807773994
0.0,0.2332112402986492
1.0,0.8060900504157973
0.0,0.6824995774931331
0.0,0.21410914452668248
1.0,0.21699554282433364
1.0,0.5390762256952903
0.0,0.10314620327109573
0.0,0.03850435630015347
1.0,0.7243403929762153
0.0,0.40361342815948187
1.0,0.8265003115211276
1.0,0.8852899787333475
1.0,0.7433653114730989
1.0,0.7092366565043464
1.0,0.9261106010753143
1.0,0.7107918500803684
0.0,0.33429482837392904
0.0,0.9111492753440282
0.0,0.661841339361821
1.0,0.7388685979443856
1.0,0.7658689971121055
1.0,0.658368763641549
0.0,0.9214837444020856
1.0,0.47953600904999494
0.0,0.1903876399585474
1.0,0.7583793774830919
0.0,0.1619030655771039
0.0,0.570956142936841
1.0,0.6106635400041345
0.0,0.28681475190609923
1.0,0.7414476606007355
1.0,0.27988713432042545
0.0,0.5644788474063992
1.0,0.6635783823784036
1.0,0.9668652742608794
0.0,0.10460601751955723
1.0,0.243682305895748
0.0,0.7675237615898689
1.0,0.9267191559587744
0.0,0.3791116971750165
1.0,0.4880617389464153
1.0,0.7709939268639308
0.0,0.13482059839726293
1.0,0.3225963867259194
1.0,0.5018515339905967
0.0,0.610752687914957
0.0,0.10690914547621164
0.0,0.053427164732134345
0.0,0.1342490766828171
1.0,0.5888841162983732
0.0,0.6050962780028941
0.0,0.16234161609188852
0.0,0.11906761553666302
1.0,0.6715983780858333
0.0,0.43364713536345206
1.0,0.13880019428285958
1.0,0.6263636762515619
1.0,0.8024920441626637
0.0,0.6996547376080003
1.0,0.4855490354250426
1.0,0.5334586131737232
0.0,0.9790372492902585
1.0,0.9600396602975672
0.0,0.7021948113751993
0.0,0.02045718691399292
0.0,0.2406197671662368
0.0,0.17100366083957205
1.0,0.9621453677798258
1.0,0.5733964520593842
1.0,0.4310699093637269
0.0,0.9507086864830527
1.0,0.892560719759555
1.0,0.46091489655376444
1.0,0.5647134518867823
0.0,0.7557520833548502
0.0,0.4672918086955864
1.0,0.4228216840213855
1.0,0.6094899204981399
0.0,0.2742683041287445
0.0,0.3773789922341518
0.0,0.16269924922492462
0.0,0.11295587160672646
0.0,0.30833099174443235
0.0,0.5650088116080091
1.0,0.8765907172010979
1.0,0.8699424913638486
0.0,0.6371315896748535
0.0,0.725043871975656
0.0,0.39241994620797954
1.0,0.9278152824435755
1.0,0.4748161584931229
0.0,0.4323623232827488
1.0,0.810028344567336
1.0,0.29514623576923465
1.0,0.3282438088009274
1.0,0.689930067631658
0.0,0.6073554052856887
0.0,0.048821601728895714
0.0,0.14589854821197304
1.0,0.8920474695813632
0.0,0.3355721414895655
1.0,0.8991869512859403
0.0,0.43168642240471095
1.0,0.8266113772352452
0.0,0.4078677696350371
0.0,0.8485956720262661
0.0,0.5190454967186869
0.0,0.47685306568516145
1.0,0.7643948676387776
0.0,0.11401047183360334
0.0,0.12970897328034237
0.0,0.34943566178322505
0.0,0.7381855687692433
1.0,0.6417458412037926
1.0,0.5523211357121192
0.0,0.4502846034313987
0.0,0.31157285983796157
1.0,0.8747641787460707
0.0,0.706390308112981
1.0,0.9009223412040428
1.0,0.6391027447041644
1.0,0.877636955116004
1.0,0.6259436701524866
0.0,0.5435819258497585
1.0,0.554996646931121
1.0,0.9591479959751459
1.0,0.7276351935474158
1.0,0.6670801887858349
0.0,0.2184124741046211
0.0,0.8848637798961926
1.0,0.802291686669252
1.0,0.4259453132937402
1.0,0.5922784297265336
0.0,0.09207963103508071
0.0,0.07791550969130179
1.0,0.8233671667872995
1.0,0.8148488402481614
1.0,0.7062040735234527
1.0,0.635929609970564
1.0,0.2385871779016606
1.0,0.8754146637304469
1.0,0.8464361377569265
0.0,0.3357518886351685
1.0,0.635240980321525
1.0,0.8328172936950505
1.0,0.6669328921798586
1.0,0.8779876329749099
1.0,0.9257289648536949
1.0,0.7582977666195441
1.0,0.09433773347706528
1.0,0.9141340534717423
0.0,0.023358107591732513
1.0,0.8655143323231828
0.0,0.5820797587584351
1.0,0.8367049958237017
0.0,0.5202067855757253
1.0,0.5847981019784941
1.0,0.7962801822772185
0.0,0.3934036155638078
1.0,0.49785299580073505
1.0,0.8837999344150096
1.0,0.5658472829483968
1.0,0.7280585986743859
0.0,0.6813322589567056
0.0,0.06561063792092368
0.0,0.6200682978766213
1.0,0.679029713045912
0.0,0.022640471553211704
1.0,0.8699692972457024
0.0,0.010971150085366282
0.0,0.5821677917544028
1.0,0.2708647030353326
0.0,0.6849247346665649
0.0,0.5979653511171874
0.0,0.675106278684525
1.0,0.6840252790287477
1.0,0.9110889694183544
0.0,0.03846071480270296
0.0,0.5665977831004291
0.0,0.39915001927155397
1.0,0.6580810446893636
1.0,0.2394378643497812
0.0,0.8881010888092722
1.0,0.9443361213534798
0.0,0.39253233677538063
0.0,0.05628774385259135
1.0,0.632188112149266
0.0,0.0853047708185112
0.0,0.3829783975647076
0.0,0.6129887117933206
1.0,0.45897796546898345
0.0,0.46985910759006155
0.0,0.5338680391103807
1.0,0.6819497627530893
0.0,0.557529152375578
1.0,0.7927921114288394
0.0,0.8353857317851654
1.0,0.9281209238398804
1.0,0.8994201159640697
0.0,0.3780870129609163
0.0,0.16194909187380988
1.0,0.7965610903368554
0.0,0.1376766510340819
0.0,0.2517125985282715
1.0,0.9417592207076825
0.0,0.4352145823261233
1.0,0.6123807360801726
1.0,0.6648508602004579
1.0,0.7592398557185959
0.0,0.7563378081613213
0.0,0.8915421028333784
1.0,0.2504806013833871
0.0,0.7006122771378539
1.0,0.5031182969778526
0.0,0.05635732878509408
0.0,0.4736412207126787
1.0,0.8091373317796678
1.0,0.8588064288666593
0.0,0.1711610693106516
1.0,0.3947636207808484
1.0,0.5134712015667008
0.0,0.7490752036077005
1.0,0.8353543486633421
0.0,0.22748848668620267
1.0,0.5346035005066472
0.0,0.6980045917903912
0.0,0.31019952863407463
0.0,0.4536627518621335
0.0,0.05584763307442269
0.0,0.45064018175031884
1.0,0.6549501251158594
0.0,0.2157695645290893
0.0,0.02264681185123536
0.0,0.02954860796492379
1.0,0.8401280598463318
0.0,0.04560878792185287
1.0,0.7055709679785757
0.0,0.12202601391160443
0.0,0.6201077620932236
0.0,0.3149314298439203
0.0,0.5472130409328474
1.0,0.41185917738020555
0.0,0.13741331392565043
1.0,0.9270068790400564
0.0,0.31847286566721317
0.0,0.15631914007002273
0.0,0.05379481133455438
1.0,0.7453306573840319
1.0,0.444512364827069
1.0,0.7519422434363786
1.0,0.9126271065073244
1.0,0.7500178487735086
1.0,0.5023388553663941
1.0,0.1483569417052577
0.0,0.2954006186632031
0.0,0.023271304692873147
0.0,0.10041571296405823
1.0,0.7199785463894943
1.0,0.7926417284355888
0.0,0.41539550921408835
0.0,0.6626138248666744
1.0,0.2751615193304944
1.0,0.4729508766101865
0.0,0.26689378164531713
0.0,0.1610388413246685
0.0,0.130309717972805
0.0,0.4693124576851491
0.0,0.38826609289738867
1.0,0.7413836900703775
0.0,0.7131589678892194
1.0,0.4329349262372842
1.0,0.8675384498486073
0.0,0.2651978256491845
1.0,0.691668069234802
0.0,0.6719879282648444
1.0,0.7053133119512581
0.0,0.03284571491402687
0.0,0.35332874683629223
0.0,0.08919551105697208
1.0,0.8876141623723971
1.0,0.847901210084262
1.0,0.6476825430463254
0.0,0.09560072227725584
1.0,0.5920975755317214
1.0,0.8118706997348445
1.0,0.8572194831376453
1.0,0.30096432651705574
1.0,0.9004838400001967
1.0,0.6977259395146042
1.0,0.7800889493733439
0.0,0.1872472790826766
0.0,0.4271661017471534
1.0,0.6685473499271231
1.0,0.8084247870886501
0.0,0.13219461526522647
1.0,0.5874888242993521
1.0,0.45744947961699645
1.0,0.7328941767406394
1.0,0.3016263799012356
1.0,0.9098494256479056
0.0,0.7570668110473261
1.0,0.4092843603124503
1.0,0.14814255615754035
1.0,0.42396423842124875
0.0,0.47216986684769824
0.0,0.16659000272475433
0.0,0.40622204609187784
0.0,0.08457485750315219
1.0,0.8010618316406031
0.0,0.04815394968293976
1.0,0.8351161144530285
0.0,0.6216435508942638
0.0,0.3739138036261532
1.0,0.8872234691277839
1.0,0.7633232803422864
0.0,0.4368724094126526
1.0,0.8461682963632912
1.0,0.7058522941634975
1.0,0.7611833999054398
1.0,0.8210104522885142
1.0,0.9749225310109527
1.0,0.6094844921882839
0.0,0.46308775924921525
0.0,0.03869132692035567
1.0,0.9470176297771761
0.0,0.19682065732274445
1.0,0.9011246909812936
0.0,0.3956976526549181
1.0,0.8363837543808632
1.0,0.8382624185691427
1.0,0.8934594554498784
0.0,0.9016275431860936
1.0,0.3420103452194491
0.0,0.2974000586818439
1.0,0.872772108751319
0.0,0.264094610028109
1.0,0.6703124859580465
0.0,0.41149045863799694
1.0,0.6761767481587816
0.0,0.8701682485735964
0.0,0.07042595129662116
1.0,0.6887332117088891
0.0,0.05933383218551038
0.0,0.5740080828984457
0.0,0.7619552661215844
1.0,0.05298125624683305
0.0,0.9200328680939671
1.0,0.22390678518782506
1.0,0.9089754447563063
1.0,0.738377701092444
1.0,0.791044502798538
1.0,0.45272728882748736
0.0,0.825149097477957
1.0,0.8250459783823032
1.0,0.7485621799264638
0.0,0.31939681234648315
1.0,0.41506450671443695
1.0,0.7240265853595861
0.0,0.08679180211571923
1.0,0.8624534363627363
0.0,0.3203694263539725
0.0,0.20797573023944416
1.0,0.934864156348436
1.0,0.6915521328939735
1.0,0.5175807880826643
0.0,0.09123570157670713
1.0,0.16544131416301236
1.0,0.8910438006516899
1.0,0.6247433924437407
1.0,0.6452771833257182
1.0,0.6368421831703573
0.0,0.5470026316027584
1.0,0.33016187395591834
1.0,0.38131898603079245
1.0,0.9388458105427603
0.0,0.33804141535515647
0.0,0.8278186030700908
1.0,0.11358029074591734
1.0,0.8832780425051837
0.0,0.04105739039611845
1.0,0.6922184546152151
1.0,0.5519415769349044
1.0,0.8832213882066158
0.0,0.443948460582788
0.0,0.04292073358414514
0.0,0.17532415021948397
0.0,0.1545002771098925
1.0,0.903583898117994
0.0,0.14442533336190316
0.0,0.5913104058336432
0.0,0.42245758622979107
0.0,0.1739413892359975
0.0,0.07015206420170211
0.0,0.23913759196215076
0.0,0.6612022221721883
1.0,0.7594343561388202
1.0,0.7271810813167757
0.0,0.857906420385142
0.0,0.12342832877087485
0.0,0.7559606743848968
0.0,0.6571213525155986
0.0,0.032980341049434245
1.0,0.9571522434783347
0.0,0.5702671802006283
1.0,0.4111717279218379
1.0,0.7687425819911968
1.0,0.702306166165747
0.0,0.03714698862784147
0.0,0.6868672309019989
1.0,0.23115600450814006
0.0,0.23574636168745905
1.0,0.16497080223350571
0.0,0.15336357608669476
0.0,0.5493098151102267
0.0,0.06164923709719412
0.0,0.13268475667797258
1.0,0.7423397646059059
0.0,0.8174121959199862
1.0,0.6424814474922517
0.0,0.5540423961069899
1.0,0.2382474706759322
0.0,0.7293266990588255
1.0,0.8353175704300219
1.0,0.6416205396690818
1.0,0.1797519470127697
1.0,0.7336857091304098
1.0,0.8960967883308918
1.0,0.9159799569103453
0.0,0.9260702661707262
0.0,0.8868013183466776
0.0,0.07570335822867151
0.0,0.06834500790839723
1.0,0.4968457109183108
1.0,0.6533260036957529
1.0,0.6198862627838604
0.0,0.35324167199070894
0.0,0.0574580375690622
1.0,0.9099089700810667
0.0,0.28699590976716827
1.0,0.7962346070048093
0.0,0.2364061635041064
1.0,0.9427218022688187
1.0,0.7689092995422795
1.0,0.7611997100334597
0.0,0.030164413919937745
0.0,0.4660861444054951
0.0,0.0243544120919336
1.0,0.26886471134609957
0.0,0.1899179135890672
0.0,0.4474633604801443
1.0,0.9547375399150915
0.0,0.2266622196086634
1.0,0.8974951363595542
0.0,0.732297664236621
0.0,0.37833507052501375
1.0,0.8207355367580764
0.0,0.10347465249616239
0.0,0.4831354867932094
1.0,0.7670521798920441
0.0,0.5487166408878903
0.0,0.12314847962673589
0.0,0.20917838427722776
1.0,0.23572005062186024
0.0,0.3858699539507517
1.0,0.6056768702192097
1.0,0.6777321337005199
1.0,0.5099752508581686
0.0,0.44273997258907805
0.0,0.20424388417275502
1.0,0.698469183306087
0.0,0.2775317088584173
0.0,0.20764949936362664
1.0,0.5762579065242175
0.0,0.6014048862003337
1.0,0.6311175117208119
1.0,0.8596912147023082
1.0,0.4995936706349358
0.0,0.7928894971513366
0.0,0.4539753004621562
0.0,0.19586677180935602
0.0,0.07281618859809627
0.0,0.4079455072889649
0.0,0.14397498071258893
1.0,0.8344173692905577
0.0,0.23254488552776262
0.0,0.31055168164621283
1.0,0.31493164022427744
1.0,0.7961583705026751
0.0,0.7552286949264433
1.0,0.5556792890606813
1.0,0.5337962547526526
1.0,0.29601283496171577
0.0,0.7848444377874116
1.0,0.7662430243797008
0.0,0.39604186036910904
1.0,0.8753696943502891
0.0,0.15683019506460727
1.0,0.8706902568307843
0.0,0.39406194369701225
0.0,0.09400621810478979
1.0,0.61395260803869
1.0,0.4387231386674155
1.0,0.9602358583233126
1.0,0.9277402778028456
0.0,0.11875501463772865
0.0,0.16540881049695252
0.0,0.27179898792450113
1.0,0.31315363365227333
1.0,0.3462442558896638
1.0,0.8424098354806764
0.0,0.28624925458059924
0.0,0.07600382940389853
0.0,0.0615391530387836
1.0,0.8985971463005124
0.0,0.19848301122256368
1.0,0.3698878439731805
0.0,0.049711875083530956
0.0,0.21319293543862053
1.0,0.6052037569144505
0.0,0.289248762888907
1.0,0.599045209291286
0.0,0.13443906719204243
1.0,0.5233860983316344
0.0,0.5438483142544908
1.0,0.6003789736594429
1.0,0.33404443733768285
1.0,0.5084057033614546
1.0,0.8687056079097127
0.0,0.7534082607585345
1.0,0.18527151441868497
0.0,0.27998268737002624
0.0,0.570837091785296
0.0,0.09258291780093515
0.0,0.3054424327084852
0.0,0.4609124651939087
0.0,0.6572041143735303
1.0,0.9688271057522236
0.0,0.41060064971045884
0.0,0.6537899530208597
0.0,0.32224891711262904
1.0,0.7736570937693409
1.0,0.8187291287379651
0.0,0.37464276427826376
0.0,0.10336018969492783
1.0,0.5817842102405917
0.0,0.08884267144176007
0.0,0.29857692788106854
0.0,0.8699699814629113
1.0,0.7093404627107632
1.0,0.863185402881035
0.0,0.3455666685204907
1.0,0.8982848758287711
0.0,0.058390019392116875
1.0,0.7915743078227333
1.0,0.89055062344632
1.0,0.8710849839772775
0.0,0.2057615604148943
0.0,0.3833182022015637
0.0,0.29302784820339356
0.0,0.29470337212094777
1.0,0.12460203842602811
0.0,0.23102264247472568
1.0,0.7272447992164937
1.0,0.7192333053365235
1.0,0.8420068068915789
0.0,0.1307111511418014
1.0,0.5195655094430774
0.0,0.17957979718096165
1.0,0.6504107073826624
0.0,0.018816854563248418
1.0,0.5023321258066613
1.0,0.4167579737190324
0.0,0.2372004665862392
0.0,0.4619067763230895
0.0,0.06093433637078749
1.0,0.3040695124278691
0.0,0.15814432492781896
1.0,0.02847573173848059
1.0,0.7978255193500645
0.0,0.6205224950731324
0.0,0.4653099631371197
1.0,0.48377377501940305
0.0,0.515918563915959
1.0,0.06659591949825895
0.0,0.07906297766976055
1.0,0.8501787149881951
1.0,0.6919951213684754
0.0,0.3913733416085313
1.0,0.7647389974437713
0.0,0.2663143019445737
1.0,0.8376296250737534
0.0,0.02676188833267894
1.0,0.7556199969420696
0.0,0.030728611506032955
0.0,0.8507444412576649
1.0,0.6569649998669422
1.0,0.41933275553611515
1.0,0.8900278462344205
0.0,0.30466742891919035
1.0,0.6027146361461733
0.0,0.5738777812270962
1.0,0.4465997703533104
0.0,0.139479740549739
1.0,0.643552641233616
0.0,0.5823051290382664
0.0,0.34390373513168143
0.0,0.5755863335389523
0.0,0.8119603505860794
0.0,0.07898944900536768
1.0,0.6882905551788305
0.0,0.34499799333026054
1.0,0.9177393276396674
0.0,0.03360865751325539
0.0,0.3840920241142226
1.0,0.9185483282159401
1.0,0.9218609273476018
1.0,0.2058309852508852
1.0,0.6058889897557551
1.0,0.76973759134353
0.0,0.43965954420558684
1.0,0.7713983358665006
0.0,0.16553381063271447
1.0,0.7071471695850751
0.0,0.524912637458216
0.0,0.14673212398127997
1.0,0.7020270714446627
1.0,0.9092171445027665
1.0,0.8098354507149724
0.0,0.05776131065512387
1.0,0.7989792296630552
1.0,0.1090732116929689
0.0,0.6042086562786166
1.0,0.9230992681529223
0.0,0.6590739301157474
0.0,0.14617405827925464
0.0,0.7302635369151294
1.0,0.7728614813177104
0.0,0.03885573980786178
0.0,0.7566092452648928
1.0,0.7282584307604133
1.0,0.8736516700442906
1.0,0.9595831807569845
0.0,0.668161626979299
1.0,0.6678155706543111
0.0,0.07633493064176068
0.0,0.1558756902838164
1.0,0.35515411514899214
1.0,0.8419306844074345
0.0,0.1532592566518358
0.0,0.8029713001810154
1.0,0.4871873446297369
1.0,0.8309504562118206
1.0,0.4946798572467021
0.0,0.038167602343133114
1.0,0.7944166881800547
0.0,0.052354613139995
0.0,0.38848559415018735
1.0,0.6664614391626832
1.0,0.362438060341445
0.0,0.3877590027185568
0.0,0.45732565580402695
1.0,0.8042417661276374
0.0,0.5514232215958134
0.0,0.03225090482331274
1.0,0.9803238949661727
0.0,0.6319669876076508
0.0,0.4153505626027328
0.0,0.671305206219454
0.0,0.19547424488584608
0.0,0.8762269699316464
1.0,0.9043490403802021
1.0,0.5483291403146042
1.0,0.4155054451282892
1.0,0.9637327086295318
0.0,0.040081954013625305
1.0,0.9095622013731643
1.0,0.4821882867861631
1.0,0.9006514090400183
1.0,0.7533056616312496
0.0,0.6065606006488719
1.0,0.5421527696855557
1.0,0.6189547586736002
1.0,0.7589431146622031
0.0,0.029873625115153814
1.0,0.4144086990107316
1.0,0.8705820629738806
1.0,0.8768360132387002
0.0,0.2551349865936076
1.0,0.6319618890087315
0.0,0.38701816176963055
0.0,0.27310796681339883
0.0,0.455583104633791
1.0,0.7797610662687124
0.0,0.054703323771896316
0.0,0.22503709046295664
0.0,0.08817047516843411
0.0,0.46894611392561253
1.0,0.7949562779490118
1.0,0.8699102766368599
0.0,0.059967691408490065
1.0,0.5558943191837249
1.0,0.6036088553301113
1.0,0.36283424512650203
0.0,0.8494745671885886
0.0,0.5255943460339313
1.0,0.9653081016315262
0.0,0.16176080219660288
1.0,0.26524766001356204
0.0,0.2341297869160327
1.0,0.35745603888852456
0.0,0.21206536708907311
1.0,0.6099087696788157
0.0,0.3428101187194484
1.0,0.8702567348197421
0.0,0.3424880545738986
0.0,0.2676324219560656
1.0,0.6136660722178237
0.0,0.11875527811031551
1.0,0.6286412327324954
1.0,0.3358561093791725
1.0,0.80519763021269
0.0,0.06363131159386383
1.0,0.7712325757053851
0.0,0.38341850876484795
0.0,0.2148868155132086
1.0,0.6157318441508198
1.0,0.4277682075446941
1.0,0.4226493518200021
1.0,0.26199792019070983
1.0,0.5113185663894722
1.0,0.8672474762469322
0.0,0.7007331488152035
1.0,0.27731346139618707
1.0,0.8503243758278691
1.0,0.7352618735678708
1.0,0.22802498797081053
1.0,0.28114602917097825
0.0,0.7632154240088841
0.0,0.9297467907181133
0.0,0.15100867221511863
1.0,0.9331353238541564
0.0,0.055817552712523436
0.0,0.904464420957521
0.0,0.13298516421390005
0.0,0.16290298015510077
1.0,0.7860311171792217
0.0,0.330911555755
1.0,0.7908744352669994
1.0,0.896731820238348
0.0,0.9047792221498896
1.0,0.4212603886472914
0.0,0.10747597843552666
1.0,0.7056236279176702
1.0,0.9049333068776122
1.0,0.14593467301168137
0.0,0.06262628451511268
0.0,0.5750185276253782
0.0,0.4255241131487437
0.0,0.2482181911051952
0.0,0.6682232084572144
1.0,0.4526069506971729
0.0,0.55646559939464
1.0,0.5528276571594175
1.0,0.9088502379932476
1.0,0.6544136075529685
1.0,0.6452242478711231
0.0,0.17800288489764882
0.0,0.05516181072884516
0.0,0.65011462052332
0.0,0.4880408524806649
0.0,0.4535879521938584
1.0,0.8376397801282961
0.0,0.3143137542369649
0.0,0.4052425492744096
1.0,0.27567052453703617
1.0,0.7919782200535938
0.0,0.22613382948379507
0.0,0.11348607142977513
0.0,0.4351096042101217
0.0,0.5420390562707483
0.0,0.2630301945477804
1.0,0.7366440506132207
1.0,0.6645938300361715
1.0,0.7924058740801239
1.0,0.27431712942965614
0.0,0.09528853295151998
0.0,0.14914751575685128
0.0,0.25760007590235484
1.0,0.6259505855992855
0.0,0.04531948490055143
0.0,0.22446690255144772
1.0,0.514744275939316
0.0,0.7133974265669101
1.0,0.7243176376919791
1.0,0.356524910689819
1.0,0.8255910181110573
1.0,0.7056487080957806
1.0,0.8305582552042081
0.0,0.03460748495911726
0.0,0.783432688473578
1.0,0.8843993219596947
0.0,0.3759883999751173
1.0,0.5505323660362217
0.0,0.034487251464384444
0.0,0.03419629648097145
1.0,0.4446250777009501
1.0,0.23628902997200676
1.0,0.8381547218979007
1.0,0.7064670443371084
0.0,0.5890273008643947
0.0,0.6510996479547824
1.0,0.18336865257496096
0.0,0.2602116615471759
1.0,0.9051326168632516
1.0,0.6251596992532094
0.0,0.3853691665495629
1.0,0.4350769040114625
1.0,0.6789806069091139
0.0,0.7148991916659279
0.0,0.43465933275864627
1.0,0.17302223382471985
0.0,0.09869126267479739
1.0,0.9152957542213553
0.0,0.09248062255950583
0.0,0.6851676256837266
1.0,0.8764424073734929
0.0,0.6022238566914292
1.0,0.5867158355820504
0.0,0.44335310993293403
1.0,0.5778654340590279
0.0,0.5118889679687053
0.0,0.21909663779268024
0.0,0.2659616204813166
1.0,0.5940124605149811
0.0,0.19737989794247657
0.0,0.3346835677713617
1.0,0.7993806242322161
0.0,0.4702814417242936
1.0,0.45790134819563266
0.0,0.0928658005244112
1.0,0.7943591683713354
1.0,0.3705235147389554
1.0,0.8236989296840564
1.0,0.9208919735933342
0.0,0.3929382464296343
1.0,0.9133748416621964
0.0,0.06718479669650648
0.0,0.7835271491561536
0.0,0.3331004200731097
1.0,0.2740128120657304
1.0,0.7174122567556979
0.0,0.4495034538922511
1.0,0.552669418004195
0.0,0.7097267677243583
0.0,0.4126699606810616
1.0,0.337252382005053
1.0,0.2707705798696224
0.0,0.3419157327329589
0.0,0.20961257897634022
1.0,0.5953589424805488
1.0,0.7413567623289644
0.0,0.43030687477376706
1.0,0.06393838634843964
0.0,0.1549207541596906
0.0,0.4738572082760316
1.0,0.8449309413771708
1.0,0.8831240260001576
0.0,0.28613612671892874
1.0,0.4249094789341267
1.0,0.7251898147933433
0.0,0.03834316635070562
0.0,0.03540251101820522
0.0,0.9170540592847984
1.0,0.8105547307735373
1.0,0.739183760551748
1.0,0.9054073787292584
1.0,0.8234939599492919
0.0,0.2042418896205853
0.0,0.056449510204685194
1.0,0.8326315747110139
0.0,0.14499315016629213
0.0,0.47846124873163964
1.0,0.9704364603858
0.0,0.35097557408346614
0.0,0.5142402263389562
0.0,0.6934685653365138
0.0,0.06281426037550251
0.0,0.08091018746142008
1.0,0.8966668599115548
1.0,0.7898323906854143
0.0,0.07154346300782155
0.0,0.28852377740859175
1.0,0.9537689013563639
1.0,0.743195319485059
0.0,0.16272826572842905
0.0,0.1083810349643765
1.0,0.8084144992789056
1.0,0.940884016027284
1.0,0.7781017465782536
0.0,0.09804492356882862
0.0,0.47546187118570715
1.0,0.9422048006243513
0.0,0.13899210890124805
1.0,0.664927237468219
1.0,0.775650808538524
0.0,0.23783758326452056
0.0,0.5625064372022343
1.0,0.6521844314179708
1.0,0.9409575033915399
1.0,0.48617982275240246
0.0,0.07967712087997078
0.0,0.4315895866466221
0.0,0.0351686726861815
0.0,0.3591315335929894
1.0,0.16391810315865274
0.0,0.515731567999438
0.0,0.1934604216831698
1.0,0.8364607882302845
1.0,0.6303877204584881
0.0,0.4257407984580078
1.0,0.9536608577892595
0.0,0.37943969412273937
0.0,0.578109758203903
0.0,0.07367859810505446
1.0,0.6442334783886062
0.0,0.16965175501713717
0.0,0.010920126031337525
1.0,0.8783494387404603
1.0,0.4591401201291694
0.0,0.32140514148355515
1.0,0.7813451077714503
1.0,0.9191000120251406
1.0,0.2716463790298776
0.0,0.12916676722454135
0.0,0.5872567781768737
1.0,0.8056454086190744
1.0,0.8708185312356265
1.0,0.5763641015274056
1.0,0.612665389012905
0.0,0.5308242064228079
1.0,0.8244050264234
0.0,0.38955453612503876
1.0,0.9605622242806812
1.0,0.18529581061565817
0.0,0.7612765155583084
0.0,0.8973669697305371
1.0,0.9586678147245479
1.0,0.7217674839899592
1.0,0.9120833325824147
1.0,0.7665989910243163
0.0,0.326287732425536
1.0,0.16860668942097262
0.0,0.2927159139833807
0.0,0.10710944667540327
1.0,0.6100620169501697
0.0,0.2028517734305812
1.0,0.7489666541784445
1.0,0.6173152055783135
1.0,0.9313421080653299
0.0,0.16340277404635095
1.0,0.8327165053357859
0.0,0.855730750741863
1.0,0.5756906967838465
0.0,0.0190786199989175
1.0,0.7236574026110868
0.0,0.768658182518031
1.0,0.7109819195624023
1.0,0.9529401387563942
1.0,0.5635701867401738
1.0,0.4158458251647831
0.0,0.5983693000347488
1.0,0.9307368309671576
1.0,0.5685665068511261
1.0,0.29208678729294096
0.0,0.5685007956716779
1.0,0.7773932364203539
1.0,0.7863130827184212
0.0,0.408407695010235
0.0,0.09169441827533013
0.0,0.6909388565026099
1.0,0.5045978538461535
1.0,0.4589796246429396
0.0,0.05425917321162937
0.0,0.09213022017943039
0.0,0.05379739689915556
0.0,0.7061859497550887
0.0,0.30571886606759896
0.0,0.11076193027714219
0.0,0.6398010756588216
1.0,0.6807559974535714
0.0,0.3175112119526565
1.0,0.8680438725906909
1.0,0.6972664657576009
1.0,0.8117203894949709
0.0,0.05012759319364763
0.0,0.10369550933586011
1.0,0.6540997056087359
1.0,0.2784731627470856
1.0,0.48107668085101196
1.0,0.1672442122981287
1.0,0.6526424108956168
0.0,0.0437296963785937
1.0,0.3561544677321325
1.0,0.768707320951361
0.0,0.09982721372858455
1.0,0.4335159816532177
1.0,0.5273569939680164
1.0,0.7693815756640037
0.0,0.1759726768765939
0.0,0.7649531127582089
1.0,0.719093295731768
1.0,0.51418936389716
0.0,0.5054103614644597
1.0,0.7455544447025974
1.0,0.10550609172872032
1.0,0.6625381456367421
0.0,0.6650198320134045
1.0,0.5739252865087624
1.0,0.7865276209019841
0.0,0.30322066111185464
0.0,0.33594150920188515
1.0,0.7026329591323269
0.0,0.06427646738666026
1.0,0.7200287513428203
0.0,0.04381069887533208
1.0,0.7873282826605316
0.0,0.2613282908026525
1.0,0.6571460289273034
0.0,0.48152830632486543
0.0,0.3952753319969823
1.0,0.8957194810969132
1.0,0.175807848373117
1.0,0.8479316557078999
0.0,0.5314018583786919
1.0,0.9749134043998234
0.0,0.5230134207321808
0.0,0.6351204259417729
1.0,0.7050677900540814
0.0,0.3738723011524288
0.0,0.18452866608705273
0.0,0.8518997193699076
0.0,0.3284704424530382
1.0,0.41198406242127716
0.0,0.23806032135173863
1.0,0.9029397258815248
1.0,0.8993203879913892
1.0,0.5564332540364294
0.0,0.20782188116610265
1.0,0.4211174162191408
0.0,0.42694624426838224
1.0,0.39662099224927944
0.0,0.44154665723214415
1.0,0.953083424793923
0.0,0.4772771283648294
0.0,0.2960798433211399
1.0,0.783597822139113
1.0,0.9218586971776301
0.0,0.14874748096792803
0.0,0.3856423909110842
0.0,0.1124905863635298
0.0,0.5241156853037032
1.0,0.5591007253373135
0.0,0.5606010046483079
1.0,0.5967301094630049
1.0,0.7215088415504596
0.0,0.02173479378227276
0.0,0.15838246009452034
1.0,0.31099011832248663
1.0,0.2867552082712402
1.0,0.7785976017644336
1.0,0.2942692270017494
0.0,0.4810248077463437
1.0,0.9778898585552959
1.0,0.8046047779721851
1.0,0.6752946443451233
0.0,0.03710604903708068
1.0,0.7448595103317797
0.0,0.3173535003756078
0.0,0.8651084564288543
0.0,0.40775564441091966
1.0,0.6169587564419622
0.0,0.05120294305828961
0.0,0.09226050452597172
0.0,0.7248861177199414
1.0,0.5135771680069939
1.0,0.9697086401898247
1.0,0.9418862095761498
0.0,0.6006418889554115
0.0,0.6956109919252775
1.0,0.5813848410495
1.0,0.13912555101746957
1.0,0.5835115845353646
0.0,0.5368832054801309
1.0,0.38549968057076106
0.0,0.18309628394917354
1.0,0.9120864807223111
1.0,0.7543972094227662
0.0,0.10468769139625292
0.0,0.16318408967521764
0.0,0.07151528992250504
1.0,0.615502707301088
1.0,0.8006526163043652
1.0,0.7277619169004593
1.0,0.15633791625454688
0.0,0.15569224519363922
1.0,0.7307990166618925
1.0,0.6143956256986756
1.0,0.3499751594734456
0.0,0.8891863938990935
1.0,0.5969935532632289
0.0,0.48219794053208287
1.0,0.8417126951312507
0.0,0.3019457180627089
1.0,0.3346188432500385
0.0,0.864262495992902
1.0,0.8616746027765293
0.0,0.1279039373855545
1.0,0.8841798481655108
0.0,0.9002893700537752
0.0,0.1439498286628942
0.0,0.04495956478485421
0.0,0.5834914492547769
0.0,0.4976012861358524
0.0,0.3082037605355547
1.0,0.6244183479220023
1.0,0.8335417720344827
1.0,0.4847970240877753
1.0,0.5999480794585763
0.0,0.34593437645273595
1.0,0.8201230727479294
0.0,0.4949029298192154
0.0,0.3218174055110054
0.0,0.12724646485916152
0.0,0.03416002763716676
0.0,0.07404514640989258
0.0,0.41066746572954693
0.0,0.63741481779461
1.0,0.9452491545136315
1.0,0.6887762980063254
0.0,0.2945994179309911
1.0,0.7629653348000623
1.0,0.24324676084486022
1.0,0.3082441083551025
1.0,0.9569104041792499
0.0,0.7803823905301737
0.0,0.28071292121008684
1.0,0.8980741309577901
1.0,0.610863491123201
0.0,0.02292718793018406
0.0,0.08295394903221977
1.0,0.5828766207172401
0.0,0.16255485893096328
1.0,0.6889772058570257
1.0,0.4472875931993201
0.0,0.7084293282366516
1.0,0.3693620783465325
0.0,0.7125948092608525
0.0,0.5071407258367032
0.0,0.27028661977229396
1.0,0.5454465588154742
1.0,0.49982325807988026
1.0,0.7350011753818195
0.0,0.08920843149775608
0.0,0.16271525641025322
0.0,0.9111952802196635
0.0,0.036963503056628426
0.0,0.7438075041957829
1.0,0.39052814863286206
1.0,0.7186139453959955
0.0,0.2158112873886117
0.0,0.2848663892555405
0.0,0.12747347248695
0.0,0.19507288931277214
1.0,0.39948897023555313
0.0,0.29498060752707256
1.0,0.43843326461212845
1.0,0.88376396446101
1.0,0.5341994293626611
0.0,0.24971861499923312
0.0,0.7537479070250975
0.0,0.4764163168884898
0.0,0.47859690462239535
1.0,0.4801992801393308
1.0,0.7692351155061192
1.0,0.597318434903953
1.0,0.8938151655743567
1.0,0.7476997145038576
0.0,0.7759274473395857
1.0,0.2959693235019464
0.0,0.38057954637328434
0.0,0.34060095737537704
0.0,0.2521819693844704
1.0,0.7287133058720102
0.0,0.720884125318474
0.0,0.03398523625576292
1.0,0.8201148986509439
0.0,0.22149938710717232
0.0,0.6090411131500066
0.0,0.09725508528600726
0.0,0.03044775887635592
0.0,0.026225845158915306
0.0,0.2717103360624342
1.0,0.7155383747894667
1.0,0.7601563452383575
0.0,0.28890902319972955
0.0,0.17332495188081307
1.0,0.9731498604040716
1.0,0.8573285675703641
0.0,0.127623178750206
